true_label,pred_label,prob_fake,source,idx,text,tsne_x,tsne_y
0,0,2.9094095225445926e-05,iam,7957,commerce may be kept going - though if ever,-10.11708,-42.686348
0,0,0.00017920164100360125,iam,9341,"' Be silent , woman , and listen , ' Band Appa Bondi said .",-3.2107692,-7.3365197
1,1,0.9999094009399414,emuru,8143,"Easterly winds , on the other hand ,",9.040536,32.534275
1,1,0.9997180104255676,emuru,10368,"just dusty-grey but muddy , slimy even .",7.7048492,29.82068
0,0,4.764460391015746e-05,iam,8651,needed taxation in order to supplement,-10.76337,-22.477715
0,0,9.51316633290844e-06,iam,9756,glance at him . Evidently the other occupant,-0.9013373,-40.28887
1,1,0.9999427795410156,emuru,7811,that children should be molly-coddled - they must be made,18.92952,22.967731
0,0,0.001205283566378057,iam,8369,The truth is that good food offers a,-4.607336,-29.86456
1,1,0.9999570846557617,emuru,8669,was quite alien to mediaeval thought - its,-13.71707,27.874704
1,1,0.9991992115974426,emuru,10289,coronary . And in that second,6.898645,53.09138
1,1,0.9999816417694092,emuru,10203,"Junior Medical Officer . "" You won't be free about nine , I",-5.7302423,23.862068
0,0,2.9766100851702504e-05,iam,9447,make a direct comparison between the radar,0.5766011,-26.715202
0,0,4.10991788157844e-06,iam,7551,"bar , and there are cases where spacing is used as",13.186121,-23.10432
0,0,0.00016227079322561622,iam,9614,"with Sir John ? "" she enquired cuttingly .",-11.825053,-37.411053
1,1,0.9999827146530151,emuru,7499,"The film replaced "" What 's My Line ? "" and "" Be My",-7.091631,49.1419
0,0,5.47044983250089e-05,iam,9523,ignorant child .,-5.6284404,-31.411291
0,0,2.9258701033541e-05,iam,9234,Morfyyd Owen was already qualifying for,-15.4398775,-13.579677
0,0,1.822543708840385e-05,iam,9777,"strangers - that 's right , John , isn't it ? "" "" My",-14.049418,-34.24857
1,1,0.999984860420227,emuru,7983,sympathy with the young wife,7.244583,45.873318
1,1,0.9990060925483704,emuru,9077,not submerged beneath a deep natural atmosphere .,11.6934595,21.636354
0,0,6.560720066772774e-05,iam,9300,his Eth . Morfydd thought of Dai . The,-6.0075006,-33.17763
1,1,0.9999171495437622,emuru,7761,the throne . He was quite prepared to be,14.025594,23.09828
1,1,0.9996103644371033,emuru,7794,mutual . But Laud was no Romanizer . One of his,9.818292,30.604143
0,0,3.0048029657336883e-05,iam,7790,Prayer Book in 1637 . Significantly this made,0.13993306,-46.72382
0,0,0.00012533190601971,iam,8366,"banquets of later days , when the table",14.75252,-22.493366
0,0,7.270296919159591e-05,iam,8816,"and Red Flag badge , thus presenting a much",-4.272922,-50.489395
0,0,7.92251194070559e-06,iam,7574,information is contemporaneous with the New Testament .,2.359095,-32.416035
0,0,3.741885666386224e-05,iam,10043,laid his hand on hers . Gay smiled at him,9.370228,-20.734556
1,1,0.9999724626541138,emuru,8107,In this 200-fathom trench the herring do not touch the bottom .,-1.888743,12.462352
1,1,0.9999821186065674,emuru,9612,But Forrest might at least have tried . He 's,1.6341815,18.372663
0,0,0.00018985946371685714,iam,8034,need for the text of the angel are quoted,-11.656116,-9.620972
0,0,0.0010528378188610077,iam,10194,liked during his off-duty periods,-4.2876463,-11.612863
1,1,0.9999401569366455,emuru,9672,black eyes showing any emotion . With a,5.61802,31.348007
0,0,0.014323734678328037,iam,8862,"with a book on the life of Marx ,",-1.1716597,-8.137937
0,0,5.1007555157411844e-05,iam,7515,and who is now being pluckily convivial,-0.8875366,-33.799736
1,1,0.9999626874923706,emuru,8517,"science of cookery , however , is",-11.682008,38.65197
1,1,0.9999338388442993,emuru,10282,"And as he spoke , the thought",8.356512,24.533043
0,0,0.00034362729638814926,iam,7709,"are used on Passover , to depict the "" time of our freedom "" .",0.38601235,-17.465523
1,1,0.9999872446060181,emuru,8766,"such as serpents , frogs , and the like .",-0.73910767,39.3965
1,1,0.9999536275863647,emuru,8279,"The Merstham Tunnel , on the London-to-",7.5809436,44.657337
0,0,2.2279047698248178e-05,iam,8078,revived with designs suitable for contemporary,-0.023396632,-42.091896
0,0,9.184426016872749e-05,iam,9343,"rays , not seen or felt , which change our bodies .",0.8346713,-10.540338
1,1,0.999954342842102,emuru,8476,"alive , dipped in treacle and swallowed",8.684266,35.112827
1,1,0.9997901320457458,emuru,8332,would not do ; nothing an American would not,12.974141,29.142897
0,0,1.5675343092880212e-05,iam,9674,"Willie Kim was speechless , only his slant",-5.6197467,-15.765884
1,1,0.9997456669807434,emuru,9626,on the estate was a major error :,10.387643,50.180843
1,1,0.9998742341995239,emuru,10050,"would never be jealous again , would even take Larry's advice and",5.0727105,38.46991
0,0,2.9293010811670683e-05,iam,8344,ladies toying with these primitive morsels in the,4.496571,-37.920135
1,1,0.9999127388000488,emuru,7504,strike . It showed Britain today through the eyes,-3.7895885,43.147926
0,0,8.1714715634007e-06,iam,7915,to live a day at a time . Even those who,-19.044855,-35.67746
0,0,1.0898067557718605e-05,iam,7491,"him of his ugly battle-dress , to leave him for",-0.006727694,-36.98081
1,1,0.9995457530021667,emuru,8707,officials had formerly made private bargains,18.211851,27.338417
0,0,0.00019141961820423603,iam,8207,named Brown .,-14.586956,-28.025963
1,1,0.9999918937683105,emuru,8204,"which to proceed , and the inquest was",7.489471,50.059174
0,0,4.8952646466204897e-05,iam,8653,taxation not merely for defence and,0.36004838,-29.150137
0,0,4.006549261248438e-06,iam,10049,"moon was just rising over the rocks , then",15.417467,-26.137554
0,0,9.777233572094701e-06,iam,9237,""" Where are we going , Mam ? "" inquired little",7.2923675,-37.932156
0,0,3.196900070179254e-05,iam,8773,contraction of the ventricles . Going on in Chapter Three,-2.2351928,-25.190506
0,0,0.0003587822720874101,iam,9862,""" Ever been to Fleet Street ? "" asked Bawley .",-7.990447,10.139032
1,1,0.9992903470993042,emuru,7953,aimlessly along is more wearying than any-,12.436703,23.145834
0,0,0.00023010662698652595,iam,9857,give me a ring at this number and I 'll,-3.4433415,-10.871143
1,1,0.9998475313186646,emuru,8655,"crown lands , the fees of feudalism",4.0516863,36.5389
0,0,2.4052949356700992e-06,iam,8237,yet so strange were the circumstances that it was,3.9517052,-32.60579
1,1,0.9988479614257812,emuru,8650,those in authority to find some simple,-22.027308,29.59634
0,0,1.3747666343988385e-05,iam,8248,"of a railway will be worse than Ipecacuanha , """,4.4322248,-30.248287
1,1,0.9999498128890991,emuru,8634,"Calais , Cherbourg , Brest , Bordeaux and Bayonne ,",18.182941,28.463923
0,0,0.0005952039500698447,iam,9937,"unreadable as a rock . "" Let 's get over to the",-12.738529,-20.505033
1,1,0.9994338154792786,emuru,8028,texts to support the thesis of R. Joshua b. Levi .,10.717199,34.455956
1,1,0.9998132586479187,emuru,9221,precious than jewels . Though Mofydd Owen,8.584936,52.272655
0,0,4.975936099071987e-05,iam,8540,waxed enthusiastic about Bouilla-,-11.9649935,-26.279625
0,0,8.862136746756732e-05,iam,9035,"Finally , being so obviously on their own ,",11.007372,-14.004797
0,0,0.00018706789705902338,iam,9626,on the estate was a major error :,-10.80737,-14.2129135
1,1,0.9998316764831543,emuru,9307,On the back seat Stan Hayball embraced,5.579852,21.874544
1,1,0.9998639822006226,emuru,8822,"on West Street , where a successful Sunday",18.104132,29.894243
1,1,0.9999966621398926,emuru,8946,"over his head and yawned agape ,",1.5639292,42.039932
1,1,0.9999634027481079,emuru,7992,into a dull routine . I have great,-0.011981173,19.854864
1,1,0.999885082244873,emuru,8486,"it and dry it , in which form , dusted",5.292422,35.095108
1,1,0.999847412109375,emuru,9636,"would be 3"" plenty , plenty sad "" not to be back",2.124948,44.903248
0,0,0.0002639409794937819,iam,9210,"reasonably . "" Start running punctual and where are you ? People get",-17.300646,-43.295776
0,0,1.952651837200392e-05,iam,9787,""" Oh , the Press , "" said Seaweed . "" Down here on business , Mr.",8.118899,-32.093586
1,1,0.9999547004699707,emuru,8066,' The Holy Spirit manifested itself in three places :,-7.694767,43.08549
0,0,0.00010811902029672638,iam,9197,"trees and bushes , that stood well out over the lake .",-13.334287,-27.111801
1,1,0.9999955892562866,emuru,7542,written in Greek . A modern text of the,4.7704825,45.717655
1,1,0.9999353885650635,emuru,10291,will contact your new doctor,9.743303,25.356493
1,1,0.9999923706054688,emuru,7971,"As it is , with so much of our life already",-15.845846,41.145836
0,0,1.5024543245090172e-06,iam,7840,the way to face life . To see all the latent,-11.781441,-29.24928
1,1,0.9999809265136719,emuru,8701,"first , the Church , which wisely followed the lead",-5.121471,15.03012
0,0,0.00019464622891973704,iam,8122,be accidental . Yet there will always be some,-9.149338,-15.156781
0,0,1.0535710316617042e-05,iam,9183,"any rate they remained with us , perhaps",9.581547,-17.65546
0,0,0.0020621400326490402,iam,10209,dancing with a blonde at eight-thirty that,-7.0995,-7.2310815
1,1,0.9999991655349731,emuru,7654,"Then the whole earth will be His Altar . "" And it",13.771221,42.095654
0,0,0.0010209905449301004,iam,9196,"was impatient for it . This afternoon , then , we climbed",-14.742667,-19.829834
0,0,2.5324823582195677e-05,iam,8466,"According to Pliny , and others , certain herbs",11.572749,-35.676437
0,0,1.8246482795802876e-05,iam,7734,how to live and accept all the bitterness,9.887309,-24.460217
0,0,5.490000330610201e-05,iam,8396,delicacy - sought inspiration at last from,3.4775264,-24.10195
0,0,1.7039625163306482e-05,iam,8640,then the primary essential to the success,-2.3586695,-31.02373
1,1,0.9993938207626343,emuru,9201,""" Good-bye , Dai , "" said Morfydd , smiling from the bottom step .",14.144042,16.23169
0,0,0.00027427024906501174,iam,10192,Now Nigel had every right to go where he,-12.492172,-15.423446
0,0,3.053005275432952e-05,iam,8988,"know . Now , because of prior hypnosis we have es-",4.743141,-38.78822
0,0,0.0001707003393676132,iam,8266,victim was a woman .,-15.566721,-27.112934
0,0,0.00020551653869915754,iam,8959,apartment he garaged his car and then stood,-3.3840456,-50.299614
0,0,1.5123737284739036e-05,iam,9105,"as a statesman . """,13.097832,-18.287815
0,0,3.5475368349580094e-05,iam,8189,essential to catch round fish whose,8.53533,-21.735823
1,1,0.999884843826294,emuru,9580,"from him to fondle Judy , who , sensing something",5.708769,23.09881
1,1,0.9998595714569092,emuru,8519,proportion as exists among her,6.927049,52.219204
1,1,0.999995231628418,emuru,8446,they broke fresh ground and called another sense,-16.0478,25.350355
1,1,0.9999926090240479,emuru,7705,back .,-14.341363,39.507946
0,0,0.00021042570006102324,iam,9238,""" Damned if I know , boy , "" said the driver .",13.658069,-27.814991
0,0,8.17837099020835e-06,iam,7912,held a high and responsible office lived in,-8.467331,-26.437178
1,1,0.9991474151611328,emuru,10288,of Philip lying in the other,6.7830915,25.859774
1,1,0.9999760389328003,emuru,8128,But this southerly migration is not,5.279738,20.303564
1,1,0.9980804920196533,emuru,8869,"This opened up a new interest , and we plunged",10.962709,28.635983
1,1,0.9999860525131226,emuru,8481,Among the natives of Northern Australia lizards,-2.358271,23.341764
0,0,5.3308922360884026e-05,iam,8458,fainting appetite and added a more exquisite and,4.049216,-29.716728
0,0,0.00030500852153636515,iam,9621,""" You think you could have carried more weight",-6.1723385,-50.348152
1,1,0.9999480247497559,emuru,9199,heart that Morfydd was leaving him as surely as she was leaving Dinas .,13.164296,33.27295
0,0,3.463732355157845e-05,iam,9339,the Heavy World become changed . Some die . Most live,1.533848,-18.706465
0,0,0.00018735474441200495,iam,9491,miles .,-3.8090463,-46.968777
1,1,0.9999308586120605,emuru,9902,"for a hold-up as any , "" he said , reining in",17.862892,31.26896
0,0,2.1649817426805384e-05,iam,9403,with their wings soon died away as the wonderful,3.2473977,-10.871449
0,0,0.003392503596842289,iam,9087,One wondered if this greater awareness of the physical cosmos might,-10.009342,-10.758729
0,0,0.00013377134746406227,iam,10268,"They often had such a rendezvous , for",-15.000976,-16.90903
1,1,0.999745786190033,emuru,9589,"You see , it was , apparently , through a mistake",18.323343,26.498495
1,1,0.9999889135360718,emuru,8554,"household . Thackeray , of course , waxed enthusiastic",-0.4580652,49.65539
1,1,0.9997860789299011,emuru,9745,"famous Portsmouth hostelry , second only in historic",2.5072672,15.261894
0,0,5.272407361189835e-05,iam,9668,being flung against the huge boulders did the judge,-9.865358,-17.75412
1,1,0.999957799911499,emuru,10345,then Philip was so certain that Nicholas,7.783142,33.34411
0,0,4.283725138520822e-05,iam,8238,hazardous business .,-11.021931,-22.390598
1,1,0.9999963045120239,emuru,8758,The only concession made in view of the,3.4003286,26.340132
1,1,0.9830475449562073,emuru,9906,But I reckon they 'll be too busy shooting at,6.390168,54.406185
0,0,8.114015508908778e-05,iam,9902,"for a hold-up as any , "" he said , reining in",11.926134,-40.492027
0,0,2.251892874483019e-05,iam,8173,"it , swimming at the same speed",7.7830367,-35.680866
1,1,0.9999960660934448,emuru,9651,did not act as though he found it necessary,11.841817,44.92943
0,0,5.674988642567769e-05,iam,7798,led us to believe . Laud was enthusiastically hated,1.4648637,-11.343164
1,1,0.9999977350234985,emuru,7806,a sense of reverence . The Prayer Book was to be respected,-8.813043,39.33761
1,1,0.9997058510780334,emuru,9926,down with a shotgun outside the Palace,2.4648721,34.36237
0,0,5.136153049534187e-05,iam,9152,"if you ask me . Might be jaguar , might be ...",-3.8163893,-31.846249
1,1,0.9999419450759888,emuru,9603,Beryl tried to suppress the thought that this was,16.77232,23.936281
0,0,2.0531369955278933e-05,iam,8567,and a bowl of milk .,3.0236986,-44.2226
0,0,2.5096996978390962e-05,iam,8008,the comment of Rami bar Rabh is quoted,6.1151104,-40.553844
1,1,0.9999974966049194,emuru,8809,12 o'clock at night . At that time pastries and buns,10.10179,52.111538
0,0,0.0005272728740237653,iam,10096,with the cigarette packet which lay on the table,-11.932809,-11.649715
0,0,2.613757169456221e-05,iam,7544,text with absolute precision .,6.57846,-44.8763
0,0,2.599292747618165e-05,iam,8298,"Both her wrists bore the marks of severe bruising ,",13.840427,-21.940342
0,0,4.79823793284595e-05,iam,7952,we would find life considerably less exhausting,-3.7810838,-45.84579
0,0,0.00047523490502499044,iam,8229,"a verdict of "" wilful murder against some person or",-8.648124,-7.2166257
1,1,0.9997168183326721,emuru,7933,"homes . It is easy , desperately easy , to lead",-14.00773,43.48387
1,1,0.999883770942688,emuru,8986,"take charge , as it were , of the minds of the",-8.590035,30.582644
0,0,2.710704575292766e-05,iam,9064,a Mocrat Senator with a seat on the,-4.7635574,-20.57488
0,0,5.920302555750823e-06,iam,10074,seeming to clutch her heart . Gavin was,0.9070816,-32.284092
1,1,0.9996827840805054,emuru,9499,asking Jack - as a representative of the Vallin family -,23.306149,25.168211
1,1,0.9999897480010986,emuru,7817,unnecessary its fears were .,-22.035263,29.598536
0,0,5.495468940353021e-05,iam,9198,""" Good-bye , Morfydd . "" He sought to enfold her in his arms . But he was too late .",-16.67615,-43.41266
0,0,1.2616278581845108e-05,iam,8692,means of that ' staple ' system which ensured that,0.7363967,-39.87567
0,0,2.089184636133723e-05,iam,7571,The other form of book was the codex . In this the,-11.384838,-32.1586
0,0,4.669153713621199e-05,iam,7985,To have order does not mean getting,-11.176885,-40.94321
1,1,0.999984860420227,emuru,7500,British personalities . Among them - Professor,5.7091703,46.09704
1,1,0.9994586110115051,emuru,9997,"boy , then a young youth . He saw himself refusing",13.67086,20.164133
0,0,1.4673598343506455e-05,iam,9874,talkative lady Madeleine respected her husband's,6.772374,-33.41726
1,1,0.9999420642852783,emuru,9675,""" My God ! "" the judge cried out . "" The boy",-11.847925,27.983164
0,0,8.233408880187199e-05,iam,10143,broken arm .,7.1508255,-19.673178
0,0,5.0758335419232026e-05,iam,8504,"and of Goja : it is vivid , highly coloured , sometimes",8.491418,-23.929678
1,1,0.9998838901519775,emuru,7773,able to render an account of their faith according,18.188147,20.145039
0,0,6.762229168089107e-05,iam,7896,"inability to deal with life , especially under",-15.166459,-35.20625
0,0,0.00028496995219029486,iam,9925,With something of a start I remembered the,-11.404957,-15.694607
0,0,3.8996990042505786e-05,iam,7600,enlarged to become reservoirs or cisterns in,10.8825,-35.86642
0,0,9.818887338042259e-05,iam,8808,dously hard work was if anything intensified . George used to,9.839274,-16.014595
1,1,0.999885082244873,emuru,9839,"Service matters . """,-7.13346,27.39942
1,1,0.9999735355377197,emuru,8532,and aesthetic as well as physical . There is the same finesse,-9.753528,27.030514
0,0,6.724713603034616e-05,iam,8479,peoples have a high opinion of the octopus,8.285691,-21.00769
1,1,0.9997063279151917,emuru,10008,"hunted eyes , as if the poor fellow had rocks in",-5.282443,33.042744
0,0,6.64975277686608e-06,iam,8241,"The next female fatality occurred eight years later ,",3.198765,-26.574327
0,0,4.5491306082112715e-05,iam,8429,"how to do it , too : - When the languid flames at",9.164004,-26.881418
1,1,0.9999691247940063,emuru,9252,"he cried . "" Never mind your immortal",3.4308195,24.94349
0,0,4.518890273175202e-05,iam,8255,"immersion in gloom , and the clash of reverberated",3.6120987,-26.221972
1,1,0.9999979734420776,emuru,7959,it becomes possible to work out a system,15.628203,41.55696
1,1,0.999847412109375,emuru,10285,room filled him with a re-,11.994365,18.7105
0,0,1.5219940905808471e-05,iam,9778,printed at the head of most naval articles,-2.3732603,-43.75311
1,1,0.9999656677246094,emuru,7616,Such a Shamir possesses the real acid,-2.580885,52.792274
1,1,0.9998346567153931,emuru,8052,whether the Heavenly Court concurred,5.179676,18.208584
1,1,0.9987640380859375,emuru,9736,"what he likes . Anyway , why pick on you to succeed",14.271988,32.157734
0,0,1.9697239622473717e-05,iam,7715,"so are we deficient without spiritual knowledge , and to",13.233888,-34.652496
0,0,0.00033067751792259514,iam,8673,"booty , a new group of Lords might oust",-11.308848,-22.203136
0,0,5.354205859475769e-05,iam,10197,"found they were off duty together , and",-7.805928,-31.576223
1,1,0.9999443292617798,emuru,10030,went quickly back to fetch them .,-11.537691,41.352375
1,1,0.9999252557754517,emuru,10190,when she was not free ; this much they had,-12.074134,35.76511
1,1,0.9999761581420898,emuru,9825,"John flushed . "" I 'm not in need of charity . "" "" Come",20.538164,32.949524
0,0,1.0430619113321882e-05,iam,7917,that it taxes the mind . Two hundred,-5.017062,-46.286316
1,1,0.9999613761901855,emuru,10103,and no doubt he would come back soon and,-6.8499317,18.408865
0,0,2.9867129342164844e-05,iam,9590,hardly have spoken with more contempt .,-12.527249,-50.94611
0,0,1.7265556380152702e-05,iam,8370,"dishes , and for all the blossoming of the",11.969865,-17.003298
0,0,1.4277126865636092e-05,iam,9059,"salary raise , on the expectation of which they",-16.634382,-27.097486
0,0,0.00027069615316577256,iam,8140,but quite apart from this wind effect,-11.444792,-42.118332
0,0,1.8272428860655054e-05,iam,9347,"stubbornly , throwing himself down . But Lily-yo and",-6.1588883,-16.0117
0,0,3.9759277569828555e-05,iam,8341,the progress of civilisation which allows a dish,4.933919,-30.91218
0,0,1.6937914551817812e-05,iam,8192,"small , a matter of a foot or two . With round",-12.542555,-25.138071
0,0,0.0020413012243807316,iam,9408,"Motion there was , but motion without event - except",-3.199544,-7.691647
1,1,0.9999791383743286,emuru,9878,"silences , for she knew they betokened a worry of",-0.1840199,27.991037
1,1,0.9999457597732544,emuru,9253,very moment when we should be,-7.6033416,16.929861
1,1,0.9999605417251587,emuru,8020,already in the hands of the Redactors .,-5.5496387,19.800495
1,1,0.9999839067459106,emuru,8389,nowadays their simplified meals would seem quite,-0.82793444,42.797806
0,0,6.774421490263194e-05,iam,8379,"generously enough in his own fashion ,",8.124478,-23.914461
1,1,0.9999903440475464,emuru,9107,"That 's how he got the votes , that 's how",-9.681341,45.174736
1,1,0.9999594688415527,emuru,9306,"Megan Thomas sat tight-lipped , nursing",3.4719496,19.977266
1,1,0.999940037727356,emuru,8072,One can remember with horror the pictures of the,-4.9375544,26.331184
0,0,2.188713915529661e-05,iam,9013,a new and strange phenomenon .,-11.314766,-33.94022
0,0,4.5394233893603086e-05,iam,10180,"evening , "" If we get married , old girl , you 'll have to stop",-12.529777,-20.028967
0,0,4.3222684325883165e-05,iam,7975,By this means they avoided each,17.26379,-31.847185
1,1,0.9999783039093018,emuru,8956,side to side .,22.713465,30.765207
0,0,7.136555723263882e-06,iam,8364,meal-times of a simpler world to the,-3.2554333,-27.664679
1,1,0.999967098236084,emuru,9115,so sharply in international politics were as abstract,-3.7562146,37.19326
0,0,1.3271463103592396e-05,iam,7950,the end of the day with far less strain if,-7.143989,-44.48931
0,0,0.001924760639667511,iam,7626,The action of the Shamir writes books and their,-1.8082002,-14.549199
1,1,0.9998996257781982,emuru,10075,the terrace thinking that perhaps Gavin,7.1972046,41.35985
0,0,5.243396299192682e-05,iam,9994,and forks and tidying up implements . It might,-8.955986,-43.135284
0,0,3.6053221265319735e-05,iam,8016,R. Joshua b. Levi . The proof text for the,1.6658727,-5.6919847
0,0,8.993371920951176e-06,iam,7966,for this . I know how much of a drag it can be,15.048144,-18.537579
0,0,4.92795788886724e-06,iam,8254,gave others a feeling of danger . A medical journal,-7.5281954,-34.49816
1,1,0.9993535876274109,emuru,7475,"playwright Arnold Wesker . "" Instead , Muggeridge's appointment",13.872829,24.649858
1,1,0.9999964237213135,emuru,8960,A superfluous precaution for there was no other car,-13.467568,23.349804
1,1,0.999987006187439,emuru,7915,to live a day at a time . Even those who,5.410372,47.14927
0,0,3.8050020521041006e-05,iam,9274,regarded this possibility with,-10.90103,-44.177887
1,1,0.999872088432312,emuru,8018,The sugya is built around the saying of,8.286603,42.864162
1,1,0.9999862909317017,emuru,7676,"aside , and serve other gods , and worship them "" ,",-1.3980931,49.614677
0,0,1.9864108253386803e-05,iam,9371,well we can - think . This tribe of the True World,-2.2618191,-25.047712
1,1,0.999992847442627,emuru,8965,The set lighted-up but gave only a low,-18.171307,43.98066
0,0,0.00013528992712963372,iam,10216,""" No , "" she told Phil Gubbins , a junior",-16.693144,-14.121422
0,0,3.961614129366353e-05,iam,9871,"any time - knock twice and ask for Bawley , what ? """,8.506325,-30.932037
0,0,9.550928552926052e-06,iam,8952,"transcendent event , the exalted desire of all",12.407293,-21.243801
1,1,0.9996838569641113,emuru,9711,"inches . Maybe big one four feet ,",-4.3489227,44.7317
0,0,4.8677713493816555e-05,iam,8654,the private wealth of the monarchy,6.511169,-16.260359
0,0,1.597158370714169e-05,iam,9419,Alastair was a bachelor . All his life he had,-4.1400933,-46.822754
1,1,0.9981315732002258,emuru,9630,Their air of smiling somnolence showed them,-8.124985,34.812428
0,0,0.0001317878777626902,iam,7627,"diamond that incises the hardest rock , the hardest",-9.834721,-18.913208
0,0,0.0004522578383330256,iam,8197,the victim and inspecting at Waterloo the carriage,-15.51185,-27.023127
0,0,0.00018288884893991053,iam,7528,"original was written on a roll , or codex , which fell into disorder or was",0.37036613,-49.373898
0,0,1.4502522390102968e-05,iam,9549,""" And I 'm heartily sick of being constantly called",-2.216521,-43.67054
1,1,0.9999896287918091,emuru,9703,drag the boat ashore and turn,4.6224575,23.082369
1,1,0.9999871253967285,emuru,9332,"Mutinous dog , thought the Rev. Edwards , who hadn't",2.9554722,25.943789
1,1,0.9994006156921387,emuru,9361,babies may be born with wings . ' The Captive with,0.75801545,33.098103
0,0,1.538063406769652e-05,iam,8938,"Then , abruptly , he drew himself up",-11.844607,-16.524912
0,0,8.025673741940409e-05,iam,9574,You made some sort of a protest to Graybury .,-4.013177,-49.276024
0,0,4.2771771404659376e-05,iam,8477,"from eating it fresh , squash it , press",11.546228,-28.479692
1,1,0.9999421834945679,emuru,8309,"The girl , who was described as being "" always bright and",-3.49252,42.57342
0,0,2.8955309971934184e-05,iam,8367,groaned under its load of complicated,0.78524303,-33.951164
0,0,1.0783374818856828e-05,iam,8722,attempt to apply a sliding scale to the,-1.6992866,-27.211033
1,1,0.9999496936798096,emuru,7801,"Forever associated with Charles is Archbishop Laud ,",-10.298037,14.56943
1,1,0.9991982579231262,emuru,9210,"reasonably . "" Start running punctual and where are you ? People get",9.2928095,33.074753
0,0,4.5536875404650345e-05,iam,7956,out for forty years I find difficult to understand .,-7.727668,-43.688606
1,1,0.9989075660705566,emuru,8034,need for the text of the angel are quoted,-0.3787389,30.813908
0,0,1.568978768773377e-05,iam,10068,"then caught her breath , a cold hand",0.037491456,-44.0215
1,1,0.999213695526123,emuru,8479,peoples have a high opinion of the octopus,-2.9691155,48.25574
0,0,0.003162246197462082,iam,9607,between what a senior and a junior,2.3683321,-47.585846
0,0,0.00014219289005268365,iam,9007,ting how the Thetan machinations had been,7.4401507,-38.039978
0,0,9.17836805456318e-05,iam,7504,strike . It showed Britain today through the eyes,-1.9131657,-14.817002
0,0,2.7045924070989713e-05,iam,10121,thought you were sensible too . Don't,-5.670516,-28.097553
1,1,0.9998481273651123,emuru,10022,"led the way in . "" The stained glass",3.6337895,21.80819
1,1,0.999996542930603,emuru,9674,"Willie Kim was speechless , only his slant",-15.895806,25.339338
0,0,0.00020028409198857844,iam,10291,will contact your new doctor,-16.400816,-10.131336
0,0,2.9877897759433836e-05,iam,9781,"otherwise than take it . "" Pleased to meet you ,",7.6604257,-35.003002
0,0,4.123847702430794e-06,iam,7782,"definite . It was at this time , too , that King James made",10.13759,-32.49247
1,1,0.9999912977218628,emuru,8118,accidental . Being contranatant or against,6.750087,21.500534
0,0,5.1435548812150955e-05,iam,8788,"thus synchronous with cardiac systole but ,",10.412645,-18.807196
1,1,0.9999833106994629,emuru,9563,to understand all the whys and,-6.9289618,18.562946
1,1,0.9999306201934814,emuru,8588,dish in which it was served . He turned # it over,1.5418372,38.504726
0,0,3.041514901269693e-05,iam,9995,His curious headgear fell off . Strange things,-7.715094,-34.759853
0,0,0.00015516883286181837,iam,7601,orchards to the vital question of water,-10.255493,-41.49189
0,0,1.6481460988870822e-05,iam,9946,colour drawing . Between us and that lay,11.061023,-36.68573
1,1,0.9997826218605042,emuru,9238,""" Damned if I know , boy , "" said the driver .",-10.095536,28.766356
0,0,5.2705578127643093e-05,iam,9510,north of the island .,11.303199,-30.017946
0,0,7.37767040845938e-05,iam,9868,"Master bloody Munyard . "" THERE were six submarines ,",9.092695,-28.800264
0,0,1.3242649401945528e-05,iam,9823,"why should you ? "" "" I see . "" John took the",-5.2720423,-22.875483
0,0,1.98781108338153e-05,iam,8196,"in which she had died , there was nothing on",-13.249793,-31.262281
0,0,0.0001861680648289621,iam,9298,"when he went to Morfydd's house , all",-11.460067,-44.55497
1,1,0.9999959468841553,emuru,8970,"Deadly stillness , deadly portent !",9.724452,50.838955
0,0,4.952805284119677e-06,iam,7749,""" four cups "" to thank the Lord our God for the "" four",2.5910676,-29.939928
0,0,1.656833956076298e-05,iam,10342,of suspense . ' It will be interesting,-1.3726178,-42.92937
0,0,3.616010144469328e-05,iam,9687,end of the wharf . But by pressing,-6.847086,-32.718197
0,0,9.283779036195483e-06,iam,9285,walking very dogged towards Llangrwl .,-3.4518445,-38.8811
1,1,0.9996922016143799,emuru,9748,and tonic .,-0.3796834,30.74497
1,1,0.9997184872627258,emuru,9046,"But not for long , for soon pedestrians and cars flocked upon",0.6605906,38.49476
1,1,0.9997667670249939,emuru,9787,""" Oh , the Press , "" said Seaweed . "" Down here on business , Mr.",14.670579,27.21102
1,1,0.9997316002845764,emuru,8343,meat or fish burnt and roasted in the,3.4167109,23.939062
1,1,0.9999867677688599,emuru,7714,to learn . Education is always the most important task .,-10.812416,25.429852
1,1,0.9999525547027588,emuru,8775,contraction of the heart and the apex beat occur in,-15.733936,31.405775
1,1,0.9995960593223572,emuru,8046,original question and answer and this is quoted,0.55332184,23.877811
0,0,5.617773422272876e-05,iam,8524,typically French .,-11.706582,-30.697725
1,1,0.999981164932251,emuru,9501,vengeance . She had expected to be met with violent,-3.9159615,37.190945
1,1,0.9990242719650269,emuru,10309,"fided in her , given some expla-",8.363694,27.813036
0,0,3.790717528318055e-05,iam,9291,But disappointment awaited him . A,-7.2793508,-46.841946
1,1,0.9999358654022217,emuru,8120,"that find it if enough are travelling , just as",6.498408,16.902304
0,0,0.0001003458964987658,iam,10298,scription for the sedatives . You,8.405378,-41.985413
1,1,0.9999740123748779,emuru,9625,to have been guests at yesterday's,-0.8767139,35.11337
1,1,0.9995817542076111,emuru,8811,Soon they were good enough to sing at meetings .,-1.5220852,19.639017
1,1,0.9999701976776123,emuru,8182,was actually just off the bottom and was,12.299752,45.47084
0,0,3.114186620223336e-05,iam,9342,and grow wings . Between the worlds are many strong,6.8181257,-13.813811
0,0,5.546020474866964e-05,iam,8507,melody . The paprika and caraway perfume,4.383632,-22.402191
0,0,4.870333941653371e-05,iam,10310,nation . Now there was no-,-12.988918,-35.233395
0,0,0.00316220847889781,iam,7691,"the problem of life cannot be solved . "" Therefore shall 1ye lay",-2.1157186,-9.540326
0,0,3.629172351793386e-05,iam,10036,the excitement of meeting,-2.927057,-41.646645
0,0,1.5801535482751206e-05,iam,9213,""" Left here all right , "" said Ifor . "" Two-thirty-five , on the dot . "" "" It 's",12.187767,-35.778915
0,0,2.3047068680170923e-05,iam,7580,might be bulky . It is sometimes possible to tell,-1.2298402,-44.018867
0,0,6.3154357121675275e-06,iam,8024,( This is probably to be understood as a well-,-4.3190856,-14.635394
0,0,5.387373676057905e-05,iam,9448,"left , Milan . The directional angle of the",11.405867,-22.468693
0,0,3.5460692743072286e-05,iam,8984,selves in their zeal to get their orders and to carry,8.9164915,-33.90822
0,0,8.320545020978898e-05,iam,8174,it reaches them . They move away before,12.345624,-31.095716
0,0,3.7921243347227573e-05,iam,8999,they will promptly give us their hypnotic,-4.7764864,-28.174911
0,0,9.496378879703116e-06,iam,7737,"principle and this gives us "" a wink "" ( Remez )",-3.4045281,-28.861546
1,1,0.9997444748878479,emuru,10035,"pocket-book , with a sick feeling",12.703949,19.60487
1,1,0.9999023675918579,emuru,9613,"pretty spineless ! """,18.831705,24.375046
0,0,2.0657593267969787e-05,iam,8473,A number of newly-born white mice served,5.2530856,-25.891768
0,0,2.3082532152329804e-06,iam,9832,""" Tell me who the little bird was . "" "" Can't",12.935734,-16.791422
1,1,0.9999902248382568,emuru,8865,"After the First World War , 1914 , I did not visit",14.03111,39.940994
0,0,1.0288219527865294e-05,iam,8485,"and the Chinese . The Celestials , apart",11.10353,-29.556328
0,0,0.0011387839913368225,iam,8600,"The same man went to see Carlyle , and , after mentioning",2.586154,-50.345745
1,1,0.9999114274978638,emuru,9044,"They followed him to a city bus stop on Carling Avenue , where",-18.239698,44.166348
0,0,1.5005244677013252e-05,iam,8775,contraction of the heart and the apex beat occur in,4.773971,-30.619509
0,0,2.0247573502274463e-06,iam,8395,intelligent selection and comparative,-0.6087934,-31.553097
1,1,0.999927282333374,emuru,10181,been standing in for Luke Parsons at his surgery in,-5.67658,28.017199
1,1,0.999956488609314,emuru,9562,""" Oh , drop that nonsense , Piers !",10.71733,38.40046
1,1,0.9991493225097656,emuru,8907,Chairman of the local War Pensions Committee . This,2.100065,33.240147
0,0,0.000291842152364552,iam,7738,represents Remez ; ( 3 ) Dipping-in represents,-0.21355017,-23.148127
0,0,1.2547286132758018e-05,iam,9155,"feeling , like I always get when something",-6.9404855,-29.775133
1,1,0.9998266100883484,emuru,7853,"Toyohiko Kagawa . Loving Saviour , who experienced",8.655676,25.124674
1,1,0.9995668530464172,emuru,9977,was never long on patience .,-1.2521756,44.33112
1,1,0.9999804496765137,emuru,7856,we are with Thee .,-7.2960777,29.375536
0,0,8.08995682746172e-05,iam,10069,hers in an intimate way .,6.83377,-40.667374
0,0,6.761842814739794e-05,iam,9057,"Heaven alone knew when , if ever , he would be",-11.533322,-11.327014
1,1,0.9993762373924255,emuru,8372,"tongues ; unreasonable surfeit , too , in the",5.6548343,29.064674
0,0,0.00040888908552005887,iam,9146,carefully casual . ' The servants are all on,1.8272445,-5.3601527
1,1,0.9998654127120972,emuru,9173,"to watch Mr Septimus more closely , Mrs",-5.166906,52.855167
0,0,4.4526905185193755e-06,iam,8855,their candidate must go forward in the,-3.4459314,-15.793013
0,0,4.317844286561012e-05,iam,8217,for a man who had been seen leaving the train,7.267255,-19.691853
0,0,8.312796853715554e-05,iam,8206,a detailed account of his movements on the 11th . The dead,7.3294034,-25.200462
1,1,0.9999881982803345,emuru,10371,"the result being somehow as ineffective , not",-11.554474,23.706556
0,0,0.0004469571867957711,iam,9382,are slaves to it . Only an outcast is free . Because,-8.027624,-14.276858
1,1,0.9994066953659058,emuru,10175,"Sometimes they talked on the theme of "" when we get married "" ,",-4.7253675,40.06526
1,1,0.9998871088027954,emuru,8029,There is no reference to the Mishnah here,21.134382,29.108395
0,0,0.0007102435338310897,iam,9353,"Lily-yo said , doubtingly . The Captive with the",-11.19095,-4.8659844
0,0,2.9464954423019662e-05,iam,8461,board . The gratification of the sense of smelling,6.7919292,-22.935106
1,1,0.9999070167541504,emuru,7775,verily and indeed taken and received by the,-9.636172,23.54072
1,1,0.99998939037323,emuru,7591,"cannot think of an author , Mark for example ,",-3.6736531,15.043322
1,1,0.9998786449432373,emuru,9943,"a vast stretch of hills , canyons , buttes and",3.6800056,35.12251
1,1,0.9999293088912964,emuru,9265,"is it ? "" "" Mutual recriminations will get",-0.025195759,16.413115
1,1,0.9998518228530884,emuru,9757,"gin ? "" He turned to Seaweed -",-5.645387,22.11374
0,0,4.7530843403365e-06,iam,8787,"ception , the more distal arteries pulsate",10.483906,-21.868345
1,1,0.9990503191947937,emuru,7468,She plays the possessive mother of a man whose hobby revolves,16.634085,26.15176
0,0,9.600038538337685e-06,iam,7512,arrived two hours earlier by appointment,-3.601781,-39.897614
0,0,1.4557937902281992e-05,iam,8981,"them out . Just what these orders will be , we don't",7.6190085,-33.36098
0,0,1.1534423720149789e-05,iam,8724,But this time there was a very interesting,5.39539,-21.307272
1,1,0.9989109039306641,emuru,9731,""" So there you are , my dear . "" Peggy 's eyes filled",-8.176398,27.811375
0,0,1.9067030734731816e-05,iam,9572,"the matter because , very naturally , you were",-15.969242,-8.353505
1,1,0.9998862743377686,emuru,8185,Cover in the fast-moving trawl is considered,-5.7306743,47.63446
0,0,0.0011845625704154372,iam,10108,down to the beach . Gay closed her eyes for a,-14.6339035,-9.156883
1,1,0.999997615814209,emuru,9988,were going on in his bewildered brain . When,-0.8141883,21.479683
1,1,0.999638557434082,emuru,8282,"doctor , the woman , young , small , and rather plump ,",19.15173,27.626839
1,1,0.9999986886978149,emuru,9921,After all it 's them we 're supposed to be,13.210049,40.72166
1,1,0.9999810457229614,emuru,8186,reaction to disturbance would be upwards .,-13.193383,40.748646
0,0,0.00022822101891506463,iam,8117,The details are harder still to see .,-11.745627,-44.291332
1,1,0.9999881982803345,emuru,7495,Northern defiance . The cameras played continuously on his,-0.8165555,34.980824
1,1,0.9997273087501526,emuru,9072,"evening , when he had been left to cook his own meal .",15.875625,35.487873
1,1,0.9995266199111938,emuru,8311,long brown hair in a bun at the back of her head,-0.9816358,45.32858
1,1,0.9997829794883728,emuru,8499,aromatics where the paprika insinuates its perfidious,-3.8970306,32.369102
0,0,2.4481159925926477e-05,iam,7861,only a disturbed tossing and turning,7.710769,-20.913822
1,1,0.9999570846557617,emuru,8954,upward and shook his head slowly from,-9.590722,45.96076
1,1,0.9999979734420776,emuru,9095,we might get GO a bit better if he entered politics .,16.280622,40.81605
1,1,0.9999841451644897,emuru,9821,"he said . "" Expense account . You 're a married",-0.9986861,35.476273
1,1,0.9998682737350464,emuru,9206,damn bus .,7.4441614,54.37111
1,1,0.9999449253082275,emuru,7835,frightening possibilities and yet by facing,-7.869832,52.63815
0,0,5.189334478927776e-05,iam,8832,One of the students was young,-2.671119,-35.07608
0,0,0.0005334339803084731,iam,8346,How many centuries later did the mercenary in,-13.545983,-44.490284
0,0,3.8305566704366356e-05,iam,9286,the bus . He passed The Traveller's,-4.79694,-40.11355
0,0,3.258261131122708e-05,iam,10055,"Lilyan remonstrated . "" They want to be",-3.4552863,-41.66298
0,0,5.7911674957722425e-05,iam,8734,Again the resentment was widespread and,-0.36061382,-29.10898
0,0,2.5426896172575653e-05,iam,8002,matter on hand .,-15.766245,-36.27196
1,1,0.9999933242797852,emuru,8746,those charged with the crime . It is clear,-9.46102,25.614216
1,1,0.999955415725708,emuru,7859,"we face life boldly , many of the shadows are",-3.637511,24.273539
1,1,0.999788224697113,emuru,9712,"man at catch 'em than Injun , Judge .",16.122913,28.912937
1,1,0.9998008608818054,emuru,7643,"language . The Shamir is the "" seventh "" and",1.7399143,38.191833
1,1,0.9997963309288025,emuru,8024,( This is probably to be understood as a well-,-4.5184526,33.94102
0,0,3.0924700695322827e-05,iam,8329,nothing the Chinese would not eat .,15.6189,-20.753168
0,0,3.4693592169787735e-05,iam,7484,essay on soldiering which stated that a fighting,-8.938931,-38.768433
0,0,1.1824451576103456e-05,iam,8871,a village choral society and conduct it .,-2.218437,-31.249416
0,0,4.7004356019897386e-05,iam,8355,always been strong in mankind . The sharing of,-7.397533,-11.981667
1,1,0.9994593262672424,emuru,8166,aware of the moving footrope before,20.689402,27.040144
1,1,0.9997474551200867,emuru,7890,a burden to their families and their friends .,12.306518,17.093924
1,1,0.9999904632568359,emuru,7480,"success last night in I T V's "" Private Potter , "" his",-4.7559004,49.068974
0,0,6.334103090921417e-05,iam,9561,"look as though it was only what you expected of me ,",14.772557,-37.180965
1,1,0.9999792575836182,emuru,7529,showing that such changes are part of a,-10.286466,14.589233
0,0,0.00044926750706508756,iam,8576,been blind to the charms of turbot and,-14.619945,-25.968456
1,1,0.9998233914375305,emuru,10217,Nigel from the back . D.j. and all .,12.135624,16.429354
0,0,0.0004016313177999109,iam,8323,would not eat .,5.8757625,-20.167362
0,0,0.00011901812831638381,iam,8079,overcrowded and over-embellished drawing-rooms,-6.2369723,-39.54315
0,0,8.567756594857201e-05,iam,8125,are drifted back into the normal home,-4.3212686,-48.46379
1,1,0.999988317489624,emuru,8586,Dante Gabriel Rossetti had simple tastes in food . At one,18.150501,23.708866
1,1,0.999908447265625,emuru,8503,Schnitzel as well as dishes and stews heightened with,-2.9225554,51.527996
1,1,0.9999967813491821,emuru,8454,"perfumes , these refined voluptuaries aroused the",3.5680275,44.078213
0,0,3.4486369258956984e-05,iam,9763,""" Make it a large one , darling . I know the naval",-6.686125,-40.41884
0,0,1.9811552192550153e-05,iam,8155,"is strongest at spring tides , when without",-3.9057908,-30.128176
1,1,0.9999830722808838,emuru,8688,journeymen and small tradesmen of the,5.375941,49.215282
0,0,0.001553974812850356,iam,7482,"date . "" ACTOR Tom Courtenay was an outstanding",-5.5535383,-9.760011
1,1,0.9999992847442627,emuru,7756,"eating Matzos in Egypt and the "" Feast of Matzos """,13.35635,41.403553
0,0,4.05828041039058e-06,iam,8751,the suggestion that the rich should help,4.987963,-25.32641
1,1,0.9999959468841553,emuru,9098,"plump hand towards her grand pianos , etc :",-10.25497,45.126995
0,0,0.00017486567958258092,iam,8403,"Does one , however , know who first thought of boiling",4.905898,-16.820194
0,0,3.584956721169874e-05,iam,9503,"coming back from Barbados so soon . "" Beryl",12.822998,-27.801071
0,0,0.00022626023564953357,iam,10012,been attending some kind of fancy dress do,-9.766895,-16.12168
0,0,2.5218059818143956e-05,iam,10128,married life going to be like ?,16.975746,-40.226635
1,1,0.9996035695075989,emuru,9899,thinking what a skill he had for reading,-1.0869222,44.491608
0,0,1.173243344965158e-05,iam,8720,borders between private and public purse were,0.8736004,-35.07777
0,0,0.00040996650932356715,iam,10142,I can for him so that she can get out to do her shopping .,11.740392,-20.094364
0,0,2.84093930531526e-05,iam,8165,"be by actual contact , or by sight reaction to the disturbed",6.3042555,-9.0966835
0,0,2.1079607904539444e-05,iam,9982,"observed Dan , shifting about in his saddle . He",12.856041,-13.179093
0,0,1.2185028026578948e-05,iam,7459,"I don't think he will storm the charts with this one , but it 's a good start .",-0.5095431,-28.104837
0,0,2.8634525733650662e-05,iam,8172,that of flat fish on the bottom .,-10.324171,-39.723465
1,1,0.9997575879096985,emuru,7866,"the mind . Very few people , under normal",1.0495186,40.067688
1,1,0.9999493360519409,emuru,8031,by the Gemara in support of R. Joshua b.,-9.89834,36.23912
0,0,1.3036831205681665e-06,iam,7907,"months , even a Prime Minister could go to",2.2474737,-30.91214
1,1,0.9999818801879883,emuru,8935,"hollow , and the news that Byron had left",2.4849231,47.36002
0,0,9.542756015434861e-05,iam,7905,made this century is the way in which illness,-5.8643994,-45.625732
1,1,0.9995403289794922,emuru,8765,In Chapter Two he gauged the nature of the heart's movements,-4.795675,31.320387
1,1,0.9997357726097107,emuru,10342,of suspense . ' It will be interesting,15.031754,22.84509
1,1,0.9999639987945557,emuru,7880,"the washing-up - while others , if they",-5.142104,18.427235
1,1,0.9988815188407898,emuru,9538,on his taking her out in the jeep -,10.80013,29.243284
1,1,0.9999586343765259,emuru,8474,like a prairie oyster is considered a,1.101747,42.72363
0,0,4.4016043830197304e-05,iam,8512,"essentially French , and , irrespective of",4.3605556,-22.4867
1,1,0.9997584223747253,emuru,9130,neurosis and not in some eruption from those,-8.140523,34.84182
0,0,6.4213522819045465e-06,iam,8325,told us that there was nothing an En-,5.0341516,-17.069712
1,1,0.9999877214431763,emuru,8591,"with Dickens says the menu was Whitstable oysters , a brown",18.656134,34.043324
0,0,0.0017234389670193195,iam,8351,than mere converse has always been there .,10.824947,-10.1972685
1,1,0.9999147653579712,emuru,7647,come across human Shamirs and they leave,-7.7936506,11.332729
0,0,2.1174140783841722e-05,iam,8771,"of the apex , the thickening of the heart walls , and",-18.242828,-29.28632
0,0,0.0001451672869734466,iam,10022,"led the way in . "" The stained glass",-5.584531,-48.150845
0,0,6.608573312405497e-05,iam,9086,allies being more inferior than formerly to W.C.U. in the,-6.1563354,-47.492973
1,1,0.9995984435081482,emuru,8106,echo-sounders . Bottom crowding comes when they cannot reach,2.382857,30.01023
0,0,0.00029953327612020075,iam,9733,sick . Just because he 's an Honourable he can do,-1.7661716,-12.568992
1,1,0.9994412064552307,emuru,7862,which causes them to wake feeling worse,-8.431302,32.677643
0,0,2.4438730179099366e-05,iam,9518,"Jack and Blanche were quick to sympathise , and to",10.940489,-32.26715
1,1,0.999984860420227,emuru,10268,"They often had such a rendezvous , for",6.4791694,17.99529
0,0,6.956467404961586e-05,iam,10037,Gavin and the girl who had got,-9.399737,-44.88473
0,0,3.6763020034413785e-05,iam,8736,far away from the capital in a town with,2.8436418,-21.609493
1,1,0.9996258020401001,emuru,9212,"supposed to leave at two-twenty . "" "" Who says so ? "" "" Your timetable . """,6.5082707,51.19222
0,0,0.00017942360136657953,iam,8660,social services . A mediaeval oligarchy,-9.097524,-35.30101
1,1,0.9999682903289795,emuru,9820,man with a couple of kids . Can't go wasting,19.840117,29.636124
1,1,0.9997820258140564,emuru,8950,hands together between his knees and leaning,-3.171952,48.69582
1,1,0.9998559951782227,emuru,7901,great deal of tiredness which comes from,9.530918,17.921967
0,0,2.4694843887118623e-05,iam,8239,were many people who believed that to travel,13.498356,-32.4945
0,0,3.1924399081617594e-05,iam,8592,which he washed down with beer . A writer who had dinner,-2.9909325,-33.390903
1,1,0.9999252557754517,emuru,7966,for this . I know how much of a drag it can be,-14.638144,41.834194
1,1,0.9989307522773743,emuru,9422,faith which he was placing in her and,14.461488,19.128412
1,1,0.9999405145645142,emuru,9792,"his glass . "" Fill it up , darling . Accuracy above",10.17409,49.899055
0,0,0.0006109034293331206,iam,9255,"folded it , and glanced idly out of the",-9.478561,-11.208104
1,1,0.9998242259025574,emuru,9583,have had it in for Guy .,13.196276,31.896902
1,1,0.9999880790710449,emuru,7658,mind together we cannot solve the further,-6.337359,44.009434
0,0,0.00194640236441046,iam,9046,"But not for long , for soon pedestrians and cars flocked upon",-5.040315,-9.367341
0,0,1.1159259884152561e-05,iam,8843,"socialism . With such men , who had the",-2.036899,-41.881668
0,0,8.871177669789176e-06,iam,9360,as we are . Some may be born right . ',3.2191887,-18.347155
0,0,6.784296147088753e-06,iam,8055,part of the verse .,5.4910183,-34.40507
0,0,1.8385835574008524e-05,iam,8511,possibly comparable alone to a gypsy,-12.763017,-26.13363
1,1,0.9999059438705444,emuru,9023,Dan paced the floor . He seemed completely unaware,19.486658,30.42009
1,1,0.999902606010437,emuru,8736,far away from the capital in a town with,-11.501031,31.653357
1,1,0.9999892711639404,emuru,9793,"drop the rank - such a mouthful ! "" "" You 're",12.653642,29.190054
0,0,3.1430492526851594e-05,iam,10313,"the word . Nicholas , Philip ...",-7.836568,-42.51968
1,1,0.9999532699584961,emuru,8880,"church was , it had its own atmosphere , and for centuries",-2.070666,51.778046
1,1,0.9997827410697937,emuru,7507,Shelagh Delaney and Alan Sillitoe attacked,1.0738261,33.745968
0,0,1.7089685570681468e-05,iam,8023,because the Mishnah deals with the,-13.970223,-43.105507
0,0,0.00031388536444865167,iam,10170,""" There are all sorts of wonder-",-14.0997305,-17.602995
1,1,0.9999774694442749,emuru,8080,numerous other crocheted pieces . It was some years,-14.619119,29.485136
1,1,0.999935507774353,emuru,9659,"triangular sail , and to the judge's frightened eyes , so",0.34961858,27.953403
0,0,1.1309864930808544e-05,iam,9935,country that lay all round Gilburg Crossing .,10.287808,-47.46438
0,0,1.8749458831734955e-05,iam,7922,"piece . Now a man may live twenty ,",7.55426,-39.991875
1,1,0.9999582767486572,emuru,9836,"Regard this as a softening-up process , and",17.932325,20.067453
1,1,0.9999986886978149,emuru,8977,overtone that sang in his ears with an,13.266504,41.29452
1,1,0.9999914169311523,emuru,8580,of having his turbot removed first .,-13.679472,36.49019
0,0,0.0002881148539017886,iam,9258,"Rev. Edwards . Now he put down his paper ,",-19.256828,-15.480491
1,1,0.999885082244873,emuru,9568,""" If you want my true opinion I 'll give it .",7.051221,32.189926
0,0,5.3125415433896706e-05,iam,7849,"dwells in my hand , Knows this",2.9598875,-41.18771
1,1,0.9999632835388184,emuru,7861,only a disturbed tossing and turning,-12.944433,44.92056
0,0,3.607853432185948e-05,iam,7890,a burden to their families and their friends .,-4.9124246,-45.804985
0,0,0.00010749501234386116,iam,7507,Shelagh Delaney and Alan Sillitoe attacked,-17.40081,-25.480743
1,1,0.9996646642684937,emuru,9737,dockyard and now that she 's ready for sea he goes,-1.9080123,28.634504
0,0,0.006969125475734472,iam,10184,"with it was coupled a disembodied fragment of information ,",-7.2084126,-6.9436197
1,1,0.9999493360519409,emuru,8323,would not eat .,2.6132808,39.236233
1,1,0.9999786615371704,emuru,10197,"found they were off duty together , and",-0.6888186,40.013012
1,1,0.9996312856674194,emuru,8953,mankind through all ages ! The Kingdom of the,-6.187986,51.98788
1,1,0.9998542070388794,emuru,9250,"his head . "" God bless my immortal soul , """,-2.7451713,51.78927
0,0,7.298868149518967e-05,iam,9941,The air was fresh and clear and you,-9.73604,-13.995704
0,0,8.279189933091402e-05,iam,8913,life .,-9.4539585,-33.695576
0,0,4.820477624889463e-05,iam,8847,mined and obdurate in their attitude that,-10.789783,-22.430508
0,0,0.00021865862072445452,iam,9593,"flamingoes our first morning on the island . """,2.075299,-47.116028
1,1,0.9999126195907593,emuru,7989,who does not always want to do,1.4745555,14.263931
0,0,6.0838570789201185e-05,iam,9387,"come to you , Lily-yo , ' Band Appa Bondi added .",13.3326025,-27.6844
1,1,0.9999268054962158,emuru,8414,we hear of the fleshpots of Egypt,1.4148638,40.602566
1,1,0.9994232654571533,emuru,7904,"physical illness . There is , nevertheless , a",7.8914504,17.757483
1,1,0.9999778270721436,emuru,8985,""" The Thetans , "" he said , "" are presumably here to",5.1029935,51.908142
0,0,6.599748303415254e-06,iam,8823,the members . The B.S.P. also rented pleasant rooms,6.276206,-43.264145
1,1,0.9999772310256958,emuru,8832,One of the students was young,-5.894134,16.906687
0,0,2.9695278499275446e-05,iam,7527,"accidentally damaged . An editor , who was not the author , made what he",2.670205,-32.07566
1,1,0.999542236328125,emuru,7899,"of the mind is no longer feared or shunned ,",9.4826975,15.587937
0,0,7.359281880781054e-05,iam,7707,Charauses ( a kind of fruit mixture in likeness of the,2.410177,-25.882278
0,0,0.0030866945162415504,iam,9344,"' We know much , ' repeated the Chief Captive . ' Some",-3.9827342,-8.632832
1,1,0.9998419284820557,emuru,10226,"suddenly in an upsurging of relief , "" that stupid",15.256442,46.692913
1,1,0.9999934434890747,emuru,8249,sorts of horrible illnesses brought on by the,-11.827225,35.57942
0,0,0.0001805672945920378,iam,8431,except by roasting and boiling . When,-5.5718026,-26.362852
0,0,9.214481542585418e-05,iam,9402,new flesh and tendon strengthened . To sail up in the,-6.763004,-13.3644905
0,0,7.06669061401044e-06,iam,7477,will be with Sir Roy Welensky the Premier of the Federation,10.623619,-43.150574
1,1,0.9999943971633911,emuru,9936,""" Fenton or Somers , "" he said . "" Or the Town",3.7958791,35.452034
0,0,8.3025915955659e-06,iam,8392,"of gorging the eye with magnitude ,",7.596776,-22.767982
0,0,0.0006091284449212253,iam,9667,empty his lungs of stifling air and refill them,-5.6160674,-22.283178
1,1,0.9999834299087524,emuru,9397,We need such memories . So we ask you to go,9.464152,51.71431
0,0,9.761394721863326e-06,iam,8714,"It was , therefore , a complicated and not very",12.594886,-24.089724
0,0,0.004101111553609371,iam,9375,Captives rule the True World ? ' Lily-yo asked,-1.4135178,-9.123203
1,1,0.9997599720954895,emuru,8920,"When he saw Trelawny's printed letter , Lord Sidney wrote",14.500162,17.872217
1,1,0.9998968839645386,emuru,9527,it out with Piers when a reasonable,-5.637912,51.404655
0,0,2.0356077584438026e-05,iam,9483,He was able to trace the course of the river ; he,6.9197507,-12.732849
1,1,0.999984622001648,emuru,9159,"imagine the Christian martyrs twisting and shrieking ,",-6.0153146,41.461853
0,0,7.795195415383205e-06,iam,7843,has something important to do with our,2.5032363,-28.257286
1,1,0.9997370839118958,emuru,8948,"thrust out , arms dangling loosely .",21.33883,27.370258
0,0,6.797231617383659e-05,iam,7853,"Toyohiko Kagawa . Loving Saviour , who experienced",-4.9216413,-46.948334
0,0,6.520651368191466e-05,iam,9996,Walking out of the chapel later on . Continuing,3.2069914,-39.354218
0,0,0.00033795926719903946,iam,7460,"CHRIS CHARLES , 39 , who lives in Stockton-on-Tees , is an accountant .",0.841933,-18.139446
1,1,0.9999288320541382,emuru,9999,dly decadence and absorption in debase-,5.3108635,31.024075
1,1,0.9999856948852539,emuru,7765,remained . Other changes in the Book were equally,15.58228,33.661064
0,0,7.173785434133606e-06,iam,9973,go and tell Nick Dowd we 've come to talk,-10.942441,-32.106422
0,0,1.1482261470519006e-05,iam,9269,Morfydd Owen was silent . But she,-4.69312,-40.41199
0,0,2.005831447604578e-05,iam,8846,Just as the Labour Party had fought the,-3.0181713,-16.860783
0,0,9.34517720452277e-06,iam,8869,"This opened up a new interest , and we plunged",16.990154,-16.313282
0,0,1.694941965979524e-05,iam,8483,definitely a delicacy while Mediterranean,-7.663916,-32.419678
1,1,0.9999476671218872,emuru,9660,close to the rocks that it would be dashed,-11.271218,19.232233
0,0,1.9529870769474655e-05,iam,7731,"more of the Torah and the Oral Tradition , our inheritance .",8.804535,-18.890814
0,0,4.6604080125689507e-05,iam,8179,that the wave might be transmitted by the,-7.20302,-44.522915
0,0,3.047920108656399e-05,iam,8868,Towards the end of my five and a half years',15.473298,-32.048088
1,1,0.999975323677063,emuru,9547,"to make the presentation , I run the damned",-4.0732174,16.715929
0,0,0.00010235449008177966,iam,8534,The French have an inborn appreciation of good food and,-7.6127477,-25.365454
0,0,0.0003389516787137836,iam,8848,There was no abatement in political,-5.6872706,-7.522468
0,0,1.4837759408692364e-05,iam,8738,most notorious third poll-tax was agreed,-4.019178,-36.59844
0,0,1.934758302013506e-06,iam,9022,"decided upon . Inside they sat down unbidden , while",16.121216,-30.013334
0,0,0.0003341861884109676,iam,7648,"diligently unto my commandments , which I command",-13.665343,-8.569375
0,0,0.0001620181428734213,iam,9512,"had had a thoroughly good time , and it would take them",14.109729,-37.8139
1,1,0.9999687671661377,emuru,9465,miles from their destination .,4.3911667,11.65074
1,1,0.9999949932098389,emuru,10024,"flights back . """,-17.889137,43.170933
0,0,0.0012810358311980963,iam,8009,"( Actually , the Mishnah quotes two further proof",-13.203663,-10.926978
0,0,0.00010797786671901122,iam,8803,He was a socialist and believed in the right,-16.705135,-40.388165
1,1,0.9999300241470337,emuru,8179,that the wave might be transmitted by the,9.819905,17.619476
1,1,0.9995935559272766,emuru,8708,There were two other sources of public revenue -,-4.6960077,17.581606
0,0,1.165863977803383e-05,iam,10101,"dance , "" Doc's cheery voice came as a",6.230591,-47.677395
0,0,0.0022846926003694534,iam,8763,"from the dissection of living animals , showing how these move-",-0.1238564,-14.751878
1,1,0.9972288012504578,emuru,8619,"When all seemed to be going well , a sortie surprised",15.804397,26.381725
1,1,0.9964057207107544,emuru,7549,impossible to say .,0.19949818,32.279198
0,0,1.5790786846991978e-06,iam,8743,merchants who could tempt court and,0.8660847,-34.685577
0,0,6.684898835374042e-05,iam,8849,"Council meeting on October 16 , 1912 , George",-3.2671852,-17.811237
1,1,0.9999762773513794,emuru,9657,"of a mile and a half , came the yawl under her full",7.3811693,31.832031
1,1,0.9998929500579834,emuru,9254,"window . Looked again , eyes starting from",15.845861,35.664104
1,1,0.9999270439147949,emuru,7740,the literal meaning of Pesach which,-5.0756464,46.842308
0,0,0.00019088211411144584,iam,8565,bowl of milk .,-15.237037,-29.331324
1,1,0.9999668598175049,emuru,9972,We didn't approach unchallenged . Just short,1.6804576,24.34
0,0,0.00013841780310031027,iam,10141,"it ran . "" Your cards are lovely . I rang up Miss Harland",-11.254829,-4.8944154
0,0,1.4643962458649185e-05,iam,9531,them . But next morning she insisted,5.2229466,-24.413628
0,0,4.6217479393817484e-05,iam,10005,"saw himself as a sulky , ugly , malformed , repressed",-10.591762,-41.087074
1,1,0.9999877214431763,emuru,10010,"He didn't know what to make of it , but it",-1.3133038,41.52464
0,0,2.7061892978963442e-05,iam,7650,"your soul . "" This may seem very good , but there",12.440655,-33.933468
0,0,1.1775438224503887e-06,iam,7495,Northern defiance . The cameras played continuously on his,0.6983979,-31.195
1,1,0.9999858140945435,emuru,8534,The French have an inborn appreciation of good food and,-12.604636,40.24825
0,0,4.994736627850216e-06,iam,8505,"streaks of poetry , meat disguised under heavy and vehement",-4.273645,-25.557657
1,1,0.9999856948852539,emuru,7523,Fourth Gospel by explanations based on assumed textual dislocations . The,7.789293,37.455307
1,1,0.9999696016311646,emuru,10028,There were few passengers on the plane and Gavin was,-2.2292452,48.37732
0,0,8.662263280712068e-05,iam,9652,except in moderate compliance with his father's,-5.4355855,-46.526485
0,0,9.16258341021603e-06,iam,9131,GO ; but the reason probably lay in elementary,-4.5296707,-50.650005
1,1,0.9998317956924438,emuru,8022,"From the above it follows that here , once again ,",-4.885271,29.919695
1,1,0.9999884366989136,emuru,7571,The other form of book was the codex . In this the,5.458083,39.068035
0,0,0.00018039897258859128,iam,9356,Where are your souls ? ' Lily-yo and Flor looked at,-9.72427,-4.716513
1,1,0.9999704360961914,emuru,9456,at the speed recorder . It seemed almost incredible that,0.59779316,42.193344
0,0,0.00010482048674020916,iam,8853,"Liberals , they were going to fight the Labour",17.942915,-29.712229
1,1,0.9994245767593384,emuru,8788,"thus synchronous with cardiac systole but ,",-4.704455,39.6409
1,1,0.9999680519104004,emuru,10056,"can't find a table for two . """,16.77575,31.011908
0,0,0.0003137004969175905,iam,8086,is always from the north ) .,-5.4169607,-43.814342
0,0,5.497408710652962e-05,iam,8053,to the discussion but because it was,-14.188256,-36.517555
1,1,0.9999737739562988,emuru,7934,the office or works wonder what they,-5.945165,51.155807
1,1,0.9999904632568359,emuru,9220,"some dreadful ravine , or beset by",-1.5404058,22.073336
0,0,5.9732676163548604e-05,iam,9214,"the mask , now , Ifor did . "" Dai Pugh , "" he bellowed . "" Leap on your bicycle",-9.907538,-47.030094
1,1,0.9999926090240479,emuru,10085,that he had only met a few minutes before .,5.0839186,35.49727
1,1,0.9999815225601196,emuru,10210,"hours . If they get in before eight-thirty , even",-2.0049233,47.08893
0,0,1.4220939192455262e-05,iam,9768,the lounge or return to his bedroom .,-6.273625,-40.273563
1,1,0.9999854564666748,emuru,9174,Caine too and Mr Gilberto who would ...,0.5052575,42.032925
1,1,0.9999775886535645,emuru,7664,"gratify selfish aims , then each man will gather-in",-9.461738,44.450706
1,1,0.9999890327453613,emuru,8558,as well as the foods for which they have,-15.075912,34.828506
0,0,4.41814809164498e-05,iam,9662,with part of that howling northwest gale .,6.032198,-27.403933
1,1,0.9892143607139587,emuru,9065,"friend of hers having married Lester Peron ,",9.199223,30.583736
0,0,0.00010937332990579307,iam,10061,"alone . "" "" I 've booked a table at the",-8.91437,-41.866074
0,0,3.0818238883512095e-05,iam,9169,"afraid , with a hoof shaped like the heel",-10.916351,-23.615227
0,0,4.4648222683463246e-06,iam,8253,"said , "" the deafening peal of thunder , the sudden",0.18192257,-32.65815
0,0,1.644603798922617e-05,iam,9299,The conductor switched on the lights .,-4.371802,-40.175488
0,0,1.9240704205003567e-05,iam,8535,things that are typically French .,-2.3159661,-29.309155
1,1,0.9999617338180542,emuru,9548,"to account for my manners , "" he retorted .",3.6317346,32.713814
0,0,0.00015487128985114396,iam,8962,abroad ; and no pedestrian to cross his path nor to wait,7.463929,-40.345135
1,1,0.9994866847991943,emuru,8699,When the King and his Council required additio-,18.717379,25.174314
0,0,2.0256424249964766e-05,iam,8970,"Deadly stillness , deadly portent !",1.3377957,-24.862263
0,0,0.0008683817577548325,iam,10225,"mouth , an act of devotion he didn't over-indulge .",-14.097791,-20.004103
1,1,0.9995749592781067,emuru,8807,were sold at 32 pieces for one shilling .,-8.05301,36.981556
1,1,0.9999668598175049,emuru,9739,bombs during the last war . Having deposited his,3.6340485,32.009827
0,0,5.172600140213035e-05,iam,8001,thing at a time . A list or a plan enables us to,-4.684079,-45.106564
1,1,0.9998797178268433,emuru,8256,darkness .,-10.0441065,42.82359
1,1,0.9999659061431885,emuru,10149,to the man she had spent so much time,-7.9899135,21.745775
0,0,0.00012672881712205708,iam,9573,"sake show a glimmer of reason , "" was his",-9.377296,-39.424374
0,0,0.0012292455649003386,iam,9934,"Marshal , "" I added . His face was fixed ,",-13.647382,-19.287472
1,1,0.9999992847442627,emuru,9420,obvious that she did not fail to appreciate the,15.688463,38.524143
0,0,8.381765837839339e-06,iam,7933,"homes . It is easy , desperately easy , to lead",-7.895143,-25.966671
0,0,0.0001636708911973983,iam,10283,he put back his professional,-12.856188,-42.86175
1,1,0.9998337030410767,emuru,8065,on the saying of R. Joshua b. Levi which,-2.9564128,43.629772
1,1,0.9999504089355469,emuru,9108,to him as those a lawyer makes in a court,5.748477,46.168285
1,1,0.9999899864196777,emuru,8525,The French have an inborn appreciation,2.877664,45.69549
1,1,0.9999765157699585,emuru,9495,"own veranda , that he had taken the liberty of",-1.020288,32.68411
1,1,0.9955955147743225,emuru,7944,write out all the necessary jobs waiting to,10.229056,16.000591
1,1,0.9998828172683716,emuru,7608,with all his might and studies the,19.087002,31.728027
1,1,0.9993417859077454,emuru,9145,"whose presence I could almost smell ,",-11.252154,31.332003
1,1,0.9995713829994202,emuru,8810,"mix 100 stone of bread in 12 hours , and Kate served in the",-8.088572,45.5718
1,1,0.9999910593032837,emuru,8059,become so well known that it was,-17.016867,40.568523
1,1,0.9986763596534729,emuru,8803,He was a socialist and believed in the right,7.824258,16.0069
0,0,0.0002550246717873961,iam,10360,the deceit . The lies . ',-15.362984,-33.05327
1,1,0.9997400641441345,emuru,9363,' You see . You needed them no more . You are still,2.6614327,27.71117
0,0,0.00017736945301294327,iam,9831,"nothing to tell me , yet . But we 'll be meeting",14.93256,-34.70614
0,0,0.0001721147127682343,iam,9583,have had it in for Guy .,-7.3401937,-49.78231
0,0,0.0009577564196661115,iam,10253,"enquired , combing his thick , tawny hair . "" To bring",0.51357317,-16.68174
0,0,1.7011861928040162e-05,iam,7679,"that your heart be not deceived , and 1ye turn",-14.970189,-28.259474
1,1,0.999969482421875,emuru,7821,the harvest of which may still be being,-18.461868,27.407028
0,0,3.536349368005176e-06,iam,9624,"and warm sympathy , as she explained",16.495752,-31.290588
0,0,0.00011306303349556401,iam,9809,trifle too comfortable and humdrum .,9.053855,-37.51836
1,1,0.9999442100524902,emuru,10286,"icy politeness , such withdrawn",11.007519,18.48663
1,1,0.9999326467514038,emuru,7930,a ' double ' life without ever deliberately,-11.429959,48.984444
1,1,0.9996873140335083,emuru,8027,actual practice of greeting by the divine,10.61733,24.720617
0,0,0.003607428167015314,iam,7519,the Synoptics can be reasonably solved by paying due regard to the time and,-5.7110248,-48.77842
1,1,0.9998558759689331,emuru,9102,we came through to 4makrodeb status and,2.4181345,40.80881
1,1,0.9999611377716064,emuru,9371,well we can - think . This tribe of the True World,0.099306494,33.445385
0,0,2.4174431018764153e-05,iam,7926,pipeline of the railway on which they,18.637072,-21.8546
0,0,8.884966518962756e-05,iam,8497,"fire , aerian creams , ingenious pastries and a",-4.03152,-25.134192
0,0,2.5651834221207537e-06,iam,9780,nature - I assumed that you both knew who I,-4.5337734,-15.176206
0,0,4.700731733464636e-05,iam,8036,The question and answer with regard to the,-4.765895,-13.948795
1,1,0.9935957789421082,emuru,8341,the progress of civilisation which allows a dish,15.516987,17.981447
1,1,0.9999986886978149,emuru,7685,"yourself , under such conditions the goods are your gods .",8.580483,39.253426
0,0,1.7950380424736068e-05,iam,9904,"morrow as likely as not . "" I paused . "" Miss",7.782449,-18.084972
0,0,9.090455932891928e-06,iam,9962,opened out into a wide shallow draw .,2.3533568,-15.091815
0,0,3.067641591769643e-05,iam,7924,travel day by day .,7.667786,-46.069912
1,1,0.9999288320541382,emuru,9763,""" Make it a large one , darling . I know the naval",-4.966153,17.42509
0,0,6.021120043442352e-06,iam,9109,But privately he turned out to be as friendly as,-8.427913,-29.458675
0,0,0.00024418579414486885,iam,8068,"Palestinian teacher , R. Eleazar ( 3rd Cent. ) :",-7.6558895,-17.069534
0,0,4.959469151799567e-05,iam,9908,""" Yes , "" he said . "" I know . "" "" No harm must come",10.73392,-36.92957
0,0,1.5960438759066164e-05,iam,10158,""" That is a pretty dress , "" Lilyan commented , obviously sensing",1.266094,-27.851381
0,0,0.00017983121506404132,iam,8582,without going through the formality of having his turbot,-9.789278,-49.288414
1,1,0.9999175071716309,emuru,10225,"mouth , an act of devotion he didn't over-indulge .",8.626005,39.48629
0,0,9.245962246495765e-06,iam,9648,rocks in an' out o' de water .,-0.71933115,-41.62985
0,0,1.1060715223720763e-06,iam,9093,"country lawyer , and we were very small 4microdebs , weren't we ,",2.9175158,-37.72878
1,1,0.999963641166687,emuru,8007,elsewhere .,-9.973026,24.944084
1,1,0.9999884366989136,emuru,8951,""" They have come ! "" he said reverently , gripping his",-2.458976,41.105637
0,0,0.0001526054402347654,iam,9872,a substantial breakfast . Although usually a very,-8.409707,-35.16033
0,0,1.1888697372341994e-05,iam,8754,Trebling the rate was arrived at by a simple,13.628647,-25.054955
1,1,0.9998846054077148,emuru,8618,comparing the failure of a subsidized duke,-6.42421,38.930717
0,0,0.00021670557907782495,iam,9577,"idyllic surroundings . "" "" How dare you say",-17.831612,-31.7281
1,1,0.9999939203262329,emuru,9642,We all know how Balicou Island dangerous,0.81214696,20.357063
0,0,1.3548167771659791e-05,iam,8226,"Perhaps the news of their search got around ,",4.629283,-15.957012
0,0,0.00047150012687779963,iam,7699,"ne through the mill , we need not teach them",3.7183442,-12.496341
0,0,4.927055488224141e-05,iam,8107,In this 200-fathom trench the herring do not touch the bottom .,1.9962292,-7.3395743
1,1,0.9999823570251465,emuru,8975,almost painful sharpness . He reversed and,-8.169679,36.886787
0,0,3.568778993212618e-06,iam,9741,"empty , save for the lady known by all habitue",6.574066,-46.64421
0,0,2.62007142737275e-06,iam,7838,"lives and that the nearer we get to Him ,",-2.668881,-39.99213
1,1,0.9999809265136719,emuru,7734,how to live and accept all the bitterness,-12.45181,42.325172
1,1,0.9999557733535767,emuru,8301,no letters or papers found on her to assist identi,-6.2803645,19.874626
1,1,0.9999479055404663,emuru,8262,"The first was that of Mr Gold , in the famous",3.8123386,28.86593
0,0,6.466973718488589e-05,iam,7947,"be done and then work quietly through them ,",-10.105289,-44.030952
0,0,1.0714243217080366e-05,iam,9771,"What are you waiting for , darling ? The officer is",10.655833,-42.70459
1,1,0.9999001026153564,emuru,9013,a new and strange phenomenon .,1.2359041,31.135965
0,0,2.1183068383834325e-05,iam,8993,There can be little doubt that if the,11.529512,-44.682076
1,1,0.999941349029541,emuru,10126,"Gay , and don't even contemplate throwing",-13.749574,26.506685
0,0,5.230156602920033e-06,iam,7974,started day one again and so on .,9.747721,-39.7413
0,0,4.773854470840888e-06,iam,9091,"wives , romanced about him in his absence . "" Lester was a",-12.129999,-29.375944
1,1,0.9998550415039062,emuru,7951,"if she made a list , followed a routine of work",8.47393,16.763529
0,0,0.0006649043643847108,iam,9893,must continue as before . During this period the Captain,-3.9276152,6.6405745
1,1,0.9998916387557983,emuru,7826,of twelve or thirteen under the,4.4877687,11.74985
1,1,0.9999716281890869,emuru,9305,"Rev. Edwards , standing at the front ,",-3.5722308,18.100004
0,0,7.050971180433407e-05,iam,8552,"saffron , Soles , onions , garlic , roach and dace .",7.071932,-21.932045
0,0,0.00011243612971156836,iam,8662,Social service as a function of government,-2.049174,-45.98207
1,1,0.9999860525131226,emuru,10025,"taxi . "" Just a moment , darling , "" Gavin pressed her",-13.575069,47.574005
1,1,0.9997902512550354,emuru,9772,"yourself , "" she said with mock severity .",-3.729716,29.335594
0,0,1.2423884072632063e-05,iam,8020,already in the hands of the Redactors .,-9.211071,-8.148408
1,1,0.9999983310699463,emuru,8528,"writers , music composers and other",-18.230148,32.91679
0,0,2.754785236902535e-05,iam,8706,"at ' colloquies of merchants ' , and whose",-0.3513519,-39.954132
0,0,0.00456828810274601,iam,9388,Flor - this other man creature is plainly useless -,-4.59831,-7.580606
0,0,7.90518315625377e-05,iam,10129,glad to be able to occupy herself .,-7.9865136,-32.32314
1,1,0.9999822378158569,emuru,8569,it # impaired the intellectual faculties . Bunyan's,-6.030657,16.170076
1,1,0.9999806880950928,emuru,10027,"hand and smiled . "" I want to check up on the",5.5098753,40.123474
0,0,3.857466708723223e-06,iam,8777,"and of the artery-like vein , and expulsion of the",-1.5383435,-40.24297
1,1,0.9999973773956299,emuru,8574,in food . At one dinner he is said to have,-15.539165,34.93054
0,0,0.0007920929347164929,iam,7463,""" My September Love , "" the big David Whitfield hit of 1956 .",0.12890156,-17.490131
1,1,0.9999834299087524,emuru,8544,"could outdo ; Green herbs , red peppers ,",-3.276274,51.25015
0,0,3.468981958576478e-05,iam,8216,"a dark moustache , and wearing a frockcoat",9.222055,-19.453094
1,1,0.9999979734420776,emuru,9005,"some weakness , and find a way of fighting",-1.3927591,39.370605
1,1,0.9999878406524658,emuru,8407,his birthright to him for a mess of pottage - and,3.2566748,45.055054
1,1,0.9999051094055176,emuru,7487,affairs . The Wesker interview will be seen at a later,-4.294049,42.372448
1,1,0.9999608993530273,emuru,8344,ladies toying with these primitive morsels in the,17.473389,25.772009
0,0,7.940498107927851e-06,iam,8633,of the French war was a navy in unquestioned,5.0251136,-17.24958
1,1,0.9999568462371826,emuru,7807,Or when he found cock-fighting going on in church ?,2.9521582,19.47242
0,0,0.00031085105729289353,iam,8089,"helped and hindered by water flow ,",-13.77142,-11.155886
1,1,0.9999783039093018,emuru,8905,' Coulsdon and Purley Patriotic Fund ' in whose counsels and committees,-1.6304744,40.67755
1,1,0.9998089671134949,emuru,10082,decided to go back and join Lilyan and,2.4255662,23.753746
0,0,7.259261474246159e-05,iam,10080,"Gay stood irresolute for a moment , half",-10.365912,-17.057272
0,0,4.300957880332135e-05,iam,10213,very evening ?,14.719352,-24.048891
0,0,0.00014003555406816304,iam,8812,"evening , when George went to speak at Malin Bridge ,",-1.8150946,-12.904678
1,1,0.9999496936798096,emuru,9590,hardly have spoken with more contempt .,8.093293,32.73255
0,0,1.8021290088654496e-05,iam,8324,dance ; nothing the German would,10.7540455,-29.440557
1,1,0.9999885559082031,emuru,7679,"that your heart be not deceived , and 1ye turn",-13.930894,38.79895
1,1,0.9999881982803345,emuru,7497,"scene , ranging from pubs , the Eton wall game ,",-4.2133965,41.824368
1,1,0.9999877214431763,emuru,8428,"Anyhow , Homer does not seem to have known any",-0.61500645,46.480766
0,0,0.00016508906264789402,iam,10097,ging a smile .,-0.71414936,-11.969782
1,1,0.9999101161956787,emuru,9887,though in peace time these happenings are few and,-6.901074,37.547974
0,0,3.943343472201377e-06,iam,10256,"what you 'd get , "" she flashed at him , and",-11.0798855,-28.678387
1,1,0.999778687953949,emuru,9345,things we will tell you . All who make the journey from,-7.0879583,46.900543
1,1,0.9999808073043823,emuru,8691,"None of these classes , except the yeomen , paid or",-17.914194,30.765604
0,0,0.000540784967597574,iam,10368,"just dusty-grey but muddy , slimy even .",-7.0611978,-45.831432
0,0,6.485060566774337e-06,iam,8282,"doctor , the woman , young , small , and rather plump ,",16.982567,-39.589462
0,0,4.34712455898989e-05,iam,7800,"by Calvinists and Puritans , and the sentiment was",-12.654406,-47.416515
1,1,0.9999721050262451,emuru,8886,"warming up by constant prayer and worship , and we",2.7133875,45.41367
0,0,3.888395440299064e-05,iam,8111,shoals that gather at the Knoll or,-14.078425,-41.53324
1,1,0.9812359809875488,emuru,7814,"that their fears are groundless , indeed to us they appear laughable ,",11.068353,29.286406
0,0,7.813495176378638e-05,iam,9426,so much confidence in her . Once again,-8.549247,-47.0881
0,0,1.6613070329185575e-05,iam,7616,Such a Shamir possesses the real acid,12.083551,-33.944256
1,1,0.9999797344207764,emuru,10083,"Larry's advice flashed through her mind ,",2.187512,22.612959
0,0,7.88780307630077e-05,iam,8066,' The Holy Spirit manifested itself in three places :,-6.0866556,-9.792563
1,1,0.9999954700469971,emuru,8539,baisse and sang - This Bouillabaisse,12.347829,49.99409
0,0,3.4109383705072105e-05,iam,9136,"had to get to pay off their college bills , were naturally",1.0398837,-21.382692
1,1,0.9999481439590454,emuru,8709,excess of the rate for native merchants .,2.6184561,21.417336
1,1,0.9999349117279053,emuru,7822,"into themselves , so that they become",-18.464516,27.404572
1,1,0.9997391104698181,emuru,8530,the gusto which they derive from gastronomy is intellectual,12.423218,36.445133
1,1,0.9998774528503418,emuru,8023,because the Mishnah deals with the,6.4318414,29.941954
1,1,0.9999566078186035,emuru,8649,"war , there was a constant stirring of",-11.608052,31.77973
0,0,7.649500184925273e-05,iam,7706,And the tsitsits had a message sealed inside the knots,15.846294,-26.812967
1,1,0.9999047517776489,emuru,7772,to the Catechism following ' were added . But Confirmation,9.697992,53.24879
0,0,1.5507488569710404e-05,iam,8234,have been very thankful that the science of,-1.3001208,-20.57822
0,0,6.7312823375687e-05,iam,8527,There is the same finesse about their,-13.231595,-26.144936
0,0,8.28713473310927e-06,iam,9569,""" As your employee it 's not my business",-5.549991,-22.749025
0,0,3.056670175283216e-05,iam,8354,"persisted down the ages , the motive that preserved",5.250762,-42.345135
1,1,0.9999876022338867,emuru,8882,for prayer and quiet . In time we received similar,1.9275398,40.569996
0,0,8.976790923043154e-06,iam,8725,scale of payments was fixed for the,-1.0508598,-29.082973
0,0,8.303842150780838e-06,iam,9479,"thought he could recognise the route of N12 ,",12.91169,-38.8485
1,1,0.9999798536300659,emuru,8777,"and of the artery-like vein , and expulsion of the",-17.187662,35.57647
1,1,0.9999603033065796,emuru,9116,which had grown up during the Moon's,2.174916,36.258347
1,1,0.9999347925186157,emuru,9233,away at a rate of knots .,-7.3916855,24.895449
0,0,0.010499706491827965,iam,7940,necessary weariness . ( a ) Order makes for a decrease in tiredness .,-7.2491975,-11.375549
0,0,2.8237791411811486e-05,iam,7976,Monday was day six and Tuesday,10.654913,-41.017338
1,1,0.9999525547027588,emuru,7673,seeking self .,2.0599253,43.1477
1,1,0.9998399019241333,emuru,9845,we give him the publicity . ' The Honourable,-1.7498617,30.03996
1,1,0.9999856948852539,emuru,9721,few moments later the yawl was upside,5.304807,25.131054
1,1,0.9998049139976501,emuru,9449,turned the scale slowly to cover the,-7.8203626,11.25254
0,0,0.0006364128785207868,iam,10230,""" What about it , my sweet ? "" "" Well , "" she laughed",-11.282006,-18.340904
1,1,0.9999836683273315,emuru,8890,such a beautiful building with suitable fittings ; I made,-5.0436883,43.275818
1,1,0.9997970461845398,emuru,8555,in France as is tea drinking among ourselves and it is,2.266181,30.012901
1,1,0.9999929666519165,emuru,9203,Dinas Motor Omnibus Co. to ask what had happened to their,16.933859,39.092438
0,0,5.930341285420582e-05,iam,10305,felt that part of her was leaving,-10.354076,-40.73203
0,0,7.990720769157633e-05,iam,7795,"the Jesuit , Fisher . But anyone who was friendly",1.010336,-42.014565
1,1,0.9999881982803345,emuru,8192,"small , a matter of a foot or two . With round",-1.3454146,39.53212
1,1,0.9998028874397278,emuru,9990,outbuilding where the grave digger kept his spades,-0.7288106,22.64637
1,1,0.9999581575393677,emuru,7530,how this enlargement was effected nor has he,-7.4822073,29.077402
1,1,0.9996569156646729,emuru,8296,forthcoming about any carriage with an open,-10.965047,30.959347
0,0,4.904180241283029e-05,iam,9201,""" Good-bye , Dai , "" said Morfydd , smiling from the bottom step .",-16.799889,-43.407703
1,1,0.9999756813049316,emuru,8908,task involved a very great deal of detailed work for,-9.152151,21.911043
1,1,0.9983900785446167,emuru,7696,"they may be as frontlets between your eyes . "" First to",-5.8622365,35.1299
1,1,0.9995307922363281,emuru,9014,foot to Dan's house . Dan came,5.7674117,29.245165
0,0,0.00013928765838500112,iam,8557,"food , believing that it impaired the",9.26673,-25.849651
0,0,1.5260360669344664e-05,iam,9474,along which he had motored so desperately little,13.831969,-37.302753
0,0,8.477966912323609e-05,iam,9425,she checked back her instructions . It was,-12.71878,-19.261091
1,1,0.9999514818191528,emuru,8093,the Fladen Ground ( where again most big,13.787249,46.78248
1,1,0.9997871518135071,emuru,9510,north of the island .,13.762742,46.99689
1,1,0.9999898672103882,emuru,9573,"sake show a glimmer of reason , "" was his",-2.169576,36.577885
1,1,0.9995846152305603,emuru,8482,of it in almost any provision shop .,11.054033,50.200077
0,0,0.0018060404108837247,iam,10205,"I 've got to see 'em . If I am free , though ,",-6.69962,-20.392427
1,1,0.9999911785125732,emuru,9068,"know , I had to send back our bedroom",-13.106651,41.055218
1,1,0.9999854564666748,emuru,7789,became the foster mother of some of the most,-10.886858,20.895483
1,1,0.9998458623886108,emuru,7719,the salt-water at the Seder-Table represents the Covenant of the Torah,-5.4515967,38.143074
1,1,0.9999806880950928,emuru,7631,"Lord , as the waters cover the sea . "" ( Hab. 2 , 14 . )",-8.222349,41.25577
1,1,0.999996542930603,emuru,9482,of the journey back to the place where every,14.923736,43.032177
0,0,0.0008437390206381679,iam,7596,A natural transition from gardens and,-12.435922,-13.768093
1,1,0.9993313550949097,emuru,7870,The mind tires first and conveys the impression,9.441517,18.003311
0,0,0.00019589759176597,iam,8840,"with them , particularly those who , like the Rev.",-12.989899,-41.54464
1,1,0.9999750852584839,emuru,9764,inside a submarine casing to defuse a Jerry,-4.385963,20.799152
1,1,0.9999746084213257,emuru,8785,of blood from the wound . Arterial diastole is,-11.769669,49.164722
0,0,0.00011131736391689628,iam,10134,to get out her compact and saw Grace's,-8.181883,-12.186381
1,1,0.999929666519165,emuru,7910,sleep in blissful ignorance of what might,-14.896942,30.56744
0,0,0.0002257047308376059,iam,9991,of the church where there was a small open,11.521783,-44.593773
1,1,0.9999552965164185,emuru,7936,need to be handled correctly .,-2.3781612,39.55781
0,0,3.379908230272122e-05,iam,9078,sphere of the sun . A matter which on Earth would hardly,-1.5243322,-47.581028
0,0,9.224068890034687e-06,iam,8031,by the Gemara in support of R. Joshua b.,-7.7457275,-25.850811
1,1,0.9999767541885376,emuru,10228,""" 5Ye-es ? "" he lowered his eyes and kissed her on the",-10.186366,33.51096
0,0,8.868114491633605e-06,iam,9984,Mr. Copthorne knew a way round by the side,9.909168,-36.1546
1,1,0.9999839067459106,emuru,7469,round a doll's house .,7.634603,37.69152
0,0,0.00012080067972419783,iam,8795,"said so . Being a craftsman and a skilled man ,",-3.3356,-45.48975
0,0,8.0965237430064e-06,iam,9043,"walked , or drove , or waited as a person possessed of",8.815119,-31.820047
1,1,0.9995794892311096,emuru,10240,to have an open quarrel,4.959423,37.231873
1,1,0.999984860420227,emuru,9276,"earth , and it seemed to her that she",-1.6301178,17.643726
1,1,0.9999957084655762,emuru,9109,But privately he turned out to be as friendly as,6.1738806,45.51762
1,1,0.9999880790710449,emuru,9915,and have a look at the mining camp .,-10.701827,24.614346
1,1,0.9998506307601929,emuru,7727,"meek : "" But the meek shall inherit the earth ; and shall",-7.3750296,47.09556
0,0,0.00028339039999991655,iam,9346,tigerfly is not a tigerfly until it changes . So humans,1.3427277,-9.72382
1,1,0.9999825954437256,emuru,8961,loses its beat in death .,-2.6925838,16.628899
1,1,0.9999990463256836,emuru,9189,"mood . Even the Indian servants relaxed , knowing ,",5.5587754,40.793888
1,1,0.9867460131645203,emuru,8635,"Brittany was compelled to attack via Calais ,",13.282297,26.781017
1,1,0.9997583031654358,emuru,8245,Some thought that the result would be all,-7.3241982,26.77101
0,0,5.720002809539437e-05,iam,9128,step . He looked as if nothing Moke and his,-7.6613736,-48.091587
0,0,4.534275831247214e-06,iam,8755,"arithmetic which argued that , as the first",-2.7713234,-38.2538
1,1,0.999923586845398,emuru,10204,""" Bless you ! I hope Luke is suitably grateful , darling . "" "" Oh , well , """,-9.016504,24.156147
1,1,0.9998809099197388,emuru,8849,"Council meeting on October 16 , 1912 , George",-12.537897,34.094574
1,1,0.9999234676361084,emuru,8220,"defective , and , despite his claim to infamy ,",-6.7088885,39.3921
0,0,1.1447415090515278e-05,iam,9839,"Service matters . """,3.7831678,-19.885712
0,0,0.0005676582804881036,iam,9719,With four doing the job and the waves,-13.1064415,-10.860854
0,0,1.7093239875975996e-05,iam,9689,"everything , when he wants to . """,-4.3413515,-42.124462
0,0,1.6930323909036815e-05,iam,10347,origin of her recent illness . His notes,-14.220566,-42.7002
0,0,5.359416718420107e-06,iam,7993,the washing on a Monday .,11.102254,-40.387577
1,1,0.999907374382019,emuru,9381,command the knives of others . ' ' No hurt will,-4.4394655,45.910946
0,0,1.1584407729969826e-05,iam,10023,and her luggage had disappeared and they were alone,-7.948719,-25.933231
0,0,2.0062216208316386e-05,iam,8739,by a Parliament which met at Northampton .,-4.3968115,-37.068283
1,1,0.9999725818634033,emuru,8858,"Alf Barton , who in 1911 was presented",14.841946,38.83135
0,0,2.0947647499269806e-05,iam,8900,"became very urgent , and I was asked to be Chairman",4.0295663,-13.648522
0,0,1.2534131201391574e-05,iam,9015,nor sound of flying saucers . So they,-11.038141,-29.93653
1,1,0.9999866485595703,emuru,8423,"length subside , He throws a bed of glowing",-11.415006,44.576584
0,0,1.4563811419066042e-05,iam,8784,"the ventricles , there is often forcible expulsion",0.7589461,-25.614407
1,1,0.999028205871582,emuru,8037,answer or that our sugya is quoting from,6.6439066,28.893711
1,1,0.999990701675415,emuru,9007,ting how the Thetan machinations had been,1.6745101,48.428326
0,0,6.302205292740837e-05,iam,9766,"came to the rescue . "" You haven't introduced",-4.6902957,-51.971756
0,0,0.00015082319441717118,iam,8116,and fishing gear leads to an overall,-12.814056,-41.88542
0,0,2.0796393073396757e-05,iam,8954,upward and shook his head slowly from,7.7167816,-16.121946
1,1,0.9990843534469604,emuru,9961,over a fairly wide area working singly or,11.930776,51.398117
1,1,0.9997730851173401,emuru,7553,it is now used to mark a paragraph ending . Frequently,-8.946268,39.303276
0,0,2.940199374279473e-05,iam,7724,Tradition .,9.314052,-27.829441
0,0,0.00010153781477129087,iam,9047,"as arranged , but he consoled himself by",-0.0036272437,-37.542118
0,0,4.323774646763923e-06,iam,8039,quoting a well-known question and,2.8208845,-34.439953
0,0,3.052880128961988e-05,iam,9134,"Stepping out in their white shorts , they looked glad enough",-8.904856,-18.076345
1,1,0.9998953342437744,emuru,9103,Sentence Database,0.23042087,41.729855
0,0,2.3025606424198486e-05,iam,8065,on the saying of R. Joshua b. Levi which,-6.291456,-36.03572
1,1,0.9998655319213867,emuru,9002,on her part ; but he thought it a good idea,-2.2737703,27.17544
1,1,0.9994124174118042,emuru,10305,felt that part of her was leaving,12.567449,20.303658
0,0,2.328724440303631e-05,iam,8446,they broke fresh ground and called another sense,6.765542,-23.095127
0,0,0.00012314703781157732,iam,9910,men who 'll be after that coach I 'm interested,-11.804791,-9.594378
1,1,0.9999372959136963,emuru,8913,life .,-11.168814,42.368664
1,1,0.9999980926513672,emuru,8682,The people - Langland's ' folk ' and Gaunt's,-8.506809,50.901005
0,0,1.1578398698475212e-05,iam,9745,"famous Portsmouth hostelry , second only in historic",4.5866294,-46.92565
1,1,0.9999876022338867,emuru,9413,"his own life , but Geoffrey's as well , to a strange girl",18.42634,32.38808
1,1,0.9999493360519409,emuru,9293,"few lone stars , and the distant earth",-1.6915656,20.86541
0,0,0.00017814537568483502,iam,8903,co-operation especially with the other Christian communities .,1.6491424,-5.7250137
0,0,7.733882739557885e-06,iam,8901,"I found myself deeply involved . At first , the main work was to help",-15.704499,-23.76536
0,0,0.0013865181244909763,iam,8973,flying saucer was tilting and dipping over,-0.7277811,-4.863233
0,0,0.0007892625872045755,iam,8596,but all the Chelsea philosopher did in return was to,2.5008478,-39.7004
1,1,0.9995285272598267,emuru,7695,"shall teach them to your children . "" And as we have go-",14.410941,26.44577
0,0,1.835045259213075e-05,iam,9121,which might in time become social fact,-4.847537,-17.336554
1,1,0.9999840259552002,emuru,8815,they would be there to begin the meeting .,3.0130293,47.503418
1,1,0.9999421834945679,emuru,8571,"had a great contempt for animal food , believing that",13.149365,31.516327
1,1,0.999500036239624,emuru,7543,which is most likely to have been the original,9.848988,30.848791
1,1,0.9999630451202393,emuru,10013,""" You 're very early about , sir , "" he said , trying to",17.358986,28.847271
1,1,0.9998886585235596,emuru,10131,"letter . She drew it out and opened it ,",-6.7770877,25.125517
1,1,0.9962297081947327,emuru,9591,"dares to stand up to him . """,8.787097,21.501131
1,1,0.9999178647994995,emuru,9100,"at the same time a door banged - "" but don't",-13.8183155,24.861504
1,1,0.9999597072601318,emuru,9271,looked down at the fast-disappearing,-0.30753064,27.162716
1,1,0.9992984533309937,emuru,8550,"The "" pot-au-feu "" is as much a national institution",10.420562,33.714314
1,1,0.9996100068092346,emuru,10341,"her word . There was enough evidence ,",5.929719,38.86791
1,1,0.9999029636383057,emuru,9039,"First , it was Sunday morning ; and , second , everyone",1.8021879,29.589317
1,1,0.9999911785125732,emuru,9738,months ashore while Pericles was refitting in the,-0.4609937,20.766968
0,0,0.0001728297647787258,iam,7539,THE Fourth Gospel was almost certainly,7.48956,-26.49433
1,1,0.9999775886535645,emuru,7544,text with absolute precision .,-12.417463,24.616695
1,1,0.999984622001648,emuru,9942,could see far over west and north for many,-7.079058,29.469137
1,1,0.9998296499252319,emuru,8633,of the French war was a navy in unquestioned,17.387838,32.548294
1,1,0.9999850988388062,emuru,10076,"Doc , while she wanted to do no more than",1.4532856,22.381432
1,1,0.999812662601471,emuru,8720,borders between private and public purse were,14.185929,29.22817
1,1,0.9999873638153076,emuru,8754,Trebling the rate was arrived at by a simple,6.290244,36.108593
1,1,0.9999769926071167,emuru,8405,"make water hot by dropping a red-hot poker into it ,",-2.728467,45.879402
1,1,0.9997102618217468,emuru,7726,11 ) . That gives us freedom from want .,7.122508,33.662178
0,0,0.00020865276746917516,iam,8536,"The "" pot-au-feu "" is as much a national",-11.578078,-26.2268
1,1,0.9999970197677612,emuru,8326,Italian would not sing ; no music,15.718307,43.895638
0,0,6.483533070422709e-06,iam,8245,Some thought that the result would be all,2.3392339,-30.862434
0,0,0.00016952240548562258,iam,8623,the longbows of yeomen could pierce the,15.408366,-21.861502
0,0,0.00010612191545078531,iam,7870,The mind tires first and conveys the impression,-5.2610364,-43.982643
1,1,0.9998359680175781,emuru,9075,"Sally made a mistake about me , "" he said one",20.497416,31.154736
0,0,3.6283661756897345e-05,iam,9251,"Immersed in the Dinas Advertiser , was the",-9.223141,-46.331535
1,1,0.9972848892211914,emuru,9514,express their disgust at Sir John's abominable treatment,7.421532,53.32521
0,0,1.6068321201601066e-05,iam,8335,"many centuries ago , in some cave or hilly",-12.376132,-44.861176
1,1,0.9999632835388184,emuru,8895,to put beautiful things into a beautiful church,1.4231834,47.7943
1,1,0.9999405145645142,emuru,8911,"Indeed , for the next seventeen years , during my time at",0.25866085,47.939365
0,0,1.156570669991197e-05,iam,10081,"loved her , was already flirting with a girl",-5.125384,-17.916685
0,0,4.936640470987186e-05,iam,8182,was actually just off the bottom and was,-5.6117487,-45.70128
0,0,1.098465236282209e-05,iam,10322,what they were saying . Sandra,0.24901308,-36.669064
1,1,0.9999825954437256,emuru,9717,You look . Little one more as fifteen,-13.421864,27.704498
1,1,0.9999822378158569,emuru,9890,must present an unruffled appearance and carry on as,-12.392452,43.35797
1,1,0.9999479055404663,emuru,10270,"if one walked slowly , between road and",4.7850723,19.787104
1,1,0.9999823570251465,emuru,8876,had been a House of Prayer . I could not but feel the,8.319416,52.393272
0,0,2.7057765692006797e-05,iam,8764,"the heart becomes generally constricted , its walls thicken ,",1.0328423,-21.266788
1,1,0.9999637603759766,emuru,8085,the herring must continue to migrate over,11.825905,19.801916
0,0,0.0009779306128621101,iam,9182,Mr Septimus reserved and certainly very,-4.0688467,-9.266094
1,1,0.9996356964111328,emuru,8176,"sea-bed , though the footrope in this case",13.328874,19.802448
0,0,1.3501065041054972e-05,iam,8191,but more films are needed to prove this .,-13.192084,-23.091743
0,0,2.2433107005781494e-05,iam,9070,"was a Static Mib , the middle-income-bracket equivalent",7.0885167,-30.198635
1,1,0.9999841451644897,emuru,7541,scholars who have compared the many manu-,-18.527391,32.537212
1,1,0.9999692440032959,emuru,9698,""" Willie , "" the judge said huskily ,",9.021606,35.682224
1,1,0.99951171875,emuru,8435,from lifted urns .,0.05661834,29.054554
0,0,7.802172149240505e-06,iam,8285,into the path of some train ? This hardly seemed,13.558858,-16.50403
0,0,0.00044282362796366215,iam,7755,brought out from under the burdens of Egypt ?,-0.8420207,-9.12638
1,1,0.9998764991760254,emuru,9028,Heather and Steve tried to make themselves,-12.420189,41.271
0,0,6.557666347362101e-05,iam,9294,The beleaguered passengers peered out of,-6.312148,-42.124443
1,1,0.9999500513076782,emuru,8792,"three auricular beats , produce a single",-6.4071894,50.720127
0,0,0.0003500652383081615,iam,7631,"Lord , as the waters cover the sea . "" ( Hab. 2 , 14 . )",1.1390295,-21.147427
0,0,1.6435955330962315e-05,iam,9505,""" I caught him just as he was going to the",4.5138535,-27.92913
0,0,3.44253821822349e-05,iam,9319,"pool and ration our supplies of food , if any . """,2.16286,-38.759773
1,1,0.9997674822807312,emuru,9347,"stubbornly , throwing himself down . But Lily-yo and",-6.02951,32.087402
0,0,8.73470889928285e-06,iam,8101,gravelly soil of these many roughs where the spring-,12.92974,-41.687473
0,0,5.916192822041921e-05,iam,7587,"over the binding , or the whole codex rebound .",5.5497413,-35.7192
1,1,0.9996451139450073,emuru,7599,supply . The pools are probably natural springs,17.970205,25.167871
1,1,0.9999146461486816,emuru,10000,baptism according to the sect his parents belonged to .,5.9451447,27.306755
0,0,9.214186320605222e-06,iam,7553,it is now used to mark a paragraph ending . Frequently,13.773795,-23.127892
0,0,1.0939154890365899e-05,iam,7955,I am more than conscious of this . How anybody,-6.299979,-43.6305
1,1,0.9961870312690735,emuru,9824,"companion . "" You want me to talk , is that it ? """,-5.356489,30.376696
0,0,5.067588972451631e-06,iam,9051,"back on Moon again , and able to do",9.777076,-39.647976
0,0,1.3190656318329275e-05,iam,7822,"into themselves , so that they become",-8.433074,-21.615911
1,1,0.9996050000190735,emuru,9743,baggage and unpacked his overnight-bag he,13.951937,26.575493
0,0,3.2637399272061884e-05,iam,7864,"To others , the long hours of the night bring",7.6101313,-24.829218
0,0,0.00020014855545014143,iam,9369,"itself and declared , ' To be a good shape is not all",-6.0399423,-15.298743
0,0,0.00010960677900584415,iam,8384,"Epicures and gourmands , sated by the unending",-2.6269789,-24.387512
0,0,0.00026913665351457894,iam,7986,"It was a little complicated to work ,",-15.874128,-9.86246
1,1,0.999727189540863,emuru,10278,masterfully . ' You wanted it so,12.95869,18.05846
1,1,0.9933260679244995,emuru,10316,Love . She revolted against,8.434841,28.603344
1,1,0.9999326467514038,emuru,10325,talking to Nicholas and wondering,7.9719877,19.248426
0,0,1.154578148998553e-05,iam,7764,"but those hopes were dashed . True , a new Prayer",-1.3142414,-38.318977
1,1,0.9998164772987366,emuru,8115,though somewhat dim picture .,6.7245097,19.70385
1,1,0.9999940395355225,emuru,8512,"essentially French , and , irrespective of",3.683084,43.481884
1,1,0.9996902942657471,emuru,9147,"' Something 's up , ' said Lord Undertone ,",6.413147,33.895264
1,1,0.9998999834060669,emuru,10259,then regarded the ring which he retrieved,19.154293,26.970724
1,1,0.9999812841415405,emuru,9716,"huh ? """,14.896002,41.85987
1,1,0.9999686479568481,emuru,9795,know how you newspaper people value that commodity ! -,-2.603998,32.95299
0,0,0.0007168332813307643,iam,8918,throughout . He had no sooner heard from Count Gamba,-6.7366223,-49.066948
0,0,2.2450183678301983e-05,iam,7568,"was generally a single-sided form of book , and it was not",5.1645784,-26.359226
0,0,1.5203185284917708e-05,iam,9327,"Stared back did Price the Provisions , unwinking .",-12.883519,-33.63858
1,1,0.9999582767486572,emuru,8941,his toes . He stretched his arms,-9.923456,42.70672
0,0,0.0006174292066134512,iam,10210,"hours . If they get in before eight-thirty , even",-2.793418,-10.937086
0,0,3.440391810727306e-05,iam,8123,fish at a certain spawning ground may,-7.941613,-41.022236
1,1,0.9999903440475464,emuru,8998,"I haven't a clue ; but , who knows ,",8.485235,47.63374
1,1,0.999992847442627,emuru,8496,than is customarily imagined as well as entering human,2.8728023,37.114414
0,0,2.518055225664284e-06,iam,9220,"some dreadful ravine , or beset by",2.70301,-36.57611
0,0,6.954817217774689e-05,iam,7569,"overwhelmed Herculaneum and Pompeii in A.D. 79 , his",0.75249135,-43.065174
1,1,0.9999722242355347,emuru,8187,would seem to be even more essential ;,-16.849522,40.679317
1,1,0.9999700784683228,emuru,9895,if nothing unusual has happened . Harry Turton had,-6.5240755,33.67041
1,1,0.9997169375419617,emuru,9006,not have been entirely an objective suggestion,3.5163229,16.140812
1,1,0.999441921710968,emuru,10002,"canery and corruption , the growth of the dea-",9.7173605,51.343384
1,1,0.999933123588562,emuru,10260,which had followed her slim young figure,-8.117021,16.896713
1,1,0.999923586845398,emuru,8789,one can sometimes see it - so to speak,-3.4563353,45.34332
0,0,0.0027434220537543297,iam,10259,then regarded the ring which he retrieved,-19.411596,-15.587882
1,1,0.988695502281189,emuru,8239,were many people who believed that to travel,-5.886738,36.120007
0,0,0.00011531123163877055,iam,9547,"to make the presentation , I run the damned",-5.0457745,-47.88671
0,0,5.017365765525028e-06,iam,10084,Gavin although he had told her that he,1.1721011,-32.25276
0,0,1.4462154467764776e-05,iam,8236,solution emerged . There has always been something,10.413951,-11.075479
0,0,0.0004688058397732675,iam,8593,placing his food in his mouth and gulping it down as,-14.6565485,-45.89592
0,0,2.2325968529912643e-05,iam,8135,and Suffolk beaches .,3.5386622,-36.575294
0,0,1.815615178202279e-05,iam,9324,a great basket .,2.1995785,-29.082148
0,0,2.2834179617348127e-05,iam,9275,"fortitude , it now filled her with",1.6706669,-36.05809
0,0,4.880758569925092e-05,iam,7750,burdens of Egypt : How was it that Israel was,2.8414416,-12.240816
0,0,2.195089473389089e-05,iam,8177,indeed passing over some fish .,-8.1554165,-44.342194
0,0,4.8383000830654055e-05,iam,8882,for prayer and quiet . In time we received similar,-15.43486,-31.128489
0,0,3.32307317876257e-05,iam,9066,Board .,-13.0889015,-26.75186
0,0,1.8280412405147217e-05,iam,9187,"for such protection as our presence , or Mrs",-1.1193044,-25.423285
0,0,1.991744829865638e-05,iam,7732,( This is the PARDUS . ) Matzo represents,-2.57439,-24.409744
1,1,0.9998717308044434,emuru,9907,"in , Johnny . "" "" I know . But if lead starts",15.516023,34.40696
0,0,8.196034468710423e-05,iam,7486,first big T V part . The play was a brilliantly-written,-13.523929,-32.915314
0,0,4.4787124352296814e-05,iam,9943,"a vast stretch of hills , canyons , buttes and",9.812473,-37.570568
0,0,1.4579251001123339e-05,iam,8482,of it in almost any provision shop .,4.7559366,-23.916533
0,0,0.0001806223881430924,iam,9615,I doubt it . He 's about as easy to push around,-5.2360625,-49.033394
0,0,1.625076765776612e-05,iam,10152,her .,-12.616413,-28.048986
0,0,1.0733008821262047e-05,iam,9784,one in return and he was lonely .,0.25227696,-38.210846
1,1,0.9998612403869629,emuru,8529,"her writers , music composers and other exponents of",5.0336595,33.29636
0,0,5.724840320908697e-06,iam,9332,"Mutinous dog , thought the Rev. Edwards , who hadn't",5.8840528,-33.75014
1,1,0.9999406337738037,emuru,9692,"reached the pier , the judge on legs",8.415407,47.552372
0,0,3.620143252192065e-05,iam,8347,gleam and glitter of our latter-day restaurants .,-0.85062313,-45.1832
1,1,0.9999699592590332,emuru,10055,"Lilyan remonstrated . "" They want to be",-3.3807273,17.928152
0,0,2.3347149181063287e-05,iam,9277,""" But Eth and me wanted to be",-12.723563,-35.521458
1,1,0.9999879598617554,emuru,9611,"able destination . "" "" There 's a difference",21.281927,34.55703
0,0,6.159659824334085e-05,iam,9032,turned the tuning knob through all the,1.7471913,-9.964156
0,0,2.683051752683241e-05,iam,8259,"momentary shudder , or idea of destruction , a thrill",0.4967791,-29.32026
1,1,0.9999978542327881,emuru,8547,prepared at least once a week in every bourgeois,4.069743,43.278732
0,0,2.4320921511389315e-05,iam,8331,say ; nothing an Italian would not sing ; no,6.714374,-45.815525
1,1,0.999991774559021,emuru,10011,"his head , so the verger described afterwards .",-10.805116,38.70797
1,1,0.9999228715896606,emuru,9202,"She was already up the bus steps , and the bus was away . And Morfydd Owen",15.088653,46.997135
1,1,0.9999176263809204,emuru,7563,reference .,0.724937,21.800234
1,1,0.9999974966049194,emuru,9813,"ssing . You 're in submarines , aren't you ? """,-17.76613,39.25936
1,1,0.9999521970748901,emuru,7816,"situation is frightening , and then to face",15.822203,46.749657
1,1,0.9998774528503418,emuru,10358,' You can't forgive him for this -,-3.2498734,20.54852
0,0,4.5641740143764764e-05,iam,8494,one of its most classic features to the Turkish rule under,4.271626,-23.629772
0,0,0.00021120280143804848,iam,9729,"said ; "" but I 'd better stop thinking that now .",-6.2012453,-18.338732
0,0,2.6838810299523175e-05,iam,9453,particular area within its range . Geoffrey,6.1416025,-29.565844
0,0,3.315463618491776e-05,iam,8591,"with Dickens says the menu was Whitstable oysters , a brown",5.353665,-43.08852
1,1,0.9999912977218628,emuru,8119,So the arrival of any particular shoal,7.408702,23.95828
1,1,0.9999219179153442,emuru,10080,"Gay stood irresolute for a moment , half",1.7057171,32.092186
0,0,7.11297752786777e-06,iam,9677,"quick shift of tiller , and at the same time",-4.1193414,-17.317999
1,1,0.9999486207962036,emuru,9507,said the first thing that came into her head .,-1.7392,33.14939
0,0,0.000226833057240583,iam,9942,could see far over west and north for many,-1.0508025,-11.196687
1,1,0.9922627210617065,emuru,10141,"it ran . "" Your cards are lovely . I rang up Miss Harland",9.441503,41.29691
1,1,0.9999914169311523,emuru,9893,must continue as before . During this period the Captain,-3.9148417,6.729806
1,1,0.9999709129333496,emuru,8193,"find safety on the bottom , this cover",-3.1633284,46.258427
1,1,0.9999562501907349,emuru,9733,sick . Just because he 's an Honourable he can do,18.617903,33.797195
0,0,9.94922061181569e-07,iam,10345,then Philip was so certain that Nicholas,-7.3344507,-29.474522
0,0,4.567518408293836e-05,iam,8817,they were able to obtain some respectable,-16.004267,-14.016966
1,1,0.9999780654907227,emuru,10215,"NUF 121 . "" "" He probably loaned his car",-2.862168,17.501268
1,1,0.9998499155044556,emuru,9460,was resting could really mean hundreds of knots .,8.233072,52.666492
0,0,1.997843719436787e-05,iam,10188,seen in Farlingham on an occasion he had sworn he had,-1.9976487,-17.870346
0,0,5.060850890004076e-05,iam,8750,"John de Kyrkby , a Londoner , was one of",1.9221711,-29.13636
0,0,1.298021470574895e-05,iam,8983,caped Thetan subjugation . This time . But we no,0.834594,-13.5556555
1,1,0.9999567270278931,emuru,8437,Above the coals the smoking fragment,0.8483888,36.873985
0,0,2.8884378480142914e-05,iam,8476,"alive , dipped in treacle and swallowed",8.5816765,-20.824696
0,0,1.940420588653069e-05,iam,7963,A lot of it is inevitable so that industry and,-11.055768,-39.035267
1,1,0.9999933242797852,emuru,8967,"... this is BBC calling ... """,-15.070669,37.057842
0,0,2.1993202608427964e-05,iam,7717,cure our mental incapacity we should be willing,-4.3028502,-20.650198
0,0,2.5313813239336014e-05,iam,8891,"the architect , himself a fine artist . It is quite possible",12.241985,-20.96241
1,1,0.9998780488967896,emuru,8378,"those days , as ever , ate sparingly , but",18.096382,33.91176
0,0,0.00032502348767593503,iam,9725,"and then we 'll all get hold and heave . "" A",-16.797405,-14.040676
0,0,4.5501627027988434e-05,iam,8332,would not do ; nothing an American would not,5.3052053,-43.13828
0,0,0.00017062756523955613,iam,7461,Become a success with a disc and hey presto ! You 're a star ... . Rolly sings with,13.392099,-21.982523
0,0,1.4093945537752006e-05,iam,7531,The one real weakness of the Commentator's,6.2887235,-23.728842
0,0,6.83885627950076e-06,iam,9101,"got all these lovely things "" - she waved a",9.105535,-16.002792
0,0,0.0006897601415403187,iam,7669,selfish and think only of one's personal advantage to,-6.577986,-23.026417
1,1,0.9999383687973022,emuru,10071,corner talking animatedly to Simone .,2.8250313,24.399908
1,1,0.999896764755249,emuru,9995,His curious headgear fell off . Strange things,11.895161,49.024643
1,1,0.9999306201934814,emuru,9998,"on , his leaping mind flashed pictures of chi-",-2.4398947,19.391544
0,0,2.8398751510394504e-06,iam,9184,we were all invaded by a most tranquil,9.82567,-19.783136
1,1,0.9999806880950928,emuru,9679,"corner of the pier by inches , and",1.3633035,47.781147
1,1,0.9999536275863647,emuru,7781,a Bible translation - the Authorized Version,-4.5099497,27.332737
0,0,1.073465682566166e-05,iam,9977,was never long on patience .,-14.746052,-30.185476
1,1,0.9997270703315735,emuru,8152,"Herring fishermen call this "" the outset "" . It",-7.2392473,32.338913
0,0,1.5652040019631386e-05,iam,9956,"four or five mile valley , sandy-floored . It",-8.737123,-38.9748
0,0,0.00011996957618976012,iam,10241,"joking , Nigel . "" "" You shouldn't joke",-17.106216,-26.788067
0,0,0.0001354166743112728,iam,10355,"can you ? ' ' Forgive is an unctuous ,",-5.7743325,-42.461945
0,0,4.25593025283888e-05,iam,9243,depth in this particular instance . Fingered,-6.2562523,-46.48887
1,1,0.9997469782829285,emuru,9408,"Motion there was , but motion without event - except",3.4678373,39.59408
1,1,0.9999419450759888,emuru,9560,"and his pals down . """,12.425519,34.22945
0,0,7.517626363551244e-05,iam,8910,and a series of excellent Honorary Secretaries . Our,8.374347,-14.845541
1,1,0.9997974038124084,emuru,8800,"George won many prizes , and though some people",4.8203154,31.460714
0,0,9.496818051957234e-07,iam,7563,reference .,1.3242124,-32.890224
1,1,0.9999899864196777,emuru,9079,penetrate beyond the minds of astronomers was of general,-8.195119,50.678944
0,0,0.00011972684296779335,iam,8090,great fisheries that depend on them :,-11.572543,-42.58714
1,1,0.9998458623886108,emuru,10090,"Simone on to the floor . "" It doesn't mean",-0.56265444,16.170958
0,0,0.0001298434945056215,iam,9785,He held out his hand and John could not do,-12.045175,-18.027914
0,0,3.147032475681044e-05,iam,8629,"battle was no substitute for a sound policy ,",16.006989,-20.232126
1,1,0.9995566010475159,emuru,8216,"a dark moustache , and wearing a frockcoat",-0.71499515,47.98409
1,1,0.9999333620071411,emuru,9525,For the time being Beryl was content to let,5.7176356,23.666544
1,1,0.9999772310256958,emuru,8335,"many centuries ago , in some cave or hilly",11.370076,31.802214
1,1,0.9999760389328003,emuru,9417,which must necessarily be subordinated to his,-8.601717,27.0152
0,0,0.00026944628916680813,iam,7591,"cannot think of an author , Mark for example ,",-1.2260975,-51.25718
1,1,0.9999650716781616,emuru,7592,sheet glued on might have to be gummed on,-5.134492,26.34272
1,1,0.9996799230575562,emuru,8373,himself go ; and it was from his simpler,0.68529385,35.652355
0,0,6.103719351813197e-05,iam,10006,was Mr. Copthorne all right . Perhaps he had,-16.637468,-15.381151
0,0,0.0002770125574897975,iam,7643,"language . The Shamir is the "" seventh "" and",12.50596,-36.331078
0,0,2.8470205961639294e-06,iam,9896,suitable for such occasions .,5.581742,-40.548203
1,1,0.9998359680175781,emuru,10134,to get out her compact and saw Grace's,-18.725433,32.348312
1,1,0.9998102784156799,emuru,7830,later chapter there are some situations,-7.3481045,27.028997
0,0,1.434504065400688e-05,iam,8286,He sent word straight away to near-by Merstham,18.339155,-21.820715
0,0,3.179827399435453e-05,iam,7953,aimlessly along is more wearying than any-,-16.357904,-39.910355
1,1,0.9998815059661865,emuru,7991,notice in the entrance saying which,-0.10635686,19.26083
0,0,3.724203270394355e-05,iam,9203,Dinas Motor Omnibus Co. to ask what had happened to their,-13.055439,-33.664864
0,0,2.1273826860124245e-05,iam,7973,knowing exactly what the subject,2.7657754,-14.425007
0,0,4.684549639932811e-05,iam,10183,She couldn't remember what they had been talking about or,-13.563565,-8.844967
1,1,0.9998527765274048,emuru,10318,"where was happiness , or",6.901874,22.719557
1,1,0.9998244643211365,emuru,8440,known any way of cooking meat,1.6667773,35.307003
0,0,4.055077806697227e-05,iam,8895,to put beautiful things into a beautiful church,2.533056,-25.993242
0,0,0.00018479673599358648,iam,9235,"But even his imagination , luckily for him ,",-9.115383,-11.490162
0,0,1.402094858349301e-05,iam,8986,"take charge , as it were , of the minds of the",10.828707,-34.565308
0,0,0.0011284303618595004,iam,9664,""" That boy ! That damned fool boy ! What does he mean",-14.796895,-17.925623
1,1,0.9999758005142212,emuru,10152,her .,-13.170408,26.574034
0,0,0.0005459008971229196,iam,10125,yourself away on a chap like that . You 're a,-12.292977,-8.149456
0,0,4.423954578669509e-06,iam,7837,In Gethsemane He prayed that the cup,-10.160614,-27.838968
1,1,0.9993637204170227,emuru,9993,a man was drowning and towards his last,6.549191,36.155495
1,1,0.9993754029273987,emuru,8238,hazardous business .,-5.3505054,52.110775
1,1,0.9992484450340271,emuru,8336,hold forth from a spear the welcome gobbet of,12.417657,24.05088
1,1,0.9997841715812683,emuru,8507,melody . The paprika and caraway perfume,7.1521697,47.28342
0,0,2.450386091368273e-05,iam,9137,"these young ones , on parade for jobs which they",-7.622479,-12.29698
0,0,3.06245374304126e-06,iam,8779,less because their pulse is nothing other,18.549068,-25.369225
1,1,0.9999948740005493,emuru,8501,celebrate the victory against the Turks in 1683 . Spanish,-6.8554926,43.268703
1,1,0.9997677206993103,emuru,9526,opportunity presented itself . He must,-7.9998946,20.67272
0,0,2.080535705317743e-05,iam,7793,first public acts was a hard-hitting battle with,-2.238545,-42.74587
1,1,0.999964714050293,emuru,7776,( which was never actually authorized ! ) .,-7.304122,24.74811
1,1,0.9997931122779846,emuru,8017,reading of the Book of Esther is quoted,-9.876596,28.83224
1,1,0.9992870688438416,emuru,9545,"like an ineffective imbecile . """,-0.7062301,25.43836
1,1,0.9999967813491821,emuru,8879,"chilliness of the new church , beautiful as it was and is .",-13.723353,37.212574
1,1,0.9999220371246338,emuru,8099,a deep-water channel to the Dogger where,6.901087,17.889029
1,1,0.9988800883293152,emuru,9958,We turned north into it and after about four,1.5786476,50.605236
1,1,0.9999954700469971,emuru,8582,without going through the formality of having his turbot,16.125296,20.475298
0,0,2.8673708584392443e-05,iam,8368,unlimited in its variety and its presen-,-10.468978,-32.91173
1,1,0.9934125542640686,emuru,7552,the opinion that in the original of the Fourth Gospel,-10.261282,41.181396
1,1,0.9999954700469971,emuru,8506,"Quixotic and withal it has a sombre ardour , with",-9.668939,47.898293
0,0,1.7675363778835163e-05,iam,8163,"sand ; or even in the case of flat fish , by vibrations",6.3777404,-36.305923
0,0,0.00045011815382167697,iam,10251,"me up for tea , of course . I just thought . "" "" I 'll see , """,-16.902302,-22.66726
0,0,8.857608190737665e-05,iam,7979,week being the same with a pupil,3.9362576,-41.06189
1,1,0.9994551539421082,emuru,8581,turned it over on the table cloth to,6.348497,51.632927
0,0,4.177618393441662e-06,iam,9119,and counteract the obsession with economics,-16.38295,-28.07916
0,0,2.4383343770750798e-05,iam,8246,"by it will be so heartily sick , what with the",-3.0022588,-44.05727
1,1,0.9998668432235718,emuru,8989,Thetans discover our mental independence,-16.245201,29.352272
0,0,0.0001775505079422146,iam,9588,on Guy's part that we missed seeing the,-5.979765,-49.3626
1,1,0.9999842643737793,emuru,8614,considerable skill at the siege of Limoges .,-3.5053265,45.90302
1,1,0.9999760389328003,emuru,7506,to make the strongest criticisms . He said,-6.718404,42.5087
0,0,0.0006536204600706697,iam,8548,about Bouillabaisse and sang - This Bouillabaisse a,-6.071193,-27.726954
1,1,0.9997937083244324,emuru,8310,remained a mystery until later the following day .,-4.6715035,39.68712
1,1,0.9999488592147827,emuru,9549,""" And I 'm heartily sick of being constantly called",0.07420813,26.612492
0,0,0.0005143902380950749,iam,8136,longshore fishings . The surface,17.063477,-40.433746
0,0,9.931332897394896e-06,iam,9901,He rode down to where I was waiting . I was,-10.20657,-20.21969
0,0,3.486865170998499e-05,iam,8319,rican would not say ; nothing an,-7.0334125,-33.28415
0,0,6.749061412847368e-06,iam,8166,aware of the moving footrope before,16.593533,-40.737938
1,1,0.9998161196708679,emuru,10208,replied readily . So how could Nigel have,-10.477222,48.706745
0,0,0.00015690454165451229,iam,7760,Book was issued in 1604 but the Puritans,-15.424242,-14.343299
1,1,0.9992939233779907,emuru,10037,Gavin and the girl who had got,10.839618,18.169895
0,0,7.488492428819882e-06,iam,8397,that amazing epoch of grossness and,2.4632738,-25.118307
0,0,4.475301830098033e-05,iam,7558,columns . This is the invariable practice of ancient,10.964037,-23.426731
1,1,0.9999452829360962,emuru,7774,This indicated how ephemeral in the Church had,-1.8428531,15.366959
0,0,9.163116374111269e-06,iam,8170,The evidence suggest that the fish are,-2.247327,-33.48042
1,1,0.9999969005584717,emuru,10205,"I 've got to see 'em . If I am free , though ,",12.525511,45.415947
1,1,0.9999374151229858,emuru,8983,caped Thetan subjugation . This time . But we no,17.860258,32.165493
1,1,0.999997615814209,emuru,7836,"finally defeat us . More than that , that God",-14.996337,39.10022
1,1,0.999976634979248,emuru,9535,"conversation that evening , for when",5.586643,49.23407
0,0,4.0103674109559506e-05,iam,9338,enjoyed himself so much since reading Treasure,-8.787195,-46.94724
0,0,0.00013728968042414635,iam,8411,"Does one , however , know who first thought",-3.4946976,-21.49608
0,0,1.1513105164340232e-05,iam,10261,with some bitterness .,-13.4397545,-32.022366
1,1,0.9999395608901978,emuru,7619,a man is the Shamir that guards him-,-2.2536004,30.339674
1,1,0.9999980926513672,emuru,7652,serve Him with all your heart and with all,-0.7749976,37.42081
0,0,1.9332963347551413e-05,iam,9769,Seaweed sensed his embarrassment and,-3.0437944,-46.549736
0,0,0.006644417066127062,iam,8572,A fascinating study also opens up in the dietary,-2.5394216,-48.468643
1,1,0.9999935626983643,emuru,8922,"currence , while ' General Adam was at Corfu the whole",4.5580025,11.048229
1,1,0.9950588941574097,emuru,9561,"look as though it was only what you expected of me ,",13.17974,32.686867
0,0,8.981902510640793e-07,iam,9841,"contact , is our Robbie ; he gives us the gen and",5.8615646,-32.744728
1,1,0.9979621171951294,emuru,8293,occurred before her death was ensured by some,-8.533604,32.56829
1,1,0.9998610019683838,emuru,9329,""" Intended for Plas Newydd , this lot is . Paid for ,",-7.1412234,20.805723
1,1,0.9999915361404419,emuru,8630,obvious morals for those who are judges long,-10.06015,36.166107
1,1,0.9999575614929199,emuru,8959,apartment he garaged his car and then stood,-3.3834906,21.988117
0,0,3.9696693420410156e-05,iam,8204,"which to proceed , and the inquest was",-11.784231,-32.9379
1,1,0.9993278980255127,emuru,10097,ging a smile .,4.7973228,53.08613
1,1,0.9999903440475464,emuru,7690,"up these my words in your heart and in your soul . "" The text",3.6689947,41.255035
1,1,0.9999567270278931,emuru,9414,than a couple of telephone calls he was,-7.7762737,23.582846
1,1,0.9999717473983765,emuru,7838,"lives and that the nearer we get to Him ,",-14.308019,30.816938
1,1,0.9999725818634033,emuru,9773,was . I 'm Ian Bawley . Does that mean anything,8.630316,47.98229
0,0,6.216408655745909e-05,iam,9983,""" Oh , "" said the unseen guard . He blew a",-1.8544673,-15.777218
1,1,0.999943733215332,emuru,8999,they will promptly give us their hypnotic,3.2216477,36.226208
1,1,0.999147891998291,emuru,8162,through or along the bottom . ) But given such a bow,-4.421556,23.332766
0,0,2.647316978254821e-05,iam,7967,hardly like to add further to the dullness,-0.762137,-19.674877
0,0,1.5719442671979778e-05,iam,9972,We didn't approach unchallenged . Just short,-3.8821576,-14.580891
1,1,0.9999784231185913,emuru,9576,I 'll give you credit for that . But you didn't press,-2.8746638,26.823305
1,1,0.9999725818634033,emuru,8930,her practically all his money caused it to,8.565475,34.319363
0,0,3.187974289176054e-05,iam,9656,against them with the lift of the next wave .,10.498198,-10.9738245
1,1,0.9999406337738037,emuru,10132,was behaving since they had seen them,6.151023,43.733685
1,1,0.9998581409454346,emuru,9628,made her send a complacent glance,14.982907,29.195654
0,0,6.141207995824516e-05,iam,7899,"of the mind is no longer feared or shunned ,",-9.245286,-43.70445
1,1,0.9999827146530151,emuru,8042,the longer sugya which deals with all,-2.5849473,34.278477
0,0,0.0002604244218673557,iam,7656,"summons of destiny , to solve the economic",-15.652785,-23.437443
1,1,0.9995960593223572,emuru,7546,paragraphos markings were omitted . C. H. Roberts is of,-4.919118,37.116596
1,1,0.999082088470459,emuru,8656,ceptions of governmental duties must be,-5.842645,35.88263
1,1,0.9991538524627686,emuru,9656,against them with the lift of the next wave .,5.1907926,52.337555
0,0,5.2279479859862477e-05,iam,8496,than is customarily imagined as well as entering human,-4.539521,-34.91905
0,0,2.6403886295156553e-05,iam,7911,"the village , it was not difficult for anybody",1.6033082,-22.944921
0,0,2.5114859454333782e-05,iam,7630,"crushing our soul "" ( see Hab. 2 , 10-11 ) . And it is",8.34458,-14.405083
1,1,0.9999322891235352,emuru,8075,has even stepped into the field of high fashion .,-0.42644864,27.187376
1,1,0.9999607801437378,emuru,8936,Captain Byron that he had been left,6.9066787,34.929417
0,0,4.71071143692825e-05,iam,9335,"list , pushed his glasses up on his nose , and",-4.6980753,-51.111374
0,0,0.00013522223161999136,iam,7659,"Jochai ( Tanis 6a ) "" if Israel does not fulfil",-10.407935,-25.69256
1,1,0.999887228012085,emuru,9423,It was a novel experience . Alastair was,5.9152937,30.65428
1,1,0.9587186574935913,emuru,9198,""" Good-bye , Morfydd . "" He sought to enfold her in his arms . But he was too late .",7.344165,54.377228
1,1,0.9999464750289917,emuru,7964,ago to hear of a school who tried a six-,-12.833961,44.763474
0,0,4.100720616406761e-05,iam,8141,"often start off the "" local "" herring ;",-12.62644,-43.89331
1,1,0.9999712705612183,emuru,10218,"Young Gubbins shrugged . "" I didn't see his",-7.619845,22.165848
1,1,0.9999972581863403,emuru,8596,but all the Chelsea philosopher did in return was to,-18.152227,30.627531
0,0,0.00011177622218383476,iam,9484,Tartaro at a few minutes past ten on the,-6.8907003,-42.42978
1,1,0.9999822378158569,emuru,9951,""" The mine-workings lie north of the town , """,6.5912437,32.275547
0,0,1.644556687097065e-05,iam,9907,"in , Johnny . "" "" I know . But if lead starts",-5.6752787,-19.242058
0,0,6.769164610886946e-05,iam,8169,Let us consider first what would,-11.824843,-39.86835
0,0,4.750301013700664e-05,iam,9195,"a promontory , a mass of clean rock crowned with",-15.312531,-28.45176
0,0,0.0005127874319441617,iam,7997,"I would not want to either , but if she wants to get through",15.851081,-34.623184
1,1,0.9999986886978149,emuru,7526,present state of the Gospel is the result of an accident-prone history . The,-18.600273,38.353336
1,1,0.9999604225158691,emuru,9280,"Llangrwl , and his dear Morfydd quietly",-1.5263251,21.150856
1,1,0.9999772310256958,emuru,9439,"capped summit of Mont Blanc , seven miles",-2.2558014,17.488747
0,0,0.0001254707167390734,iam,9487,movements of the Bentley . It had passed,-12.746888,-43.294903
0,0,0.0004600352549459785,iam,8010,of that passage makes it clear that these are,-3.5859816,-11.951592
0,0,4.380310656415531e-06,iam,7739,that is hurled against us . The Salt-water,-2.1737843,-23.191076
0,0,0.00014700683823321015,iam,8893,a rule that all gifts should be submitted for approval to,4.016375,-28.348953
0,0,0.0012441356666386127,iam,8345,"evening meal . Later came the thrifty peasant ,",-0.8324425,-35.317577
0,0,0.0005976756219752133,iam,10099,"lifeline and Gay got up quickly , mana-",-12.879743,-50.895004
0,0,0.00013369967928156257,iam,10231,looked distinguished when he frowned ; boyishly,11.462587,-37.198154
0,0,1.152398999693105e-05,iam,9350,Flor were listening .,0.056466352,-24.335783
1,1,0.9999711513519287,emuru,10113,"weakly , "" you don't know Gavin . "" "" I 've only met him",3.3427277,30.956741
1,1,0.999795138835907,emuru,8297,which might relate .,24.418915,28.686684
1,1,0.9990531802177429,emuru,10248,"he told her , and suddenly seized her in an embrace",-11.497127,40.242603
0,0,1.1046230611100327e-05,iam,8641,the story of the prelude to the,-9.909867,-23.328346
1,1,0.9999624490737915,emuru,9070,"was a Static Mib , the middle-income-bracket equivalent",-6.1608768,17.273674
1,1,0.9991292357444763,emuru,10283,he put back his professional,8.342388,24.537848
0,0,0.000134147543576546,iam,9571,"mounting exasperation . "" Very well ! "" He",-1.8576531,-51.004
0,0,9.884008613880724e-05,iam,7894,They drag themselves around and can become,-10.929846,-15.172352
1,1,0.9994452595710754,emuru,10359,"patronizing word , ' she replied . ' I despise",13.11992,19.035206
1,1,0.9998890161514282,emuru,7733,Derush ; ( 4 ) Leaning-back represents Saud .,21.775517,29.490797
0,0,7.20235084372689e-06,iam,7804,table which was handy for the most improbable uses .,4.2034655,-24.977161
0,0,7.212423224700615e-05,iam,8514,specifically national . The art and,11.011109,-22.871449
1,1,0.9999743700027466,emuru,8862,"with a book on the life of Marx ,",-0.0001634779,40.881554
0,0,5.431214049167465e-06,iam,7879,veritable surge of energy . Many a girl who,-1.4120528,-40.82861
1,1,0.9999567270278931,emuru,8433,"and he knew how to do it , too : - When the",2.20882,42.02076
0,0,2.6048932340927422e-05,iam,9405,had no place here .,18.825037,-25.65653
0,0,0.0002599585859570652,iam,7941,Can we then frame some ' rules ' which may enable us to live life,2.5464246,-11.95045
0,0,0.00044489215360954404,iam,8104,"they migrate easterly to the Norwegian side , or westerly , until",-14.584311,-47.607098
0,0,0.00015901708684396,iam,7533,"he has not , until now , been able to exhibit exactly",-1.9666617,-36.722996
1,1,0.9999262094497681,emuru,9709,Buck would be wetter if he,8.85337,45.655293
1,1,0.9999263286590576,emuru,8623,the longbows of yeomen could pierce the,-13.117842,47.23188
0,0,1.1506540431582835e-05,iam,9452,scanner could be adjusted to cover any,6.5189567,-29.906084
0,0,2.8724341973429546e-05,iam,8363,It is a far enough cry from the primitive,3.7273617,-22.683708
1,1,0.9999721050262451,emuru,7905,made this century is the way in which illness,16.71353,42.376286
0,0,9.032344678416848e-05,iam,10328,"up from that first ideal , and how",-15.044797,-32.598213
0,0,1.7567173927091062e-05,iam,7748,without which Society cannot make progress . And we drink,9.972535,-31.614681
1,1,0.9988946318626404,emuru,8248,"of a railway will be worse than Ipecacuanha , """,-6.0049267,37.959152
0,0,0.00022291995992418379,iam,10162,"she felt happier . Gay loved them for their warm sympathy ,",-12.44777,-19.867958
0,0,0.00010726186883402988,iam,9475,"on the bridge over the Po , barely forty miles to port .",14.906033,-35.194607
0,0,2.0720770407933742e-05,iam,9113,"by training , and suspected that the points he made",-3.2862742,-42.250023
1,1,0.9998835325241089,emuru,9061,"had contacts in political circles , a school-",-13.094007,42.152626
1,1,0.9998677968978882,emuru,10323,"given her . ' I 'm sorry , darling . '",7.8798947,30.167864
1,1,0.9999651908874512,emuru,8747,London was again in turmoil ; but this time,17.026989,28.925026
0,0,0.00017034132906701416,iam,8067,The Gemara continues with a saying of the,2.1514747,-12.05102
1,1,0.9999443292617798,emuru,9308,he suggested hopefully .,-6.8834686,21.416864
0,0,2.4367003788938746e-05,iam,8201,man had been seen fleeing from Vauxhall station on,-9.608437,-29.668474
0,0,0.00020742532797157764,iam,9000,move about pretty freely without,-8.72926,-50.069427
1,1,0.9999825954437256,emuru,10009,"in London . Very strange his eyes looked . Mad ,",-11.871869,26.823734
0,0,0.00020996453531552106,iam,9434,""" Good luck , Air Marshal , "" she said gently . "" I 'll",7.99515,-41.063732
1,1,0.9999608993530273,emuru,8901,"I found myself deeply involved . At first , the main work was to help",20.427101,29.739634
1,1,0.9999768733978271,emuru,10120,who doesn't care two jots for your feelings .,11.292508,46.48795
1,1,0.9997432827949524,emuru,9618,""" For all your good opinion of yourself ,",-3.1813629,29.468025
1,1,0.9999963045120239,emuru,7528,"original was written on a roll , or codex , which fell into disorder or was",-9.008887,19.179096
0,0,3.456242484389804e-05,iam,9889,usual and in fact had applied all the usual specifics,2.1124873,-38.905617
0,0,0.0005079284310340881,iam,10175,"Sometimes they talked on the theme of "" when we get married "" ,",1.4405341,-6.3919544
0,0,1.2775371033058036e-05,iam,9686,shoot the craft in under the outer,-1.9836553,-15.977926
0,0,2.492711973900441e-05,iam,9014,foot to Dan's house . Dan came,0.6750273,-43.438972
0,0,9.235126344719902e-05,iam,8778,"At one and the same time , therefore , occur the beat",-18.184193,-35.95716
1,1,0.9999332427978516,emuru,10338,"' Good heavens , darling , why on earth",-5.2953415,21.315178
0,0,6.82376921758987e-05,iam,10250,receive a sharp slap for his pains .,-1.6844794,-27.16316
1,1,0.9999276399612427,emuru,8169,Let us consider first what would,15.425862,20.68256
1,1,0.9997795224189758,emuru,10335,no matter how one might want to,8.177052,26.549809
1,1,0.9999337196350098,emuru,9183,"any rate they remained with us , perhaps",1.4920549,38.659657
0,0,1.3541450243792497e-05,iam,9793,"drop the rank - such a mouthful ! "" "" You 're",4.0522356,-34.91552
1,1,0.9999891519546509,emuru,8460,ethereal enjoyment to the grosser pleasures of the,-13.700682,22.731918
0,0,7.646686572115868e-05,iam,10031,"taxi , and then found that in",-16.041481,-37.26274
0,0,0.00010224026482319459,iam,9840,"said John , "" but you can pay for my drinks",13.767102,-37.130184
1,1,0.9999604225158691,emuru,9505,""" I caught him just as he was going to the",-1.5593675,45.769653
1,1,0.999480664730072,emuru,8636,without a large-scale and concentrated invasion .,-2.6599722,38.067726
1,1,0.9991227984428406,emuru,8524,typically French .,-3.7318785,44.044052
1,1,0.9999721050262451,emuru,7692,your heart and with all your soul and with all your might,3.0439584,49.065186
1,1,0.9997949004173279,emuru,7993,the washing on a Monday .,7.4253783,46.630596
0,0,0.0002190701343351975,iam,8589,"sole , a baked leg of mutton with oyster & veal stuffing and a",2.3294854,-35.362125
0,0,0.00030244412482716143,iam,10272,badly - at any price . I hope,-3.1888037,-49.80019
1,1,0.9998925924301147,emuru,7755,brought out from under the burdens of Egypt ?,5.283412,49.50342
1,1,0.9998910427093506,emuru,9132,deeper layers in the human psyche which are,14.063545,20.631699
1,1,0.9996964931488037,emuru,8183,"field of disturbance , or bow wave . This suggests",11.868013,21.735073
1,1,0.9995599389076233,emuru,7560,"original of the Gospel , whether written on a roll or codex ,",-3.9401364,36.24847
0,0,6.529542588395998e-05,iam,9449,turned the scale slowly to cover the,5.9941626,-27.759726
1,1,0.9998469352722168,emuru,10366,"His digressions too , seemed to have no other",5.987858,27.327196
0,0,9.807434253161773e-05,iam,9380,think and plan and know . Those who know,-7.1523128,-13.191571
0,0,0.0003376538516022265,iam,9721,few moments later the yawl was upside,-8.239316,-48.878403
1,1,0.9999892711639404,emuru,9041,the Avenue from its many tributary streets . It might have,-0.9887156,33.555412
0,0,7.03653713571839e-05,iam,7761,the throne . He was quite prepared to be,-0.06485897,-46.39481
0,0,0.0036324074026197195,iam,8842,"Conrad Noel , the eloquent leader of",-18.038677,-10.219955
0,0,2.0493711417657323e-05,iam,8102,spawning herring are always found .,4.450913,-12.847132
1,1,0.99982088804245,emuru,7778,himself immortal by becoming associated with,-6.9855275,22.734552
1,1,0.9999618530273438,emuru,9230,"the title of "" First Woman to Enter Space . """,-0.46835935,17.807459
1,1,0.9999872446060181,emuru,9457,the tiny white figure of 8.5 against which the needle,17.147943,30.22977
0,0,1.4807479601586238e-05,iam,8614,considerable skill at the siege of Limoges .,12.996204,-16.8527
0,0,1.7162888980237767e-05,iam,9427,be waiting for you at the Hotel Roma at six this,6.195781,-34.812637
1,1,0.9999823570251465,emuru,10182,Little Phelpham .,-11.32467,22.287737
0,0,6.354911874950631e-06,iam,9242,"But nonplussed , the conductor was . A",5.631804,-34.060745
0,0,7.866515079513192e-05,iam,8873,"co-operated , we made the little side chapel a place",-3.5469382,-18.366323
1,1,0.9930007457733154,emuru,10123,"fine girl , intelligent , and pretty , and I had",7.253862,54.706524
1,1,0.9999527931213379,emuru,8077,"the potentialities of the craft , and crochet was",-0.8147911,26.891205
0,0,0.00022389467631001025,iam,9804,he was on the verge of a new chapter in,-15.912434,-29.555182
1,1,0.999992847442627,emuru,9897,his surviving submarines a good deal harder than,3.8177233,51.421455
1,1,0.999269425868988,emuru,10034,off the plane with him were talking .,15.885096,23.378418
0,0,3.92452348023653e-05,iam,8274,"24 , 1905 , a Sunday , Sub-Inspector Peacock , of",0.9934717,-44.000103
0,0,0.00043624063255265355,iam,8922,"currence , while ' General Adam was at Corfu the whole",4.820424,-44.172672
1,1,0.9998834133148193,emuru,7556,about one third of a page of Souter's print .,-3.9448276,47.17858
1,1,0.9165406227111816,emuru,10200,"he shrugged diffidently , "" I like the work . One gets plenty",12.198511,51.990376
0,0,2.8282964194659144e-05,iam,9162,can you . Look over there . ' He pointed to the,14.63989,-22.229742
0,0,8.727324893698096e-05,iam,7990,it added immensely to the interest,-6.5351543,-41.16066
1,1,0.9998621940612793,emuru,9857,give me a ring at this number and I 'll,-11.301723,18.997112
1,1,0.999982476234436,emuru,9279,""" Afternoon , Mr. Roberts , "" he called , polite ,",4.4716105,22.15432
0,0,5.379067806643434e-05,iam,7954,he was a little more systematic . To drift,-14.926448,-35.241505
1,1,0.9999984502792358,emuru,8453,By delicate application of odours and richly-distilled,3.7700849,43.158222
0,0,3.0461591450148262e-05,iam,8372,"tongues ; unreasonable surfeit , too , in the",-4.4807386,-25.85728
1,1,0.9999351501464844,emuru,8382,"out of Italy into France , we are told ,",11.940413,36.880863
0,0,3.014544017787557e-05,iam,9161,shadows beyond the river . ' Something moved . ',9.265924,-22.780573
0,0,2.143405072274618e-05,iam,10357,miraculous recovery and Sandra would,-16.080952,-8.366606
1,1,0.9999852180480957,emuru,9106,"say a word about it , Lester wants his",22.188934,30.036695
1,1,0.9998002648353577,emuru,9623,"man was , she thought impatiently ,",-2.0783691,31.861639
0,0,7.898092735558748e-05,iam,8251,proposed to build the Box Tunnel .,-16.066355,-31.833815
1,1,0.9998728036880493,emuru,9487,movements of the Bentley . It had passed,13.103022,18.142246
1,1,0.9999775886535645,emuru,10014,"the fourteenth century . """,8.398974,25.548708
1,1,0.999992847442627,emuru,9486,previous night . He worked out the distance,4.2490964,38.229828
0,0,5.194998811930418e-05,iam,8649,"war , there was a constant stirring of",3.307538,-21.719898
0,0,0.0002018921368289739,iam,7540,Gospel represents the work of generations of,7.3671627,-26.829325
0,0,6.392880459316075e-05,iam,9431,sounded so charming and appeared to be so,8.475204,-40.455814
1,1,0.9999812841415405,emuru,9648,rocks in an' out o' de water .,-5.0579696,31.805634
0,0,0.00010855188156710938,iam,9433,efficient .,4.8480763,-37.4826
0,0,0.00012070556113030761,iam,8906,in the winter of 1914 and 1915 the matter of War Pensions,-0.78540367,-11.002041
1,1,0.9972177743911743,emuru,8243,them was one of the most dangerous jobs con-,-4.5693803,33.896713
1,1,0.9999626874923706,emuru,10330,He looked nervous . It had been,10.735667,46.03594
0,0,6.110288086347282e-05,iam,8610,on land . Gaunt was compelled to give up his search for,12.183294,-25.451208
1,1,0.9999774694442749,emuru,8987,people - who are probably falling all over them-,3.5134377,16.938189
1,1,0.9999873638153076,emuru,9245,""" Where are we going ? "" he echoed Cadwallader .",3.5839534,52.074688
0,0,1.5637582691852003e-05,iam,10267,hospital .,2.8859859,-38.584694
0,0,0.00015398775576613843,iam,8280,the Feathers Hotel to await identification .,-15.800676,-23.641268
0,0,1.4443325198953971e-05,iam,7557,manuscripts . A common size of column would hold,-3.9131904,-28.997587
1,1,0.9999754428863525,emuru,9175,would be inopportune ; and with the idea came,2.8750498,48.066246
1,1,0.999813973903656,emuru,8221,"description , but the man was not traced .",2.7795565,46.591015
1,1,0.9999784231185913,emuru,7516,"has rung a couple of times , calls from",-15.596692,31.159243
0,0,7.3919813985412475e-06,iam,7925,"in one place , their lives were of one",3.197262,-33.346313
1,1,0.9996273517608643,emuru,7800,"by Calvinists and Puritans , and the sentiment was",8.0420065,32.94135
1,1,0.9949705004692078,emuru,7897,and is in fact no differently regarded than,10.538864,17.229324
0,0,0.00018360803369432688,iam,8030,known comment on the verse ; quoted by,-11.674102,-9.640751
0,0,7.585744606330991e-05,iam,8838,"the Church Socialist League , genuinely advocated",10.49382,-39.08668
0,0,0.0002450753527227789,iam,9692,"reached the pier , the judge on legs",-17.631832,-32.43841
1,1,0.9999632835388184,emuru,8769,ventricular content .,-16.931353,34.953697
0,0,0.0002643459592945874,iam,7810,but to a child they are very real . Not that I am suggesting,13.12318,-41.82862
1,1,0.9999901056289673,emuru,9452,scanner could be adjusted to cover any,-2.746248,21.427004
1,1,0.9999994039535522,emuru,9327,"Stared back did Price the Provisions , unwinking .",14.612223,41.62109
1,1,0.9999746084213257,emuru,9723,"down , exposing its shallow keel .",17.044266,42.05116
0,0,0.0002280239568790421,iam,7771,minor except for the new section on the Sacraments,10.391015,-33.688953
1,1,0.999751627445221,emuru,7996,"- you must , for example , do your shopping on the morning of",15.271723,25.600204
1,1,0.9999997615814209,emuru,10187,"word shouted into her very soul a horn of warning , and",12.435606,41.601204
1,1,0.9999035596847534,emuru,9864,lying in pairs alongside the jetty at Fort Blockhouse .,9.8686495,29.45959
1,1,0.9999580383300781,emuru,8595,"Wagner was a highly practical feeder . He ate very fast ,",14.686362,16.927462
0,0,3.0419963877648115e-05,iam,8890,such a beautiful building with suitable fittings ; I made,12.949733,-20.103197
0,0,1.193226853501983e-05,iam,8488,If that country had not been for so long a battlefield red,1.1798173,-27.15189
1,1,0.9999914169311523,emuru,8444,to their aid .,-11.509862,43.716465
1,1,0.9999871253967285,emuru,9812,"bit of a humorist , aren't you ? "" said",8.699408,52.36927
0,0,9.24832511373097e-06,iam,9815,"right ? "" "" Who told you ? "" "" Little bird .",-8.561495,-19.98621
0,0,4.8827537284523714e-06,iam,8656,ceptions of governmental duties must be,13.630995,-23.555573
0,0,3.189530980307609e-05,iam,10086,as Gay drew out a chair and sat,-12.061866,-36.76294
0,0,4.2951051000272855e-05,iam,7914,far greater simplicity than their successors .,-18.439434,-35.945293
1,1,0.9999916553497314,emuru,9574,You made some sort of a protest to Graybury .,21.664106,29.525057
1,1,0.9999446868896484,emuru,10319,She went back to Philip . But,13.897591,22.235798
0,0,8.532061656296719e-06,iam,7733,Derush ; ( 4 ) Leaning-back represents Saud .,0.3245073,-25.285286
1,1,0.9987468719482422,emuru,9232,the fact that the green earth was falling,10.288418,24.987734
0,0,5.4492225899593905e-05,iam,9782,"Commander , "" he said . "" Now what about that",-16.29817,-31.831457
0,0,4.232334686093964e-05,iam,8493,Foodlore reflects much more of national temperament,6.317754,-25.321325
0,0,0.00024437071988359094,iam,8096,"movements , although primarily",-16.597202,-11.9792
1,1,0.999813973903656,emuru,7785,just learning to read . James was followed by,5.1201963,52.066635
1,1,0.9999840259552002,emuru,8465,clarifying the functions of the brain . It,8.9427805,37.361267
1,1,0.9999974966049194,emuru,9382,are slaves to it . Only an outcast is free . Because,-2.3007274,46.13835
1,1,0.9997789263725281,emuru,10364,purpose than the throwing of dust in his,18.503561,24.531538
1,1,0.9999685287475586,emuru,9348,"When you come here , when you come to the True",-2.6036737,34.424667
0,0,8.290407095046248e-06,iam,9811,""" You know a great deal about me , """,-10.222808,-31.847052
1,1,0.9995580315589905,emuru,8587,on the table cloth to examine the marks on the back,11.031419,32.400455
0,0,0.000191975268535316,iam,9167,"to other day , my lord . A being of whom",6.5042324,-46.955868
1,1,0.9999669790267944,emuru,8108,miles farther south before they,-1.9562579,24.790453
1,1,0.9998388290405273,emuru,9300,his Eth . Morfydd thought of Dai . The,5.956062,20.710415
1,1,0.9998947381973267,emuru,9662,with part of that howling northwest gale .,-0.020325482,44.01308
0,0,0.00015844769950490445,iam,9498,"To Beryl , at least , this was anti-climax with a",-7.0580373,-18.846046
0,0,2.759812559816055e-05,iam,9454,"Plain of Lombardy ; to the right , Turin ; to the",2.5325148,-27.178532
0,0,0.00045004268758930266,iam,8305,So the body of this small girl with the blue eyes and,-13.556499,-29.696712
1,1,0.9999691247940063,emuru,9353,"Lily-yo said , doubtingly . The Captive with the",-2.2807891,44.6995
0,0,6.877605483168736e-05,iam,8175,"for an unknown period of time , until",-4.24859,-33.438053
1,1,0.9992480874061584,emuru,8576,been blind to the charms of turbot and,-14.791574,34.8021
0,0,0.0001345473574474454,iam,10276,words . ' I wonder you dared trust,-12.412938,-41.264668
0,0,0.0001715838152449578,iam,8014,"R. Joshua b. Levi . ) Finally , we note that",-2.24412,-20.141073
0,0,5.668973608408123e-05,iam,8006,"too , are necessary , but a careful examination",-14.832222,-14.06846
0,0,0.06767098605632782,iam,9658,Around that rounded rocky promontory where the,-11.825798,-4.443202
0,0,8.882299880497158e-06,iam,9959,we figured would lead to the miners' camp .,-6.9041324,-37.964043
0,0,0.0001556715287733823,iam,7998,sit down quietly and make a list of everything she has got to,5.1339226,-9.801273
0,0,5.857009455212392e-05,iam,8445,confine the resources of the table to the gratification,9.218425,-27.894106
1,1,0.9997286200523376,emuru,9666,"by trying to come home now , even if he did promise ?",3.8618767,33.949097
1,1,0.9997928738594055,emuru,9027,gave the impression of having been thought out and,-4.4663773,28.055496
1,1,0.9814112782478333,emuru,7799,"with James and Charles , the Puritans argued ,",9.685306,21.348106
1,1,0.9994382262229919,emuru,10138,He 's getting on well but is pretty helpless still with his,12.513803,36.312443
1,1,0.9999847412109375,emuru,7660,"the wish of the Lord , failing to serve the",0.6138602,45.257885
0,0,2.76261607723427e-06,iam,9241,his ticket-punch nervously . Peered out of,3.1641748,-36.718033
1,1,0.9954431056976318,emuru,8461,board . The gratification of the sense of smelling,-2.4979587,43.437107
1,1,0.9932413101196289,emuru,9284,"Joy . At last he caught up Mr. Roberts ,",9.603085,20.945105
1,1,0.9999892711639404,emuru,8937,"made a will in Augusta's favour , she had",9.219947,36.256348
0,0,3.233170718885958e-05,iam,7511,offering to drop by for a chat .,-9.540431,-27.277578
1,1,0.9999361038208008,emuru,8359,admittance into an acquaintanceship far more,17.032139,24.464594
1,1,0.999579131603241,emuru,8856,elections . In the Sheffield Trades and Labour,1.5762885,32.645657
0,0,0.0005474414210766554,iam,9394,"asked . ' What else ? Flor and Lily-yo , you arrive",-2.5343904,-9.223493
1,1,0.9997101426124573,emuru,7917,that it taxes the mind . Two hundred,-3.1826272,19.661564
0,0,1.056432392942952e-05,iam,8822,"on West Street , where a successful Sunday",8.6145115,-39.131058
1,1,0.9999644756317139,emuru,10299,when you reach your parents',7.4183826,21.627838
0,0,1.1326941375955357e-06,iam,7878,tiredness - such as when your wife mentions,-2.6869156,-39.09302
0,0,0.00021376133372541517,iam,7578,"the roll , a sheet could easily be glued on .",4.8186584,-35.9025
0,0,0.00010913214646279812,iam,8729,"of Canterbury and York were to pay ten marks ,",-4.611816,-37.385612
0,0,4.6604258386651054e-05,iam,8837,"subjects , for being well acquainted",1.5359238,-45.52289
1,1,0.9999620914459229,emuru,8641,the story of the prelude to the,-6.4317064,30.580538
0,0,0.001524697756394744,iam,10235,Nigel often had to think hard to sort,-13.847258,-19.662481
1,1,0.9998401403427124,emuru,9194,far from our minds that at any moment we were,10.970726,47.843563
0,0,9.789082469069399e-06,iam,8018,The sugya is built around the saying of,0.42444795,-13.230152
0,0,0.00112691312097013,iam,8854,work . The British Socialist Party endea-,-13.640958,-17.301197
0,0,2.8064476282452233e-05,iam,10243,""" You just gave it back to me . "" "" I",-16.939344,-23.77336
0,0,1.2136550139985047e-05,iam,9968,shack and as we got near someone inside bawled,2.2658072,-15.279785
1,1,0.9999775886535645,emuru,8313,"evening at about seven o'clock , telling her room-mate , Emma",-11.913727,38.220127
1,1,0.9998908042907715,emuru,9750,than her usual cordiality and flashed a warning,2.8672926,15.983682
1,1,0.9999736547470093,emuru,8281,"Was it a case of suicide , where some unhappy soul",-12.579992,26.022224
0,0,5.054128450865392e-06,iam,9042,"been a normal business-day bustle , except for two anomalies .",15.216749,-30.346252
1,1,0.9999959468841553,emuru,9947,"into draws , circling a big mesa by a",16.168148,46.32101
1,1,0.9999748468399048,emuru,8217,for a man who had been seen leaving the train,3.0127275,48.761894
0,0,1.3054648661636747e-05,iam,9067,"furniture in the second year , "" she moaned . She",-6.6860275,-32.391136
1,1,0.9999139308929443,emuru,9365,young . You may be able to have babies . Some of those,-3.5964723,45.363697
0,0,1.9536091713234782e-05,iam,10058,sitting just inside having coffee .,-6.0514197,-44.627926
1,1,0.9999678134918213,emuru,7683,""" And then the Lord's wrath be kindled against you , and he",-6.3199487,45.637794
0,0,2.053491334663704e-05,iam,9495,"own veranda , that he had taken the liberty of",2.4556193,-16.519278
1,1,0.9999681711196899,emuru,9605,your knowledge of all the affairs of the,14.436134,22.412794
0,0,0.00010244453005725518,iam,8564,intellectual faculties . Bunyan's break-,-14.073321,-30.744783
0,0,1.355687800241867e-05,iam,7510,other chums sniffing the wind and,-17.930492,-36.474586
0,0,3.4221748137497343e-06,iam,9107,"That 's how he got the votes , that 's how",7.5784082,-15.060359
1,1,0.9999606609344482,emuru,8340,borrowed straight from the prehistoric . How,16.044699,20.600965
1,1,0.9999011754989624,emuru,7476,such as a chair and a motor-car . The idea is to see what happens when,0.9756722,26.007883
0,0,0.0012361606350168586,iam,9340,"' But we - ' ' Stop your stupid talk , woman ! ' ' We are - '",-3.5049024,-5.3751206
0,0,0.00020212307572364807,iam,8342,Suffice to say that few of us stop to marvel at,3.5585425,-42.79639
1,1,0.9999946355819702,emuru,10154,rather a sense of relief now that she,22.74636,30.785408
1,1,0.999981164932251,emuru,7865,than when they went to bed . We may begin,-6.0913434,45.652386
1,1,0.9995549321174622,emuru,8283,had walked deliberately into the blackness and,4.2918477,28.564972
1,1,0.999784529209137,emuru,9615,I doubt it . He 's about as easy to push around,17.21455,26.435694
1,1,0.9987713694572449,emuru,9519,earned gratuity to his native village at the,14.390649,32.1718
1,1,0.9994192123413086,emuru,10202,"suppose , to meet me for supper somewhere ? "" she had",4.2438164,11.773582
0,0,0.00381391029804945,iam,9050,little sorry if we were not back for Christmas,-11.059689,-12.45729
0,0,2.2992580852587707e-05,iam,10135,"feeling self-conscious and awkward , sure that",-14.004573,-46.850468
1,1,0.9999762773513794,emuru,7961,the pressure on over-crowded trains .,8.53354,31.634085
1,1,0.9965872764587402,emuru,8165,"be by actual contact , or by sight reaction to the disturbed",4.0057335,14.990513
0,0,0.002573833568021655,iam,7701,"bind them to have the vision and then "" And 1ye",10.777765,-26.001642
1,1,0.999896764755249,emuru,10093,felt wretched beyond words .,11.046424,48.64418
0,0,6.869877688586712e-05,iam,9929,"Dan ? "" "" Know what ? "" "" That he 's dead , """,-6.6620517,-20.654669
1,1,0.9999605417251587,emuru,8261,sounds in a confined space combine to produce a,-6.6988907,39.210247
1,1,0.9999778270721436,emuru,9932,leading to the ridge . I followed . From the,9.239282,51.818806
0,0,4.299899592297152e-05,iam,9639,"And then she received a jolt . Old Hubert , standing",-3.9577677,-44.336487
0,0,0.0001518726348876953,iam,7935,and to do so inevitably builds up tensions which,14.320521,-20.517344
1,1,0.9996762275695801,emuru,9555,to say - and all you can do is to find,-0.7535806,37.299004
0,0,0.00013387112994678319,iam,7992,into a dull routine . I have great,-11.762336,-41.703434
1,1,0.999772846698761,emuru,9129,"to be diverted , however , with the single exception of one",14.331673,18.41392
0,0,1.445071120542707e-05,iam,8112,other banks are most of them,-10.1794615,-38.603996
0,0,5.424391474662116e-06,iam,8730,the Duke of Lancaster and the Archbishops,-2.0815394,-37.665215
1,1,0.9999964237213135,emuru,9094,"duties and his wife , in the manner of middle-brow",-13.839039,21.821695
0,0,0.00032084411941468716,iam,9616,an attempt to show my lady-love that I,-7.5070133,-49.255177
1,1,0.9999178647994995,emuru,7693,"in the first part of the Shmah , we have first "" and",-4.3089356,19.799974
1,1,0.9999731779098511,emuru,9282,He had seen no sign of an accident .,11.089951,51.237427
0,0,4.360817911219783e-05,iam,8287,thrust in her mouth like a gag .,3.7874439,-19.82226
1,1,0.9997522234916687,emuru,9746,man who was staring moodily into a gin,3.7578876,30.86085
0,0,2.3733513444312848e-05,iam,8307,"identify her as his sister , Mary Money , aged twenty-two .",5.0583353,-22.344505
1,1,0.9999371767044067,emuru,7758,"James had grown up in Presbyterian Scotland ,",17.144594,28.2992
0,0,0.00021266378462314606,iam,8316,"Hone , that she was going for a walk , but would not be",-13.907232,-24.662888
1,1,0.9996391534805298,emuru,8397,that amazing epoch of grossness and,-14.171112,43.57358
1,1,0.9996672868728638,emuru,10327,said instinctively : ' I told him,13.073108,19.645535
1,1,0.9998679161071777,emuru,9170,"' Bottle-Foot , my lord . ' ' Bottle-Foot ? ' His lordship",15.938978,30.923687
1,1,0.9999932050704956,emuru,8791,"' And while the heart is slowly dying ,",-9.799017,45.32079
1,1,0.99997878074646,emuru,10360,the deceit . The lies . ',16.307285,46.516247
1,1,0.9999923706054688,emuru,8845,"Christianity , common ground could be found .",-1.5735849,22.565622
0,0,4.382747647468932e-05,iam,8794,ventricular one slowly and,1.4141692,-24.406893
1,1,0.9998067021369934,emuru,7578,"the roll , a sheet could easily be glued on .",-4.794152,22.337261
0,0,1.30856606119778e-05,iam,10115,"heart out over ? "" Doc nodded towards the door . "" You",7.7479076,-30.990664
1,1,0.9984139204025269,emuru,7844,should pass from Him . Jesus shows us,-14.024924,32.21673
0,0,7.088165148161352e-05,iam,10204,""" Bless you ! I hope Luke is suitably grateful , darling . "" "" Oh , well , """,-9.313664,-8.402669
0,0,1.9454753783065826e-05,iam,9875,through the open windows of the Captain's house . It,-9.380524,-30.299568
1,1,0.9999850988388062,emuru,9478,"conference in Bruce Denton's office , been whisked",2.9844596,26.945168
0,0,0.0007093033054843545,iam,10056,"can't find a table for two . """,-9.237852,-48.890507
0,0,4.2701347410911694e-05,iam,7649,"shall come to pass , if 1ye shall 1hearken",-5.992873,-22.818508
1,1,0.9999752044677734,emuru,10001,Mr. Copthorne was on dry land in a church,3.2819161,46.684
0,0,0.000261754757957533,iam,9055,Then he would go back to Plato for a final spell of,-9.244476,-16.479519
0,0,0.0005142255686223507,iam,8768,or in flagging warmer ones . At the time of its movement,-8.472431,-35.086376
1,1,0.9997596144676208,emuru,7808,"to face their fears , to see through them and come out on the",-1.8131202,12.405232
1,1,0.9997889399528503,emuru,9953,"rough country , sliding on shale , climbing down",1.6920758,35.56079
1,1,0.9898837804794312,emuru,8184,Then they stop swimming and are caught . In,10.458582,16.01685
0,0,1.0959821338474285e-05,iam,8220,"defective , and , despite his claim to infamy ,",7.65491,-15.366848
1,1,0.999921441078186,emuru,7581,Against these advantages the codex was fragile and,-3.7944133,26.274523
1,1,0.999968409538269,emuru,8127,the robin who gets back exactly may be,6.7174635,46.096844
0,0,8.442026592092589e-05,iam,8121,"the drift , it probably has a survival value",-7.10889,-47.37794
0,0,9.158504690276459e-05,iam,10318,"where was happiness , or",-13.298137,-40.41302
0,0,8.726816304260865e-06,iam,9033,at home . Steve switched on Dan's,-4.8203197,-28.310375
0,0,1.907172190840356e-05,iam,9647,"3"" He powerful anxious , poor Mistah Piers .",-1.014303,-42.584618
0,0,0.00016420517931692302,iam,7494,"C O believed him . Courtenay played the part with a gawky ,",19.11303,-25.89737
0,0,0.00022019802418071777,iam,9206,damn bus .,-15.2904825,-32.267086
1,1,0.999750554561615,emuru,9290,"he found was Morfydd's mam , working",1.538175,14.448191
1,1,0.9999935626983643,emuru,7920,"In other ways , too , life for the ordinary",7.2071033,49.975647
0,0,0.0007446450181305408,iam,8905,' Coulsdon and Purley Patriotic Fund ' in whose counsels and committees,-3.3609428,-9.930519
1,1,0.9999068975448608,emuru,10336,Her eyes darkened in torment . ' Are,-5.7015085,21.882656
1,1,0.999963641166687,emuru,7762,"spoiled that . The Puritans had high hopes , for",-3.4880579,31.280502
1,1,0.9999783039093018,emuru,9440,no permanent image .,-1.327546,18.100357
0,0,4.714985334430821e-05,iam,10120,who doesn't care two jots for your feelings .,-14.027504,-37.47926
0,0,0.00012594468716997653,iam,7969,which it engenders . But I am not arguing,-13.709491,-32.286182
1,1,0.9999942779541016,emuru,8174,it reaches them . They move away before,-13.778861,21.408213
1,1,0.9999899864196777,emuru,9446,ground immediately ahead .,-3.561197,37.91759
0,0,0.00016036254237405956,iam,9578,thoroughly enjoying Forrest's company in,-1.783298,-20.655151
1,1,0.9996390342712402,emuru,10294,' I will leave you the necessary pre-,14.067015,18.575144
1,1,0.9999767541885376,emuru,10337,touched him after the cold wind,4.9136724,21.743557
0,0,0.0001819381577661261,iam,8361,programme of entertainment almost,9.381959,-22.772076
0,0,4.007599636679515e-05,iam,9772,"yourself , "" she said with mock severity .",-5.9616365,-40.981495
1,1,0.9999691247940063,emuru,9488,him at the temporary bridge over the,19.96644,27.722673
1,1,0.9999821186065674,emuru,9992,"be open . It was . He entered , and seated himself",-11.50959,35.30587
0,0,4.6891000238247216e-05,iam,9357,"fleshless jaw said , ' The grub of the tigerfly thinks",-2.1563869,-12.129401
1,1,0.9999393224716187,emuru,8744,baronage with rarer luxuries than those,-2.903685,14.695051
1,1,0.9992330074310303,emuru,8061,a familiar interpretation which had,-4.168234,33.26544
0,0,7.02138859196566e-05,iam,8423,"length subside , He throws a bed of glowing",10.012063,-24.07448
0,0,2.728743766056141e-06,iam,8158,in the constancy of this great herring fishery .,13.142499,-19.77845
1,1,0.9997990727424622,emuru,9633,"toothless mouth stretched in a wide grin , told her",11.588954,28.259922
1,1,0.9853914380073547,emuru,8205,Day by day the police followed up likely and even unlikely,-2.1401844,42.818592
1,1,0.9975027441978455,emuru,7921,work . The only connexion is the,3.7713573,16.198965
0,0,0.0008980887359939516,iam,8923,to Douglas Kinnaird saying that it was incorrect,-7.7702484,-51.865192
0,0,7.57411999074975e-06,iam,8417,"would , because Esau sold his birthright",-0.5871982,-31.604612
0,0,8.690513823239598e-06,iam,7752,people . ( 1 ) I will bring you out from under the,11.907242,-39.454193
0,0,3.9107897464418784e-05,iam,8635,"Brittany was compelled to attack via Calais ,",15.827592,-23.522202
0,0,1.4364233720698394e-05,iam,9179,"strange , the unwelcome , the almost",16.500881,-22.648508
1,1,0.9998617172241211,emuru,9847,disposed towards each other .,-7.6675534,50.611618
