true_label,pred_label,prob_fake,source,idx,text,tsne_x,tsne_y
0,0,5.89646770094987e-05,iam,7957,commerce may be kept going - though if ever,24.860188,-18.135712
0,0,6.771065272914711e-06,iam,9341,"' Be silent , woman , and listen , ' Band Appa Bondi said .",-6.3697677,26.432137
1,1,0.9995829463005066,emuru,8143,"Easterly winds , on the other hand ,",-14.850666,-21.126595
1,1,0.9998434782028198,emuru,10368,"just dusty-grey but muddy , slimy even .",-6.3689528,-20.1005
0,0,2.3813749066903256e-05,iam,8651,needed taxation in order to supplement,-34.311455,15.885193
0,0,4.130284594339173e-07,iam,9756,glance at him . Evidently the other occupant,30.299114,-10.874991
1,1,0.9798174500465393,emuru,7811,that children should be molly-coddled - they must be made,-23.017742,-6.0263257
0,0,6.844688726914683e-08,iam,8369,The truth is that good food offers a,33.774517,4.750778
1,1,0.9999251365661621,emuru,8669,was quite alien to mediaeval thought - its,-17.83221,15.914217
1,1,0.9827433824539185,emuru,10289,coronary . And in that second,-33.58232,23.517607
1,1,0.9996830224990845,emuru,10203,"Junior Medical Officer . "" You won't be free about nine , I",-8.29213,-3.7871478
0,0,0.00024364021373912692,iam,9447,make a direct comparison between the radar,21.607605,7.8314176
0,0,3.845155333692674e-06,iam,7551,"bar , and there are cases where spacing is used as",20.250092,21.76355
0,0,4.7857171011855826e-05,iam,9614,"with Sir John ? "" she enquired cuttingly .",24.789064,-6.4391074
1,1,0.9998255372047424,emuru,7499,"The film replaced "" What 's My Line ? "" and "" Be My",-31.556269,-6.441363
0,0,2.2899757823324762e-06,iam,9523,ignorant child .,21.69263,5.8205986
0,0,2.9854504646209534e-06,iam,9234,Morfyyd Owen was already qualifying for,32.511032,-21.965336
0,0,6.240433094717446e-07,iam,9777,"strangers - that 's right , John , isn't it ? "" "" My",22.533945,-4.842783
1,1,0.9999699592590332,emuru,7983,sympathy with the young wife,-40.560226,-1.7091807
1,1,0.9999892711639404,emuru,9077,not submerged beneath a deep natural atmosphere .,-6.4903283,-17.952007
0,0,5.357893678592518e-05,iam,9300,his Eth . Morfydd thought of Dai . The,16.07483,1.464926
1,1,0.9994217157363892,emuru,7761,the throne . He was quite prepared to be,-9.886921,-17.959805
1,1,0.9999606609344482,emuru,7794,mutual . But Laud was no Romanizer . One of his,-24.990437,-10.136752
0,0,2.298554318258539e-05,iam,7790,Prayer Book in 1637 . Significantly this made,25.459446,-13.934633
0,0,3.065322380280122e-05,iam,8366,"banquets of later days , when the table",18.810722,22.86967
0,0,6.578435568371788e-05,iam,8816,"and Red Flag badge , thus presenting a much",16.752687,-14.277117
0,0,1.4341128007799853e-05,iam,7574,information is contemporaneous with the New Testament .,27.434479,8.147243
0,0,1.4578013178834226e-05,iam,10043,laid his hand on hers . Gay smiled at him,21.193052,18.693207
1,1,0.9998571872711182,emuru,8107,In this 200-fathom trench the herring do not touch the bottom .,-21.649324,-24.8732
1,1,0.9999197721481323,emuru,9612,But Forrest might at least have tried . He 's,-7.7065215,-23.824541
0,0,6.199402946549526e-07,iam,8034,need for the text of the angel are quoted,4.4108467,19.122847
0,0,8.199114631679549e-07,iam,10194,liked during his off-duty periods,-3.8257365,20.098986
1,1,0.9999556541442871,emuru,9672,black eyes showing any emotion . With a,-19.802261,-16.19836
0,0,3.7072728446219116e-05,iam,8862,"with a book on the life of Marx ,",-30.470413,25.423166
0,0,1.3916888974563335e-06,iam,7515,and who is now being pluckily convivial,31.058416,6.837888
1,1,0.999964714050293,emuru,8517,"science of cookery , however , is",-26.002476,11.475017
1,1,0.9997795224189758,emuru,10282,"And as he spoke , the thought",-6.66226,-20.509336
0,0,0.004320493433624506,iam,7709,"are used on Passover , to depict the "" time of our freedom "" .",-11.281969,20.979294
1,1,0.9998160004615784,emuru,8766,"such as serpents , frogs , and the like .",-9.711617,9.9516535
1,1,0.9924565553665161,emuru,8279,"The Merstham Tunnel , on the London-to-",-37.599075,-2.0391982
0,0,3.60332487616688e-05,iam,8078,revived with designs suitable for contemporary,22.084015,-11.038581
0,0,0.00024590676184743643,iam,9343,"rays , not seen or felt , which change our bodies .",1.117485,14.020542
1,1,0.9999692440032959,emuru,8476,"alive , dipped in treacle and swallowed",-28.402086,-16.334059
1,1,0.99832683801651,emuru,8332,would not do ; nothing an American would not,-7.87493,-9.022686
0,0,8.731702109798789e-06,iam,9674,"Willie Kim was speechless , only his slant",9.16312,22.072477
1,1,0.997948944568634,emuru,9626,on the estate was a major error :,-30.84325,22.489012
1,1,0.9999573230743408,emuru,10050,"would never be jealous again , would even take Larry's advice and",-31.270658,3.6804416
0,0,0.00016785941261332482,iam,8344,ladies toying with these primitive morsels in the,35.182888,-0.20679635
1,1,0.9998902082443237,emuru,7504,strike . It showed Britain today through the eyes,-19.73103,2.0863588
0,0,9.363378126181487e-07,iam,7915,to live a day at a time . Even those who,29.996445,0.35878497
0,0,3.3490400710434187e-06,iam,7491,"him of his ugly battle-dress , to leave him for",17.362053,-7.9191885
1,1,0.9998804330825806,emuru,8707,officials had formerly made private bargains,-22.130877,-22.585491
0,0,0.0006098179146647453,iam,8207,named Brown .,20.521997,-0.3344378
1,1,0.9999319314956665,emuru,8204,"which to proceed , and the inquest was",-31.413845,20.7559
0,0,1.0948214367090259e-05,iam,8653,taxation not merely for defence and,28.2304,4.521854
0,0,1.1752254067687318e-05,iam,10049,"moon was just rising over the rocks , then",20.134432,19.414906
0,0,2.8565544198499992e-05,iam,9237,""" Where are we going , Mam ? "" inquired little",13.106881,-3.5950096
0,0,2.9933797122794203e-05,iam,8773,contraction of the ventricles . Going on in Chapter Three,34.256577,14.019763
0,0,9.443715498491656e-08,iam,9862,""" Ever been to Fleet Street ? "" asked Bawley .",-8.140079,25.591406
1,1,0.9986715316772461,emuru,7953,aimlessly along is more wearying than any-,-1.0475743,-21.97116
0,0,6.509592640213668e-05,iam,9857,give me a ring at this number and I 'll,-8.695122,19.582272
1,1,0.9996331930160522,emuru,8655,"crown lands , the fees of feudalism",-23.312763,-11.836392
0,0,1.3178987501305528e-05,iam,8237,yet so strange were the circumstances that it was,24.686735,7.057714
1,1,0.9999653100967407,emuru,8650,those in authority to find some simple,-24.563107,18.247805
0,0,4.01635861635441e-06,iam,8248,"of a railway will be worse than Ipecacuanha , """,29.020912,7.1127453
1,1,0.9999926090240479,emuru,8634,"Calais , Cherbourg , Brest , Bordeaux and Bayonne ,",-25.324238,-17.97544
0,0,8.610805707576219e-06,iam,9937,"unreadable as a rock . "" Let 's get over to the",-4.47607,15.832507
1,1,0.9995918869972229,emuru,8028,texts to support the thesis of R. Joshua b. Levi .,-33.58904,-6.367359
1,1,0.9992907047271729,emuru,9221,precious than jewels . Though Mofydd Owen,-35.488445,21.78787
0,0,3.199474303983152e-05,iam,8540,waxed enthusiastic about Bouilla-,32.056877,11.7877445
0,0,7.8612967627123e-05,iam,9035,"Finally , being so obviously on their own ,",-35.122463,-11.465981
0,0,6.677514465991408e-05,iam,9626,on the estate was a major error :,2.3152804,16.060272
1,1,0.9996551275253296,emuru,9307,On the back seat Stan Hayball embraced,-3.1427224,-13.31264
1,1,0.9999191761016846,emuru,8822,"on West Street , where a successful Sunday",-15.651466,-7.58003
1,1,0.999854564666748,emuru,8946,"over his head and yawned agape ,",-20.306576,7.8870645
1,1,0.9998775720596313,emuru,7992,into a dull routine . I have great,-5.9597836,-16.978857
1,1,0.9998867511749268,emuru,8486,"it and dry it , in which form , dusted",-1.6668651,-7.207957
1,1,0.9999821186065674,emuru,9636,"would be 3"" plenty , plenty sad "" not to be back",-21.379097,4.136924
0,0,0.0002796457556542009,iam,9210,"reasonably . "" Start running punctual and where are you ? People get",24.23288,-27.588655
0,0,1.086782162929012e-06,iam,9787,""" Oh , the Press , "" said Seaweed . "" Down here on business , Mr.",17.206177,7.7531457
1,1,0.9986552000045776,emuru,8066,' The Holy Spirit manifested itself in three places :,-19.440762,-23.544598
0,0,7.238606485771015e-05,iam,9197,"trees and bushes , that stood well out over the lake .",31.045597,9.788516
1,1,0.9999301433563232,emuru,7542,written in Greek . A modern text of the,-23.166805,17.161217
1,1,0.9990170001983643,emuru,10291,will contact your new doctor,-12.738941,-21.7733
1,1,0.9999396800994873,emuru,7971,"As it is , with so much of our life already",-13.752372,24.360157
0,0,1.1617335076152813e-06,iam,7840,the way to face life . To see all the latent,24.221254,1.6768073
1,1,0.9996596574783325,emuru,8701,"first , the Church , which wisely followed the lead",-6.6262584,-30.003183
0,0,0.00025148969143629074,iam,8122,be accidental . Yet there will always be some,0.09187767,17.684282
0,0,0.0001508712157374248,iam,9183,"any rate they remained with us , perhaps",13.858945,23.270903
0,0,8.147257176460698e-06,iam,10209,dancing with a blonde at eight-thirty that,0.30826485,23.758575
1,1,0.9999749660491943,emuru,7654,"Then the whole earth will be His Altar . "" And it",-14.130271,29.951023
0,0,0.0020591148640960455,iam,9196,"was impatient for it . This afternoon , then , we climbed",-20.66029,23.672451
0,0,0.0032242550514638424,iam,8466,"According to Pliny , and others , certain herbs",10.881535,1.038498
0,0,1.8082972019328736e-05,iam,7734,how to live and accept all the bitterness,26.6321,17.99378
0,0,1.642973438720219e-05,iam,8396,delicacy - sought inspiration at last from,26.08208,12.58731
0,0,4.7533376346109435e-05,iam,8640,then the primary essential to the success,37.60793,6.9568806
1,1,0.999438464641571,emuru,9201,""" Good-bye , Dai , "" said Morfydd , smiling from the bottom step .",-6.492645,-23.204872
0,0,1.0455533328013189e-07,iam,10192,Now Nigel had every right to go where he,-3.670597,20.773056
0,0,6.5757612901506945e-06,iam,8988,"know . Now , because of prior hypnosis we have es-",34.279037,0.41307232
0,0,0.10185329616069794,iam,8266,victim was a woman .,20.67305,0.7366605
0,0,0.028852054849267006,iam,8959,apartment he garaged his car and then stood,-3.755968,-23.091352
0,0,2.508764509911998e-06,iam,9105,"as a statesman . """,22.361116,26.295893
0,0,0.000103749793197494,iam,8189,essential to catch round fish whose,23.124825,19.261879
1,1,0.9996765851974487,emuru,9580,"from him to fondle Judy , who , sensing something",-5.3405895,-14.6050205
1,1,0.9996026158332825,emuru,8519,proportion as exists among her,-31.121393,21.035385
1,1,0.9998792409896851,emuru,8446,they broke fresh ground and called another sense,-28.57114,10.870109
1,1,0.9998602867126465,emuru,7705,back .,-29.156296,9.221271
0,0,0.0003346736775711179,iam,9238,""" Damned if I know , boy , "" said the driver .",34.516865,21.5292
0,0,1.561688463880273e-06,iam,7912,held a high and responsible office lived in,39.469757,2.451368
1,1,0.9995121955871582,emuru,10288,of Philip lying in the other,-7.179065,-22.505285
1,1,0.9995260238647461,emuru,8128,But this southerly migration is not,-6.356357,-14.513787
1,1,0.9980143308639526,emuru,8869,"This opened up a new interest , and we plunged",-15.934299,-11.074427
1,1,0.9999557733535767,emuru,8481,Among the natives of Northern Australia lizards,-8.910813,-3.845845
0,0,5.433841943158768e-05,iam,8458,fainting appetite and added a more exquisite and,29.532133,8.189409
0,0,0.0002515978703740984,iam,9621,""" You think you could have carried more weight",15.182689,-16.88809
1,1,0.9999827146530151,emuru,9199,heart that Morfydd was leaving him as surely as she was leaving Dinas .,-14.719513,-22.013647
0,0,0.0005961833521723747,iam,9339,the Heavy World become changed . Some die . Most live,-16.907007,25.16687
0,0,0.0002281305060023442,iam,9491,miles .,18.861217,-19.997847
1,1,0.9998605251312256,emuru,9902,"for a hold-up as any , "" he said , reining in",-27.165401,17.205532
0,0,3.3082899335568072e-06,iam,9403,with their wings soon died away as the wonderful,-1.3910267,22.734493
0,0,9.151859558187425e-05,iam,9087,One wondered if this greater awareness of the physical cosmos might,-4.7281866,4.4800463
0,0,5.161580247659003e-07,iam,10268,"They often had such a rendezvous , for",-0.9184975,20.268633
1,1,0.9999743700027466,emuru,9589,"You see , it was , apparently , through a mistake",-23.719692,-13.805807
1,1,0.9999740123748779,emuru,8554,"household . Thackeray , of course , waxed enthusiastic",-33.908405,-4.0257163
1,1,0.9996635913848877,emuru,9745,"famous Portsmouth hostelry , second only in historic",-3.816605,-31.17415
0,0,1.3595215932582505e-05,iam,9668,being flung against the huge boulders did the judge,32.46225,-18.331102
1,1,0.999850869178772,emuru,10345,then Philip was so certain that Nicholas,-9.461067,-22.696966
0,0,1.7333558162135887e-06,iam,8238,hazardous business .,-34.422867,16.262852
1,1,0.9975276589393616,emuru,8758,The only concession made in view of the,-3.06572,-14.139962
1,1,0.8441912531852722,emuru,9906,But I reckon they 'll be too busy shooting at,-31.29499,24.454508
0,0,1.878204898275726e-06,iam,9902,"for a hold-up as any , "" he said , reining in",9.975666,-7.2181573
0,0,1.707336377876345e-05,iam,8173,"it , swimming at the same speed",12.285459,-8.101752
1,1,0.9999523162841797,emuru,9651,did not act as though he found it necessary,-9.074927,-12.349186
0,0,3.5157176171196625e-05,iam,7798,led us to believe . Laud was enthusiastically hated,2.0523744,13.693263
1,1,0.9993321299552917,emuru,7806,a sense of reverence . The Prayer Book was to be respected,-24.423698,-0.614502
1,1,0.9997281432151794,emuru,9926,down with a shotgun outside the Palace,-24.18773,-11.271299
0,0,2.89744530164171e-05,iam,9152,"if you ask me . Might be jaguar , might be ...",17.60124,5.9243617
1,1,0.9995762705802917,emuru,9603,Beryl tried to suppress the thought that this was,-2.9621935,-9.424288
0,0,5.791316652903333e-05,iam,8567,and a bowl of milk .,25.689442,4.040932
0,0,2.3224147298606113e-05,iam,8008,the comment of Rami bar Rabh is quoted,14.276365,-9.846691
1,1,0.9998217225074768,emuru,8809,12 o'clock at night . At that time pastries and buns,-34.897194,21.282715
0,0,2.3361984347047837e-07,iam,10096,with the cigarette packet which lay on the table,2.286721,18.773634
0,0,6.91052082402166e-06,iam,7544,text with absolute precision .,34.230774,-8.127149
0,0,3.688543802127242e-05,iam,8298,"Both her wrists bore the marks of severe bruising ,",19.736197,23.493614
0,0,5.431308090919629e-05,iam,7952,we would find life considerably less exhausting,20.3982,-20.373045
0,0,2.0184970708214678e-06,iam,8229,"a verdict of "" wilful murder against some person or",1.8148372,24.810143
1,1,0.9981328845024109,emuru,7933,"homes . It is easy , desperately easy , to lead",-12.972113,11.982089
1,1,0.9999074935913086,emuru,8986,"take charge , as it were , of the minds of the",-14.337333,-4.6799874
0,0,1.0955097422993276e-05,iam,9064,a Mocrat Senator with a seat on the,15.03034,4.1737537
0,0,3.7583471566904336e-05,iam,10074,seeming to clutch her heart . Gavin was,26.537052,7.2579765
1,1,0.9982408285140991,emuru,9499,asking Jack - as a representative of the Vallin family -,-25.216158,20.408197
1,1,0.9997723698616028,emuru,7817,unnecessary its fears were .,-25.190502,20.432806
0,0,3.491813549771905e-05,iam,9198,""" Good-bye , Morfydd . "" He sought to enfold her in his arms . But he was too late .",24.394428,-26.774567
0,0,6.0680620663333684e-05,iam,8692,means of that ' staple ' system which ensured that,32.304676,-10.064731
0,0,0.000265722832409665,iam,7571,The other form of book was the codex . In this the,23.980925,-2.68904
0,0,0.00016188056906685233,iam,7985,To have order does not mean getting,26.881186,-17.955845
1,1,0.9998853206634521,emuru,7500,British personalities . Among them - Professor,-30.812992,14.721062
1,1,0.9999648332595825,emuru,9997,"boy , then a young youth . He saw himself refusing",-26.172298,16.212072
0,0,1.4808002561039757e-05,iam,9874,talkative lady Madeleine respected her husband's,12.059314,10.167812
1,1,0.9980154037475586,emuru,9675,""" My God ! "" the judge cried out . "" The boy",-10.218569,15.479964
0,0,0.002332839882001281,iam,10143,broken arm .,-6.5925207,28.90488
0,0,3.158243271172978e-05,iam,8504,"and of Goja : it is vivid , highly coloured , sometimes",24.985659,21.381147
1,1,0.999993085861206,emuru,7773,able to render an account of their faith according,-8.851352,-27.158165
0,0,1.8050675407721428e-06,iam,7896,"inability to deal with life , especially under",22.625841,-6.329396
0,0,5.81194726692047e-05,iam,9925,With something of a start I remembered the,32.743694,-17.24405
0,0,0.0006034214748069644,iam,7600,enlarged to become reservoirs or cisterns in,7.8108983,-0.16090213
0,0,0.00036498825647868216,iam,8808,dously hard work was if anything intensified . George used to,14.882079,17.383827
1,1,0.99992835521698,emuru,9839,"Service matters . """,-9.475419,4.06769
1,1,0.9999477863311768,emuru,8532,and aesthetic as well as physical . There is the same finesse,-12.849526,1.0555172
0,0,7.619404641445726e-05,iam,8479,peoples have a high opinion of the octopus,22.16031,18.323462
1,1,0.9996951818466187,emuru,10008,"hunted eyes , as if the poor fellow had rocks in",-24.203947,-14.3045025
0,0,1.6641914726278628e-06,iam,8241,"The next female fatality occurred eight years later ,",21.403807,12.656833
0,0,0.00012962354230694473,iam,8429,"how to do it , too : - When the languid flames at",25.475628,19.309925
1,1,0.9997668862342834,emuru,9252,"he cried . "" Never mind your immortal",-5.815989,-9.261117
0,0,0.00010360297892475501,iam,8255,"immersion in gloom , and the clash of reverberated",15.676308,11.573526
1,1,0.9996236562728882,emuru,7959,it becomes possible to work out a system,-15.359439,-18.871271
1,1,0.9999634027481079,emuru,10285,room filled him with a re-,-5.385516,-20.784266
0,0,1.4072693375055678e-06,iam,9778,printed at the head of most naval articles,22.034445,-13.781131
1,1,0.9998865127563477,emuru,7616,Such a Shamir possesses the real acid,-34.441174,-5.781261
1,1,0.9999595880508423,emuru,8052,whether the Heavenly Court concurred,1.5130221,-16.420492
1,1,0.9991565942764282,emuru,9736,"what he likes . Anyway , why pick on you to succeed",-24.292288,-17.229523
0,0,0.00011228623770875856,iam,7715,"so are we deficient without spiritual knowledge , and to",8.929965,3.5169082
0,0,0.0013571836752817035,iam,8673,"booty , a new group of Lords might oust",-34.353294,16.962524
0,0,3.1075349397724494e-05,iam,10197,"found they were off duty together , and",13.133694,2.2725074
1,1,0.9999969005584717,emuru,10030,went quickly back to fetch them .,-26.09032,-15.507821
1,1,0.9960277080535889,emuru,10190,when she was not free ; this much they had,-7.090624,9.569867
1,1,0.9999440908432007,emuru,9825,"John flushed . "" I 'm not in need of charity . "" "" Come",-27.58562,-11.911266
0,0,1.0056385690404568e-05,iam,7917,that it taxes the mind . Two hundred,19.761755,-18.510359
1,1,0.9988282322883606,emuru,10103,and no doubt he would come back soon and,-10.493379,6.0435853
0,0,2.1803705749334767e-05,iam,9590,hardly have spoken with more contempt .,15.996084,-25.46723
0,0,0.0001004423902486451,iam,8370,"dishes , and for all the blossoming of the",23.835295,27.803318
0,0,3.1402976219396805e-07,iam,9059,"salary raise , on the expectation of which they",21.617023,1.4342343
0,0,0.0019080389756709337,iam,8140,but quite apart from this wind effect,29.029343,-18.626215
0,0,4.9279671657131985e-05,iam,9347,"stubbornly , throwing himself down . But Lily-yo and",9.19286,22.528362
0,0,7.504175414396741e-07,iam,8341,the progress of civilisation which allows a dish,29.530804,6.2834907
0,0,1.0298625056748278e-05,iam,8192,"small , a matter of a foot or two . With round",32.32037,9.970909
0,0,9.292406502936501e-06,iam,9408,"Motion there was , but motion without event - except",-6.444325,25.61111
1,1,0.9996681213378906,emuru,9878,"silences , for she knew they betokened a worry of",-15.677433,-16.027077
1,1,0.9993531107902527,emuru,9253,very moment when we should be,-5.3950224,-1.3376908
1,1,0.9999951124191284,emuru,8020,already in the hands of the Redactors .,-1.8997792,-10.647337
1,1,0.9998528957366943,emuru,8389,nowadays their simplified meals would seem quite,-23.969332,11.32287
0,0,1.5563389297312824e-06,iam,8379,"generously enough in his own fashion ,",16.447836,16.545876
1,1,0.9999949932098389,emuru,9107,"That 's how he got the votes , that 's how",-30.545507,5.3532176
1,1,0.999672532081604,emuru,9306,"Megan Thomas sat tight-lipped , nursing",-0.34340566,-18.195421
1,1,0.9990372657775879,emuru,8072,One can remember with horror the pictures of the,-15.362549,-13.816161
0,0,4.055100362165831e-06,iam,9013,a new and strange phenomenon .,19.924482,-6.3999476
0,0,5.110970960231498e-05,iam,10180,"evening , "" If we get married , old girl , you 'll have to stop",-4.4548936,16.790956
0,0,1.5178326066234149e-05,iam,7975,By this means they avoided each,6.567562,-5.7691746
1,1,0.9999990463256836,emuru,8956,side to side .,-29.540768,3.068223
0,0,3.5834677873936016e-06,iam,8364,meal-times of a simpler world to the,33.926605,6.781247
1,1,0.9994675517082214,emuru,9115,so sharply in international politics were as abstract,-28.432901,-8.471663
0,0,7.161202688621415e-07,iam,7950,the end of the day with far less strain if,22.514389,-18.123606
0,0,0.02891663648188114,iam,7626,The action of the Shamir writes books and their,-6.6088176,13.100077
1,1,0.9482381939888,emuru,10075,the terrace thinking that perhaps Gavin,-32.15783,-13.359908
0,0,9.039675205713138e-06,iam,9994,and forks and tidying up implements . It might,24.36179,-16.247663
0,0,6.298474090726813e-06,iam,8016,R. Joshua b. Levi . The proof text for the,3.392934,28.091282
0,0,3.687921343953349e-05,iam,7966,for this . I know how much of a drag it can be,14.372775,25.11617
0,0,2.8906663374073105e-06,iam,8254,gave others a feeling of danger . A medical journal,15.733776,-0.27396438
1,1,0.9999699592590332,emuru,7475,"playwright Arnold Wesker . "" Instead , Muggeridge's appointment",-12.825818,-23.466066
1,1,0.9999459981918335,emuru,8960,A superfluous precaution for there was no other car,-14.574766,-4.134066
1,1,0.9925596714019775,emuru,7915,to live a day at a time . Even those who,-36.111446,18.942537
0,0,4.602835178957321e-05,iam,9274,regarded this possibility with,24.81331,-20.846952
1,1,0.9999803304672241,emuru,8018,The sugya is built around the saying of,-33.86885,-9.459863
1,1,0.9999611377716064,emuru,7676,"aside , and serve other gods , and worship them "" ,",-33.16803,1.5113382
0,0,1.610933213669341e-05,iam,9371,well we can - think . This tribe of the True World,34.329124,13.828759
1,1,0.9999909400939941,emuru,8965,The set lighted-up but gave only a low,-29.503677,0.2886256
0,0,4.281353369606222e-07,iam,10216,""" No , "" she told Phil Gubbins , a junior",31.235262,-21.967316
0,0,9.304977720603347e-05,iam,9871,"any time - knock twice and ask for Bawley , what ? """,17.507013,9.963895
0,0,9.185740782413632e-05,iam,8952,"transcendent event , the exalted desire of all",20.992409,23.211695
1,1,0.9978325963020325,emuru,9711,"inches . Maybe big one four feet ,",0.5478581,4.72499
0,0,4.0580605855211616e-05,iam,8654,the private wealth of the monarchy,27.087072,25.7165
0,0,9.153404971584678e-05,iam,9419,Alastair was a bachelor . All his life he had,18.976221,-19.332336
1,1,0.9995019435882568,emuru,9630,Their air of smiling somnolence showed them,-15.57764,-2.015121
0,0,6.876746192574501e-05,iam,7627,"diamond that incises the hardest rock , the hardest",0.27445307,1.6296555
0,0,0.001451674266718328,iam,8197,the victim and inspecting at Waterloo the carriage,20.817606,0.8037474
0,0,1.8820363038685173e-05,iam,7528,"original was written on a roll , or codex , which fell into disorder or was",19.372747,-25.58974
0,0,3.3196645290445304e-06,iam,9549,""" And I 'm heartily sick of being constantly called",22.313705,-13.615491
1,1,0.9999407529830933,emuru,9703,drag the boat ashore and turn,-9.226395,-11.615334
1,1,0.9998921155929565,emuru,9332,"Mutinous dog , thought the Rev. Edwards , who hadn't",-1.7309954,-8.9830675
1,1,0.9997465014457703,emuru,9361,babies may be born with wings . ' The Captive with,-23.93372,-11.601024
0,0,0.0005126921460032463,iam,8938,"Then , abruptly , he drew himself up",33.234398,-16.199837
0,0,5.614270776277408e-05,iam,9574,You made some sort of a protest to Graybury .,14.774522,-19.714582
0,0,0.00016067124670371413,iam,8477,"from eating it fresh , squash it , press",14.073278,7.873268
1,1,0.9996752738952637,emuru,8309,"The girl , who was described as being "" always bright and",-23.323433,8.21319
0,0,1.2330471008681343e-06,iam,8367,groaned under its load of complicated,31.577993,-5.070256
0,0,6.458062671299558e-07,iam,8722,attempt to apply a sliding scale to the,37.70796,15.917848
1,1,0.9995731711387634,emuru,7801,"Forever associated with Charles is Archbishop Laud ,",1.3973238,-5.900188
1,1,0.9998182654380798,emuru,9210,"reasonably . "" Start running punctual and where are you ? People get",-35.5765,20.161581
0,0,4.980607263860293e-05,iam,7956,out for forty years I find difficult to understand .,23.1508,-16.51567
1,1,0.9996340274810791,emuru,8034,need for the text of the angel are quoted,-15.985411,3.4730947
0,0,9.215263708028942e-05,iam,10068,"then caught her breath , a cold hand",19.358555,-11.792931
1,1,0.9997367262840271,emuru,8479,peoples have a high opinion of the octopus,-21.942438,8.619165
0,0,8.400597289437428e-05,iam,9607,between what a senior and a junior,7.1782007,-16.607275
0,0,0.013395659625530243,iam,9007,ting how the Thetan machinations had been,-18.48899,-15.063667
0,0,2.192353167629335e-05,iam,7504,strike . It showed Britain today through the eyes,-6.1582212,13.186619
0,0,4.842727503273636e-05,iam,10121,thought you were sensible too . Don't,35.836857,7.358306
1,1,0.9999819993972778,emuru,10022,"led the way in . "" The stained glass",0.5787445,-10.408691
1,1,0.9999643564224243,emuru,9674,"Willie Kim was speechless , only his slant",-28.268545,10.733851
0,0,0.0007394813001155853,iam,10291,will contact your new doctor,35.414692,-17.477476
0,0,2.2853416794532677e-06,iam,9781,"otherwise than take it . "" Pleased to meet you ,",17.3348,6.932458
0,0,1.6256270100711845e-05,iam,7782,"definite . It was at this time , too , that King James made",17.37673,18.901346
1,1,0.9999896287918091,emuru,8118,accidental . Being contranatant or against,-3.7250068,-16.242285
0,0,0.0004772240936290473,iam,8788,"thus synchronous with cardiac systole but ,",-3.129421,32.630253
1,1,0.9961721301078796,emuru,9563,to understand all the whys and,-5.5084014,-3.1752775
1,1,0.9999722242355347,emuru,8588,dish in which it was served . He turned # it over,-22.33219,-2.8078966
0,0,1.3895502888772171e-05,iam,9995,His curious headgear fell off . Strange things,15.652963,-0.54316676
0,0,0.00011514795187395066,iam,7601,orchards to the vital question of water,25.60465,-17.525364
0,0,1.0909087905019987e-05,iam,9946,colour drawing . Between us and that lay,7.739929,1.7833318
1,1,0.9999927282333374,emuru,9238,""" Damned if I know , boy , "" said the driver .",-17.252996,9.046128
0,0,1.976192470465321e-05,iam,9510,north of the island .,14.3341055,9.214153
0,0,0.00013931089779362082,iam,9868,"Master bloody Munyard . "" THERE were six submarines ,",15.842488,12.184064
0,0,6.547839348058915e-06,iam,9823,"why should you ? "" "" I see . "" John took the",5.749184,5.8098526
0,0,1.8099493672707467e-06,iam,8196,"in which she had died , there was nothing on",22.78736,-1.5362861
0,0,2.3967057131812908e-05,iam,9298,"when he went to Morfydd's house , all",24.743177,-21.562048
1,1,0.9952865242958069,emuru,8970,"Deadly stillness , deadly portent !",-30.911674,22.77183
0,0,1.814039592318295e-06,iam,7749,""" four cups "" to thank the Lord our God for the "" four",24.09668,8.198398
0,0,5.307454102876363e-06,iam,10342,of suspense . ' It will be interesting,22.233154,-12.530161
0,0,9.984696953324601e-05,iam,9687,end of the wharf . But by pressing,14.790654,1.4517045
0,0,2.2516092940350063e-05,iam,9285,walking very dogged towards Llangrwl .,29.05034,-7.5840225
1,1,0.999927282333374,emuru,9748,and tonic .,-15.585408,4.2491264
1,1,0.9999731779098511,emuru,9046,"But not for long , for soon pedestrians and cars flocked upon",-18.619915,3.66342
1,1,0.9999517202377319,emuru,9787,""" Oh , the Press , "" said Seaweed . "" Down here on business , Mr.",-26.020233,-18.682291
1,1,0.9933773875236511,emuru,8343,meat or fish burnt and roasted in the,-4.0461664,-14.7316475
1,1,0.9999161958694458,emuru,7714,to learn . Education is always the most important task .,-4.3392067,-6.327211
1,1,0.9994010925292969,emuru,8775,contraction of the heart and the apex beat occur in,-35.38967,-8.530384
1,1,0.9999649524688721,emuru,8046,original question and answer and this is quoted,-3.665022,-11.223808
0,0,1.4724778338859323e-05,iam,8524,typically French .,26.888342,0.62878495
1,1,0.9999784231185913,emuru,9501,vengeance . She had expected to be met with violent,-26.765493,8.704635
1,1,0.9998608827590942,emuru,10309,"fided in her , given some expla-",-4.7225885,-17.853386
0,0,9.701425369712524e-06,iam,9291,But disappointment awaited him . A,20.267778,-17.179605
1,1,0.9982086420059204,emuru,8120,"that find it if enough are travelling , just as",-8.081481,-21.726156
0,0,0.0005270542460493743,iam,10298,scription for the sedatives . You,11.760973,-11.754209
1,1,0.9999071359634399,emuru,9625,to have been guests at yesterday's,-25.322306,-20.48172
1,1,0.9999769926071167,emuru,8811,Soon they were good enough to sing at meetings .,-5.7408924,2.7537138
1,1,0.9969238638877869,emuru,8182,was actually just off the bottom and was,-8.126016,-12.236069
0,0,2.1075569748063572e-05,iam,9342,and grow wings . Between the worlds are many strong,13.079343,15.206874
0,0,0.00011879701924044639,iam,8507,melody . The paprika and caraway perfume,28.62944,14.639279
0,0,8.585540854255669e-06,iam,10310,nation . Now there was no-,23.952305,-4.9280844
0,0,0.007336913608014584,iam,7691,"the problem of life cannot be solved . "" Therefore shall 1ye lay",-5.704426,18.25452
0,0,0.0006548282690346241,iam,10036,the excitement of meeting,25.040777,-11.631719
0,0,6.548957117047394e-06,iam,9213,""" Left here all right , "" said Ifor . "" Two-thirty-five , on the dot . "" "" It 's",10.126732,1.4693667
0,0,5.5900604820635635e-06,iam,7580,might be bulky . It is sometimes possible to tell,20.876657,-13.778427
0,0,5.103906460135477e-06,iam,8024,( This is probably to be understood as a well-,7.45483,20.022152
0,0,0.013327442109584808,iam,9448,"left , Milan . The directional angle of the",-21.09373,29.542446
0,0,3.3256157621508464e-05,iam,8984,selves in their zeal to get their orders and to carry,11.017184,8.711318
0,0,0.0009797790553420782,iam,8174,it reaches them . They move away before,0.23388378,-0.61533695
0,0,7.797261787345633e-05,iam,8999,they will promptly give us their hypnotic,35.83436,5.789053
0,0,4.603400611813413e-06,iam,7737,"principle and this gives us "" a wink "" ( Remez )",32.201122,3.6880238
1,1,0.9999737739562988,emuru,10035,"pocket-book , with a sick feeling",-5.283827,-19.03751
1,1,0.9999401569366455,emuru,9613,"pretty spineless ! """,-7.139151,0.19172893
0,0,5.419393346528523e-05,iam,8473,A number of newly-born white mice served,23.799736,13.322108
0,0,1.9680976492963964e-06,iam,9832,""" Tell me who the little bird was . "" "" Can't",22.845762,27.640514
1,1,0.9984745383262634,emuru,8865,"After the First World War , 1914 , I did not visit",-15.871882,0.4610473
0,0,1.6552783563383855e-05,iam,8485,"and the Chinese . The Celestials , apart",14.408177,9.276238
0,0,0.00015552403056062758,iam,8600,"The same man went to see Carlyle , and , after mentioning",9.884983,-18.189949
1,1,0.9998980760574341,emuru,9044,"They followed him to a city bus stop on Carling Avenue , where",-28.071589,-13.585836
0,0,1.0278784429829102e-05,iam,8775,contraction of the heart and the apex beat occur in,29.305235,6.622769
0,0,7.419497251248686e-06,iam,8395,intelligent selection and comparative,28.55736,10.474331
1,1,0.9999978542327881,emuru,10181,been standing in for Luke Parsons at his surgery in,-16.940432,-8.349354
1,1,0.9995595812797546,emuru,9562,""" Oh , drop that nonsense , Piers !",-10.190138,-21.799358
1,1,0.9994937181472778,emuru,8907,Chairman of the local War Pensions Committee . This,-29.658112,-11.086997
0,0,1.2330540812399704e-05,iam,7738,represents Remez ; ( 3 ) Dipping-in represents,30.044798,18.572905
0,0,8.974196816780022e-07,iam,9155,"feeling , like I always get when something",27.173306,-1.6659131
1,1,0.999235987663269,emuru,7853,"Toyohiko Kagawa . Loving Saviour , who experienced",-5.702674,-23.655832
1,1,0.9993882179260254,emuru,9977,was never long on patience .,-20.635082,5.039451
1,1,0.9999761581420898,emuru,7856,we are with Thee .,-18.64143,10.545498
0,0,0.003284822916612029,iam,10069,hers in an intimate way .,13.200392,-9.774278
0,0,7.837166435820109e-07,iam,9057,"Heaven alone knew when , if ever , he would be",2.9780636,17.893639
1,1,0.9999208450317383,emuru,8372,"tongues ; unreasonable surfeit , too , in the",-14.164129,1.3996644
0,0,4.483315206016414e-05,iam,9146,carefully casual . ' The servants are all on,3.586023,28.041054
1,1,0.9998893737792969,emuru,9173,"to watch Mr Septimus more closely , Mrs",-31.841394,-16.98568
0,0,4.765946141560562e-05,iam,8855,their candidate must go forward in the,8.723547,19.722984
0,0,0.00020374744781292975,iam,8217,for a man who had been seen leaving the train,-6.617348,29.256212
0,0,0.004971287213265896,iam,8206,a detailed account of his movements on the 11th . The dead,22.815245,16.004755
1,1,0.999971866607666,emuru,10371,"the result being somehow as ineffective , not",-5.3989143,-11.998296
0,0,0.00010327304335078225,iam,9382,are slaves to it . Only an outcast is free . Because,-7.147211,17.388748
1,1,0.9998161196708679,emuru,10175,"Sometimes they talked on the theme of "" when we get married "" ,",-27.688198,-5.8234572
1,1,0.9999786615371704,emuru,8029,There is no reference to the Mishnah here,-27.400211,19.419905
0,0,0.00023927928123157471,iam,9353,"Lily-yo said , doubtingly . The Captive with the",-5.765352,22.0442
0,0,0.00018233548325952142,iam,8461,board . The gratification of the sense of smelling,24.362768,17.227322
1,1,0.9987176656723022,emuru,7775,verily and indeed taken and received by the,-0.82046264,-4.84507
1,1,0.9999369382858276,emuru,7591,"cannot think of an author , Mark for example ,",-8.548043,-30.82906
1,1,0.9958608746528625,emuru,9943,"a vast stretch of hills , canyons , buttes and",-18.330423,-13.696948
1,1,0.9987584352493286,emuru,9265,"is it ? "" "" Mutual recriminations will get",-9.528597,-24.488539
1,1,0.9999172687530518,emuru,9757,"gin ? "" He turned to Seaweed -",-6.6606345,-5.7430315
0,0,2.549949385866057e-06,iam,8787,"ception , the more distal arteries pulsate",22.835035,20.522326
1,1,0.9999822378158569,emuru,7468,She plays the possessive mother of a man whose hobby revolves,-7.684867,-16.739735
0,0,8.479643838654738e-06,iam,7512,arrived two hours earlier by appointment,27.729342,-10.307785
0,0,0.00025628728326410055,iam,8981,"them out . Just what these orders will be , we don't",12.2763405,8.566516
0,0,2.1033008579252055e-06,iam,8724,But this time there was a very interesting,28.000443,17.151846
1,1,0.9957271814346313,emuru,9731,""" So there you are , my dear . "" Peggy 's eyes filled",-13.019554,0.09797673
0,0,2.899733772210311e-06,iam,9572,"the matter because , very naturally , you were",37.140278,-15.421811
1,1,0.9999282360076904,emuru,8185,Cover in the fast-moving trawl is considered,-34.093998,4.0659866
0,0,3.5496350392349996e-06,iam,10108,down to the beach . Gay closed her eyes for a,3.9883192,21.263355
1,1,0.9997243285179138,emuru,9988,were going on in his bewildered brain . When,-1.1555213,-13.24533
1,1,0.9999963045120239,emuru,8282,"doctor , the woman , young , small , and rather plump ,",-28.083893,-17.644741
1,1,0.9999933242797852,emuru,9921,After all it 's them we 're supposed to be,-17.017254,1.5646527
1,1,0.999873161315918,emuru,8186,reaction to disturbance would be upwards .,-26.69515,9.793381
0,0,3.4369459172012284e-05,iam,8117,The details are harder still to see .,25.260439,-21.588306
1,1,0.9999914169311523,emuru,7495,Northern defiance . The cameras played continuously on his,-24.794466,-21.10441
1,1,0.9994683861732483,emuru,9072,"evening , when he had been left to cook his own meal .",-22.90172,-2.2668254
1,1,0.995779275894165,emuru,8311,long brown hair in a bun at the back of her head,-35.618046,1.8205314
1,1,0.9999856948852539,emuru,8499,aromatics where the paprika insinuates its perfidious,-23.910566,4.5286922
0,0,1.6691168639226817e-05,iam,7861,only a disturbed tossing and turning,21.14125,17.242697
1,1,0.9985262155532837,emuru,8954,upward and shook his head slowly from,-30.966545,-1.7630796
1,1,0.9999428987503052,emuru,9095,we might get GO a bit better if he entered politics .,-9.076529,-20.35761
1,1,0.9999459981918335,emuru,9821,"he said . "" Expense account . You 're a married",-26.817034,-20.391287
1,1,0.9923385381698608,emuru,9206,damn bus .,-31.845896,25.450254
1,1,0.9976862668991089,emuru,7835,frightening possibilities and yet by facing,-31.20437,-8.731883
0,0,0.0002645370550453663,iam,8832,One of the students was young,36.76748,-6.091598
0,0,1.8619775801198557e-05,iam,8346,How many centuries later did the mercenary in,26.604115,-23.123085
0,0,2.4535347620258108e-06,iam,9286,the bus . He passed The Traveller's,27.579096,-12.128343
0,0,7.300372089957818e-05,iam,10055,"Lilyan remonstrated . "" They want to be",25.847847,-11.280618
0,0,2.6458479624125175e-05,iam,8734,Again the resentment was widespread and,27.997774,3.7455971
0,0,8.534128028259147e-06,iam,8002,matter on hand .,22.22336,-7.556336
1,1,0.9995408058166504,emuru,8746,those charged with the crime . It is clear,-14.14201,5.2161393
1,1,0.9997194409370422,emuru,7859,"we face life boldly , many of the shadows are",-4.558203,-15.918218
1,1,0.9999451637268066,emuru,9712,"man at catch 'em than Injun , Judge .",-9.458929,1.1964254
1,1,0.9998231530189514,emuru,7643,"language . The Shamir is the "" seventh "" and",-21.969099,-2.8545754
1,1,0.9999065399169922,emuru,8024,( This is probably to be understood as a well-,-23.623985,-8.970953
0,0,9.68898802966578e-06,iam,8329,nothing the Chinese would not eat .,22.354605,23.331087
0,0,2.3686890926910564e-05,iam,7484,essay on soldiering which stated that a fighting,9.854264,-14.083695
0,0,0.0001956489431904629,iam,8871,a village choral society and conduct it .,38.17744,6.981556
0,0,2.083099161609425e-06,iam,8355,always been strong in mankind . The sharing of,8.884352,26.795658
1,1,0.999942421913147,emuru,8166,aware of the moving footrope before,-13.369985,-7.2129283
1,1,0.9989394545555115,emuru,7890,a burden to their families and their friends .,-2.399333,-18.804512
1,1,0.9983881711959839,emuru,7480,"success last night in I T V's "" Private Potter , "" his",-20.929419,20.081804
0,0,0.021496767178177834,iam,9561,"look as though it was only what you expected of me ,",-21.396036,-12.437305
1,1,0.9972769618034363,emuru,7529,showing that such changes are part of a,1.3780135,-5.8425903
0,0,0.0005872936453670263,iam,8576,been blind to the charms of turbot and,-36.48278,15.255253
1,1,0.9998846054077148,emuru,10217,Nigel from the back . D.j. and all .,2.0240965,-13.394341
0,0,0.011806793510913849,iam,8323,would not eat .,27.766487,22.708046
0,0,0.0007614230853505433,iam,8079,overcrowded and over-embellished drawing-rooms,29.817741,-12.866628
0,0,0.0024378595408052206,iam,8125,are drifted back into the normal home,16.525162,-18.719269
1,1,0.9999916553497314,emuru,8586,Dante Gabriel Rossetti had simple tastes in food . At one,-7.474993,-13.386277
1,1,0.9999376535415649,emuru,8503,Schnitzel as well as dishes and stews heightened with,-33.893196,-4.9868956
1,1,0.9999816417694092,emuru,8454,"perfumes , these refined voluptuaries aroused the",-22.087837,16.176321
0,0,5.403310751717072e-06,iam,9763,""" Make it a large one , darling . I know the naval",29.452183,-13.93133
0,0,2.1393793758761603e-06,iam,8155,"is strongest at spring tides , when without",33.005974,5.0188127
1,1,0.9984057545661926,emuru,8688,journeymen and small tradesmen of the,-38.478256,-1.3151696
0,0,0.000360390025889501,iam,7482,"date . "" ACTOR Tom Courtenay was an outstanding",-1.9421804,25.949207
1,1,0.999985933303833,emuru,7756,"eating Matzos in Egypt and the "" Feast of Matzos """,-13.599395,3.6751325
0,0,2.0340276023489423e-06,iam,8751,the suggestion that the rich should help,24.522171,13.278478
1,1,0.9999769926071167,emuru,9098,"plump hand towards her grand pianos , etc :",-25.62296,1.7211523
0,0,0.00797947496175766,iam,8403,"Does one , however , know who first thought of boiling",28.669317,24.812603
0,0,3.455824116826989e-05,iam,9503,"coming back from Barbados so soon . "" Beryl",33.6747,20.978
0,0,0.0001348746445728466,iam,10012,been attending some kind of fancy dress do,0.061676756,16.406446
0,0,2.7742600650526583e-05,iam,10128,married life going to be like ?,4.829061,-2.8351054
1,1,0.9997701048851013,emuru,9899,thinking what a skill he had for reading,-30.164621,-11.647309
0,0,2.1261150322970934e-05,iam,8720,borders between private and public purse were,30.348373,-5.1095343
0,0,0.008074600249528885,iam,10142,I can for him so that she can get out to do her shopping .,-25.702946,-6.8714824
0,0,1.2390011079332908e-06,iam,8165,"be by actual contact , or by sight reaction to the disturbed",10.464207,-1.6801944
0,0,6.360472070809919e-06,iam,9982,"observed Dan , shifting about in his saddle . He",18.8258,12.213189
0,0,3.308937812107615e-05,iam,7459,"I don't think he will storm the charts with this one , but it 's a good start .",29.551239,3.725155
0,0,0.00021473717060871422,iam,8172,that of flat fish on the bottom .,27.1702,-18.417454
1,1,0.9999769926071167,emuru,7866,"the mind . Very few people , under normal",-21.426174,8.438911
1,1,0.9923068881034851,emuru,8031,by the Gemara in support of R. Joshua b.,-14.152389,10.632798
0,0,7.022699719527736e-07,iam,7907,"months , even a Prime Minister could go to",25.936821,8.804306
1,1,0.9999667406082153,emuru,8935,"hollow , and the news that Byron had left",-27.814678,14.736368
0,0,5.850069101143163e-06,iam,7905,made this century is the way in which illness,21.26046,-19.089962
1,1,0.9994162321090698,emuru,8765,In Chapter Two he gauged the nature of the heart's movements,-25.022331,-8.742367
1,1,0.9999394416809082,emuru,10342,of suspense . ' It will be interesting,-8.904273,-7.1284194
1,1,0.9999591112136841,emuru,7880,"the washing-up - while others , if they",-0.059202377,-8.446478
1,1,0.9995730519294739,emuru,9538,on his taking her out in the jeep -,-17.668356,-10.881452
1,1,0.9990705847740173,emuru,8474,like a prairie oyster is considered a,-40.68613,16.128586
0,0,1.7118556570494547e-05,iam,8512,"essentially French , and , irrespective of",28.507347,14.903588
1,1,0.9999120235443115,emuru,9130,neurosis and not in some eruption from those,-15.608761,-2.1960692
0,0,2.2118663764558733e-05,iam,8325,told us that there was nothing an En-,28.720602,24.600168
1,1,0.99993896484375,emuru,8591,"with Dickens says the menu was Whitstable oysters , a brown",-21.367184,-4.819642
0,0,0.000266318122157827,iam,8351,than mere converse has always been there .,36.85497,-22.336958
1,1,0.9995613694190979,emuru,7647,come across human Shamirs and they leave,-14.017352,-9.787813
0,0,1.2160040796516114e-07,iam,8771,"of the apex , the thickening of the heart walls , and",23.774021,0.3291208
0,0,0.0004312035453040153,iam,10022,"led the way in . "" The stained glass",17.528131,-18.304836
0,0,6.513416883535683e-05,iam,9086,allies being more inferior than formerly to W.C.U. in the,17.47777,-20.316576
1,1,0.9902279376983643,emuru,8106,echo-sounders . Bottom crowding comes when they cannot reach,-20.087847,-13.427828
0,0,0.0004418322932906449,iam,9733,sick . Just because he 's an Honourable he can do,3.0936975,8.603267
1,1,0.9997802376747131,emuru,7862,which causes them to wake feeling worse,-27.635052,5.7849693
0,0,0.00015210856508929282,iam,9518,"Jack and Blanche were quick to sympathise , and to",16.907623,19.271757
1,1,0.9999074935913086,emuru,10268,"They often had such a rendezvous , for",-9.446266,-23.98077
0,0,3.683629256556742e-05,iam,10037,Gavin and the girl who had got,23.26688,-19.243046
0,0,2.5214596462319605e-05,iam,8736,far away from the capital in a town with,30.414759,16.303123
1,1,0.9999185800552368,emuru,9212,"supposed to leave at two-twenty . "" "" Who says so ? "" "" Your timetable . """,-31.140171,16.637108
0,0,3.4695781323534902e-06,iam,8660,social services . A mediaeval oligarchy,16.707302,-1.8495616
1,1,0.9999451637268066,emuru,9820,man with a couple of kids . Can't go wasting,-9.8744,1.5958138
1,1,0.9998517036437988,emuru,8950,hands together between his knees and leaning,-24.09206,1.7050433
1,1,0.9978510141372681,emuru,7901,great deal of tiredness which comes from,-2.4123597,-27.575188
0,0,1.0493634363228921e-05,iam,8239,were many people who believed that to travel,18.75925,15.335213
0,0,1.264021307179064e-06,iam,8592,which he washed down with beer . A writer who had dinner,34.355427,-5.6577272
1,1,0.999702513217926,emuru,7966,for this . I know how much of a drag it can be,-26.435467,6.7391334
1,1,0.9995015859603882,emuru,9422,faith which he was placing in her and,-4.782037,-21.978422
1,1,0.998839795589447,emuru,9792,"his glass . "" Fill it up , darling . Accuracy above",-30.39714,23.514242
0,0,0.00029882672242820263,iam,9255,"folded it , and glanced idly out of the",7.464416,24.585323
1,1,0.9999532699584961,emuru,9583,have had it in for Guy .,-20.773298,-1.6286063
1,1,0.9998688697814941,emuru,7658,mind together we cannot solve the further,-38.282246,7.5356374
0,0,0.00041200665873475373,iam,9046,"But not for long , for soon pedestrians and cars flocked upon",-2.039395,24.913513
0,0,6.03239459451288e-05,iam,8843,"socialism . With such men , who had the",24.584993,-9.958519
0,0,0.00020868262799922377,iam,9360,as we are . Some may be born right . ',10.415018,13.830921
0,0,3.274208211223595e-07,iam,8055,part of the verse .,13.307513,10.746682
0,0,2.982015757879708e-06,iam,8511,possibly comparable alone to a gypsy,31.621689,11.137282
1,1,0.9998921155929565,emuru,9023,Dan paced the floor . He seemed completely unaware,-22.251724,-7.4473095
1,1,0.9996305704116821,emuru,8736,far away from the capital in a town with,-11.786478,-2.4575768
1,1,0.9997484087944031,emuru,9793,"drop the rank - such a mouthful ! "" "" You 're",-8.351539,-14.852556
0,0,6.075240435166052e-06,iam,10313,"the word . Nicholas , Philip ...",22.800783,-23.847927
1,1,0.9999223947525024,emuru,8880,"church was , it had its own atmosphere , and for centuries",-21.81869,13.049835
1,1,0.9963011741638184,emuru,7507,Shelagh Delaney and Alan Sillitoe attacked,-21.586754,6.9124413
0,0,3.7579244235530496e-05,iam,8023,because the Mishnah deals with the,28.14781,-22.139477
0,0,1.8054274733003695e-06,iam,10170,""" There are all sorts of wonder-",-2.3567424,19.411781
1,1,0.999969482421875,emuru,8080,numerous other crocheted pieces . It was some years,-12.650058,17.13717
1,1,0.9999971389770508,emuru,9659,"triangular sail , and to the judge's frightened eyes , so",-26.452162,-11.922643
0,0,1.0285059943271335e-05,iam,9935,country that lay all round Gilburg Crossing .,9.428427,-12.79196
0,0,0.00036854235804639757,iam,7922,"piece . Now a man may live twenty ,",12.503301,-8.978999
1,1,0.9990155696868896,emuru,9836,"Regard this as a softening-up process , and",-17.168173,-26.358734
1,1,0.9999988079071045,emuru,8977,overtone that sang in his ears with an,-19.007948,0.498212
1,1,0.9999573230743408,emuru,8580,of having his turbot removed first .,-23.165222,9.675075
0,0,6.438937998609617e-05,iam,9258,"Rev. Edwards . Now he put down his paper ,",32.011555,-24.950472
1,1,0.9999904632568359,emuru,9568,""" If you want my true opinion I 'll give it .",-19.80372,-9.340724
0,0,1.7700023818179034e-05,iam,7849,"dwells in my hand , Knows this",16.867842,-10.541772
1,1,0.9999915361404419,emuru,7861,only a disturbed tossing and turning,-30.446457,9.959212
0,0,1.9436300135566853e-05,iam,7890,a burden to their families and their friends .,19.676691,-18.52618
0,0,7.081952162479865e-07,iam,7507,Shelagh Delaney and Alan Sillitoe attacked,19.769762,2.0553184
1,1,0.9999496936798096,emuru,9737,dockyard and now that she 's ready for sea he goes,-15.734635,6.9445047
0,0,1.460198745917296e-05,iam,10184,"with it was coupled a disembodied fragment of information ,",0.62981004,23.30164
1,1,0.9999979734420776,emuru,8323,would not eat .,-19.942589,7.7668424
1,1,0.9998482465744019,emuru,10197,"found they were off duty together , and",-26.882072,0.13404733
1,1,0.9990218877792358,emuru,8953,mankind through all ages ! The Kingdom of the,-24.614355,6.9033937
1,1,0.9999510049819946,emuru,9250,"his head . "" God bless my immortal soul , """,-33.770622,-5.2733088
0,0,1.167698428616859e-06,iam,9941,The air was fresh and clear and you,3.900973,16.65509
0,0,6.206906982697546e-05,iam,8913,life .,27.14591,2.597373
0,0,0.0015976728172972798,iam,8847,mined and obdurate in their attitude that,-34.079063,15.617428
0,0,5.527339817490429e-05,iam,9593,"flamingoes our first morning on the island . """,21.398554,-12.115758
1,1,0.999977707862854,emuru,7989,who does not always want to do,-12.056743,-9.619927
0,0,7.738409476587549e-05,iam,9387,"come to you , Lily-yo , ' Band Appa Bondi added .",34.097595,21.319756
1,1,0.9992892742156982,emuru,8414,we hear of the fleshpots of Egypt,-21.629854,10.979494
1,1,0.9999054670333862,emuru,7904,"physical illness . There is , nevertheless , a",-7.6601543,-28.234953
1,1,0.999576985836029,emuru,8985,""" The Thetans , "" he said , "" are presumably here to",-36.911755,21.008682
0,0,3.4696840884862468e-06,iam,8823,the members . The B.S.P. also rented pleasant rooms,17.097502,-5.1489987
1,1,0.9978185892105103,emuru,8832,One of the students was young,-7.16608,-30.770199
0,0,0.0001790301757864654,iam,7527,"accidentally damaged . An editor , who was not the author , made what he",27.557966,8.786442
1,1,0.9995566010475159,emuru,7899,"of the mind is no longer feared or shunned ,",-5.950628,-27.58802
0,0,0.005197951570153236,iam,7707,Charauses ( a kind of fruit mixture in likeness of the,20.81248,10.688991
0,0,3.618965365603799e-06,iam,9344,"' We know much , ' repeated the Chief Captive . ' Some",-3.5219314,23.901527
1,1,0.999907374382019,emuru,10226,"suddenly in an upsurging of relief , "" that stupid",-40.234165,14.624504
1,1,0.9999178647994995,emuru,8249,sorts of horrible illnesses brought on by the,-25.482122,9.135196
0,0,1.6326710294833902e-07,iam,8431,except by roasting and boiling . When,34.04709,9.239052
0,0,0.0006050659576430917,iam,9402,new flesh and tendon strengthened . To sail up in the,7.0798297,27.490213
0,0,0.0002754161541815847,iam,7477,will be with Sir Roy Welensky the Premier of the Federation,8.266616,-5.4772005
1,1,0.9998186230659485,emuru,9936,""" Fenton or Somers , "" he said . "" Or the Town",-19.165953,-12.85757
0,0,7.517350695707137e-06,iam,8392,"of gorging the eye with magnitude ,",24.439621,18.328804
0,0,7.1495674092147965e-06,iam,9667,empty his lungs of stifling air and refill them,5.445485,4.963888
1,1,0.9998471736907959,emuru,9397,We need such memories . So we ask you to go,-35.612164,21.169506
0,0,3.223733756385627e-06,iam,8714,"It was , therefore , a complicated and not very",21.525318,21.243582
0,0,4.066572000738233e-05,iam,9375,Captives rule the True World ? ' Lily-yo asked,-5.562152,19.198895
1,1,0.9984878301620483,emuru,8920,"When he saw Trelawny's printed letter , Lord Sidney wrote",-3.9404747,-22.035513
1,1,0.9980521202087402,emuru,9527,it out with Piers when a reasonable,-35.951065,3.0032527
0,0,3.3144658573291963e-07,iam,9483,He was able to trace the course of the river ; he,5.7785816,18.273014
1,1,0.9998317956924438,emuru,9159,"imagine the Christian martyrs twisting and shrieking ,",-26.572659,4.578273
0,0,7.058069968479685e-07,iam,7843,has something important to do with our,22.705553,7.958103
1,1,0.9985957741737366,emuru,8948,"thrust out , arms dangling loosely .",-14.672383,-21.368116
0,0,1.6338735804311e-05,iam,7853,"Toyohiko Kagawa . Loving Saviour , who experienced",19.206804,-17.801458
0,0,0.004342835862189531,iam,9996,Walking out of the chapel later on . Continuing,6.7400413,-20.194273
0,0,0.015109064988791943,iam,7460,"CHRIS CHARLES , 39 , who lives in Stockton-on-Tees , is an accountant .",-11.574093,21.058607
1,1,0.999994158744812,emuru,9999,dly decadence and absorption in debase-,-11.375823,-25.142035
1,1,0.9999974966049194,emuru,7765,remained . Other changes in the Book were equally,-20.86775,-3.6387782
0,0,1.4943148016755003e-06,iam,9973,go and tell Nick Dowd we 've come to talk,24.191465,-1.891681
0,0,5.898898507439299e-07,iam,9269,Morfydd Owen was silent . But she,27.134018,-12.291325
0,0,9.54421739152167e-06,iam,8846,Just as the Labour Party had fought the,9.697386,18.167706
0,0,2.0308767489041202e-05,iam,8869,"This opened up a new interest , and we plunged",15.613866,21.15699
0,0,5.724205038859509e-05,iam,8483,definitely a delicacy while Mediterranean,13.868819,1.3372278
1,1,0.999601423740387,emuru,9660,close to the rocks that it would be dashed,-2.879591,1.8727497
0,0,0.0046437871642410755,iam,7731,"more of the Torah and the Oral Tradition , our inheritance .",-22.379501,5.762477
0,0,2.531772588554304e-05,iam,8179,that the wave might be transmitted by the,22.498346,-17.92826
0,0,0.00034423830220475793,iam,8868,Towards the end of my five and a half years',10.188573,-0.14870505
1,1,0.9999916553497314,emuru,9547,"to make the presentation , I run the damned",-3.6016347,-0.9990618
0,0,1.6235662769759074e-05,iam,8534,The French have an inborn appreciation of good food and,40.90894,1.2527429
0,0,1.9452691049082205e-06,iam,8848,There was no abatement in political,-0.9564841,23.88731
0,0,4.0417003788206785e-07,iam,8738,most notorious third poll-tax was agreed,28.583452,2.5011218
0,0,4.09037820645608e-05,iam,9022,"decided upon . Inside they sat down unbidden , while",12.675011,19.748692
0,0,1.3159083209757227e-05,iam,7648,"diligently unto my commandments , which I command",5.6951885,21.397964
0,0,0.0004837930609937757,iam,9512,"had had a thoroughly good time , and it would take them",-21.277243,-14.774731
1,1,0.99974125623703,emuru,9465,miles from their destination .,2.0478945,-14.43361
1,1,0.9998227953910828,emuru,10024,"flights back . """,-29.592873,0.3486845
0,0,2.4806624878692674e-06,iam,8009,"( Actually , the Mishnah quotes two further proof",2.4983273,20.643606
0,0,0.0032123271375894547,iam,8803,He was a socialist and believed in the right,30.86727,-15.801856
1,1,0.9996826648712158,emuru,8179,that the wave might be transmitted by the,-2.547514,-27.61969
1,1,0.997904896736145,emuru,8708,There were two other sources of public revenue -,-3.1408327,-2.6145244
0,0,3.534741699695587e-05,iam,10101,"dance , "" Doc's cheery voice came as a",35.385437,-11.378576
0,0,0.00014180754078552127,iam,8763,"from the dissection of living animals , showing how these move-",-12.265154,9.52723
1,1,0.9654937982559204,emuru,8619,"When all seemed to be going well , a sortie surprised",-27.426126,-8.954353
1,1,0.9970492720603943,emuru,7549,impossible to say .,-25.033142,-4.872211
0,0,8.72039365162891e-08,iam,8743,merchants who could tempt court and,30.256119,-5.793398
0,0,9.257018973585218e-05,iam,8849,"Council meeting on October 16 , 1912 , George",9.354807,16.861078
1,1,0.9999911785125732,emuru,9657,"of a mile and a half , came the yawl under her full",-18.850525,-9.877637
1,1,0.9922313690185547,emuru,9254,"window . Looked again , eyes starting from",-10.951511,-12.543278
1,1,0.9997305274009705,emuru,7740,the literal meaning of Pesach which,-33.35723,4.1895328
0,0,1.745671625030809e-06,iam,8565,bowl of milk .,21.719465,-1.2953528
1,1,0.9998444318771362,emuru,9972,We didn't approach unchallenged . Just short,-5.452184,-8.383163
0,0,1.952420916495612e-06,iam,10141,"it ran . "" Your cards are lovely . I rang up Miss Harland",-5.879194,22.190077
0,0,8.949216862674803e-05,iam,9531,them . But next morning she insisted,25.587109,14.070059
0,0,0.0002499893307685852,iam,10005,"saw himself as a sulky , ugly , malformed , repressed",26.022337,-17.511412
1,1,0.9999758005142212,emuru,10010,"He didn't know what to make of it , but it",-23.307117,10.753454
0,0,0.003358255373314023,iam,7650,"your soul . "" This may seem very good , but there",4.0927076,1.6062014
0,0,6.518578743452963e-08,iam,7495,Northern defiance . The cameras played continuously on his,27.8963,11.842358
1,1,0.9999799728393555,emuru,8534,The French have an inborn appreciation of good food and,-21.292297,29.056532
0,0,1.8613897054819972e-06,iam,8505,"streaks of poetry , meat disguised under heavy and vehement",35.770664,10.733947
1,1,0.9996353387832642,emuru,7523,Fourth Gospel by explanations based on assumed textual dislocations . The,-21.542583,-17.001753
1,1,0.9910470843315125,emuru,10028,There were few passengers on the plane and Gavin was,-30.131102,-3.5566893
0,0,0.0001205099470098503,iam,9652,except in moderate compliance with his father's,20.391794,-19.41237
0,0,3.0501653327519307e-06,iam,9131,GO ; but the reason probably lay in elementary,16.946331,-14.10514
1,1,0.9996774196624756,emuru,8022,"From the above it follows that here , once again ,",-14.740824,2.1564224
1,1,0.9999978542327881,emuru,7571,The other form of book was the codex . In this the,-18.03953,1.073965
0,0,0.002965169260278344,iam,9356,Where are your souls ? ' Lily-yo and Flor looked at,-7.1870847,21.604525
1,1,0.9968543648719788,emuru,9456,at the speed recorder . It seemed almost incredible that,-33.431393,14.962474
0,0,7.941859075799584e-05,iam,8853,"Liberals , they were going to fight the Labour",10.9559765,19.793991
1,1,0.9999992847442627,emuru,8788,"thus synchronous with cardiac systole but ,",-29.592928,4.2769165
1,1,0.9999393224716187,emuru,10056,"can't find a table for two . """,-24.88196,14.943559
0,0,5.578923810389824e-05,iam,8086,is always from the north ) .,21.94926,-21.076921
0,0,3.079101225011982e-05,iam,8053,to the discussion but because it was,22.82131,-7.9059405
1,1,0.9999722242355347,emuru,7934,the office or works wonder what they,-24.364105,10.392787
1,1,0.9988672733306885,emuru,9220,"some dreadful ravine , or beset by",-3.9392598,-11.939549
0,0,0.00013317546108737588,iam,9214,"the mask , now , Ifor did . "" Dai Pugh , "" he bellowed . "" Leap on your bicycle",12.846391,-12.648002
1,1,0.9988054037094116,emuru,10085,that he had only met a few minutes before .,16.977327,2.9387634
1,1,0.9999977350234985,emuru,10210,"hours . If they get in before eight-thirty , even",-29.043028,-0.9755173
0,0,5.609205345535884e-06,iam,9768,the lounge or return to his bedroom .,29.40867,-13.363173
1,1,0.9999442100524902,emuru,9174,Caine too and Mr Gilberto who would ...,0.45079547,-11.237605
1,1,0.997357189655304,emuru,7664,"gratify selfish aims , then each man will gather-in",-6.7191052,29.566896
1,1,0.9984477758407593,emuru,8558,as well as the foods for which they have,-20.641392,19.453653
0,0,0.002444144804030657,iam,9662,with part of that howling northwest gale .,21.970274,14.687198
1,1,0.9998394250869751,emuru,9065,"friend of hers having married Lester Peron ,",-22.353876,2.5204694
0,0,7.558838842669502e-05,iam,10061,"alone . "" "" I 've booked a table at the",24.856228,-19.538486
0,0,1.9181338757334743e-06,iam,9169,"afraid , with a hoof shaped like the heel",20.236465,6.294923
0,0,5.953288109594723e-06,iam,8253,"said , "" the deafening peal of thunder , the sudden",26.295519,6.2801876
0,0,4.0234967855212744e-06,iam,9299,The conductor switched on the lights .,27.388952,-11.718912
0,0,1.3521346772904508e-05,iam,8535,things that are typically French .,30.977203,3.6332757
1,1,0.9993270635604858,emuru,9548,"to account for my manners , "" he retorted .",-18.660002,-14.676711
0,0,0.011733808554708958,iam,8962,abroad ; and no pedestrian to cross his path nor to wait,12.148231,-9.635414
1,1,0.9998130202293396,emuru,8699,When the King and his Council required additio-,-4.6523986,-24.588726
0,0,2.1454256057040766e-05,iam,8970,"Deadly stillness , deadly portent !",22.290627,11.204624
0,0,9.358447641716339e-06,iam,10225,"mouth , an act of devotion he didn't over-indulge .",-2.998573,17.487757
1,1,0.999891996383667,emuru,8807,were sold at 32 pieces for one shilling .,-28.455849,-3.6359754
1,1,0.9983173608779907,emuru,9739,bombs during the last war . Having deposited his,-6.720078,-27.303139
0,0,1.353071002085926e-05,iam,8001,thing at a time . A list or a plan enables us to,20.016582,-22.189613
1,1,0.999607264995575,emuru,8256,darkness .,-27.938122,-10.456863
1,1,0.9999687671661377,emuru,10149,to the man she had spent so much time,-10.805382,5.115756
0,0,0.0007184466812759638,iam,9573,"sake show a glimmer of reason , "" was his",13.651013,-8.375426
0,0,2.7929110729019158e-05,iam,9934,"Marshal , "" I added . His face was fixed ,",-3.0736785,16.200878
1,1,0.9999723434448242,emuru,9420,obvious that she did not fail to appreciate the,-7.9529004,-15.58741
0,0,4.90777165396139e-06,iam,7933,"homes . It is easy , desperately easy , to lead",40.018047,1.4938915
0,0,0.00018015077512245625,iam,10283,he put back his professional,27.14448,-20.957052
1,1,0.9999734163284302,emuru,8065,on the saying of R. Joshua b. Levi which,-24.985054,-1.7644893
1,1,0.9999712705612183,emuru,9108,to him as those a lawyer makes in a court,-30.502886,14.216438
1,1,0.9997710585594177,emuru,8525,The French have an inborn appreciation,-19.591354,18.169916
1,1,0.9998741149902344,emuru,9495,"own veranda , that he had taken the liberty of",-19.877457,-12.438447
1,1,0.9997974038124084,emuru,7944,write out all the necessary jobs waiting to,-6.5224643,-27.616096
1,1,0.9999861717224121,emuru,7608,with all his might and studies the,-21.196327,-2.906768
1,1,0.9942892789840698,emuru,9145,"whose presence I could almost smell ,",-11.603586,-2.865526
1,1,0.9998464584350586,emuru,8810,"mix 100 stone of bread in 12 hours , and Kate served in the",-31.590435,-0.59486276
1,1,0.999622106552124,emuru,8059,become so well known that it was,-18.228306,-20.717003
1,1,0.9902400970458984,emuru,8803,He was a socialist and believed in the right,-4.2774806,-29.399952
0,0,0.0004941722727380693,iam,10360,the deceit . The lies . ',20.442074,-3.6527395
1,1,0.9999396800994873,emuru,9363,' You see . You needed them no more . You are still,-18.890476,7.632441
0,0,2.3918331862660125e-05,iam,9831,"nothing to tell me , yet . But we 'll be meeting",9.802896,4.508152
0,0,2.1213474610703997e-05,iam,9583,have had it in for Guy .,16.97288,-15.536854
0,0,0.00033051648642867804,iam,10253,"enquired , combing his thick , tawny hair . "" To bring",-13.668999,24.353674
0,0,1.6424831983385957e-06,iam,7679,"that your heart be not deceived , and 1ye turn",21.447971,-0.22704129
1,1,0.9981004595756531,emuru,7821,the harvest of which may still be being,-15.131372,20.429556
0,0,7.728094715275802e-06,iam,9624,"and warm sympathy , as she explained",7.172736,-4.8732815
0,0,4.054176940826437e-07,iam,9809,trifle too comfortable and humdrum .,9.589001,-11.094037
1,1,0.9998989105224609,emuru,10286,"icy politeness , such withdrawn",-9.545377,-13.462577
1,1,0.9987988471984863,emuru,7930,a ' double ' life without ever deliberately,-30.859335,7.184785
1,1,0.9996084570884705,emuru,8027,actual practice of greeting by the divine,-14.023142,-26.976013
0,0,0.0003616171015892178,iam,7519,the Synoptics can be reasonably solved by paying due regard to the time and,16.951954,-17.363018
1,1,0.9997285008430481,emuru,9102,we came through to 4makrodeb status and,-26.13672,18.347233
1,1,0.9998072981834412,emuru,9371,well we can - think . This tribe of the True World,-23.879803,4.9412527
0,0,0.00012654418242163956,iam,7926,pipeline of the railway on which they,32.9445,-3.5115962
0,0,4.96322572871577e-05,iam,8497,"fire , aerian creams , ingenious pastries and a",35.86222,11.338605
0,0,4.6044976897974266e-07,iam,9780,nature - I assumed that you both knew who I,11.554241,21.311705
0,0,3.0253610020736232e-05,iam,8036,The question and answer with regard to the,7.9745126,20.609484
1,1,0.9999374151229858,emuru,8341,the progress of civilisation which allows a dish,-5.3473816,-25.54341
1,1,0.9999463558197021,emuru,7685,"yourself , under such conditions the goods are your gods .",-21.92122,-0.42791778
0,0,1.640997470531147e-05,iam,9904,"morrow as likely as not . "" I paused . "" Miss",7.062416,-0.39854014
0,0,9.87293096841313e-05,iam,9962,opened out into a wide shallow draw .,6.939648,13.5243
0,0,2.2780001017963514e-05,iam,7924,travel day by day .,35.452507,-9.229372
1,1,0.999951958656311,emuru,9763,""" Make it a large one , darling . I know the naval",-7.6112385,-30.290823
0,0,3.084108186612866e-07,iam,9109,But privately he turned out to be as friendly as,27.255589,-3.5454185
0,0,1.3877236142434413e-06,iam,8068,"Palestinian teacher , R. Eleazar ( 3rd Cent. ) :",-6.12092,16.076174
0,0,4.455260295799235e-06,iam,9908,""" Yes , "" he said . "" I know . "" "" No harm must come",7.760379,1.2766521
0,0,4.901383726974018e-05,iam,10158,""" That is a pretty dress , "" Lilyan commented , obviously sensing",21.640951,9.75995
0,0,8.961667481344193e-05,iam,8582,without going through the formality of having his turbot,18.570625,-15.249538
1,1,0.9999978542327881,emuru,10225,"mouth , an act of devotion he didn't over-indulge .",-22.018452,0.2875454
0,0,2.112414904331672e-06,iam,9648,rocks in an' out o' de water .,23.121382,-11.29687
0,0,4.516788067121524e-06,iam,9093,"country lawyer , and we were very small 4microdebs , weren't we ,",34.31766,-1.9053484
1,1,0.9997829794883728,emuru,8007,elsewhere .,-12.856893,6.4773917
1,1,0.9999780654907227,emuru,8951,""" They have come ! "" he said reverently , gripping his",-18.79068,5.524418
0,0,3.075778658967465e-05,iam,9872,a substantial breakfast . Although usually a very,15.917174,-1.5044752
0,0,6.459226278821006e-05,iam,8754,Trebling the rate was arrived at by a simple,18.204145,20.260588
1,1,0.999228835105896,emuru,8618,comparing the failure of a subsidized duke,-26.620554,-6.851631
0,0,6.512863910757005e-05,iam,9577,"idyllic surroundings . "" "" How dare you say",-38.0305,22.003506
1,1,0.9992832541465759,emuru,9642,We all know how Balicou Island dangerous,-4.249848,-9.730683
0,0,1.2277550922590308e-06,iam,8226,"Perhaps the news of their search got around ,",29.026724,25.77844
0,0,0.008422993123531342,iam,7699,"ne through the mill , we need not teach them",3.7178326,11.532097
0,0,2.1496214230865007e-06,iam,8107,In this 200-fathom trench the herring do not touch the bottom .,5.3234296,18.22646
1,1,0.9997407793998718,emuru,8975,almost painful sharpness . He reversed and,-13.687675,11.304849
0,0,4.799765520147048e-06,iam,9741,"empty , save for the lady known by all habitue",34.923386,-10.312282
0,0,1.3126078783898265e-06,iam,7838,"lives and that the nearer we get to Him ,",27.488058,-9.237951
1,1,0.9999927282333374,emuru,7734,how to live and accept all the bitterness,-32.407635,8.005422
1,1,0.9996427297592163,emuru,8301,no letters or papers found on her to assist identi,-17.659351,6.5658536
1,1,0.9998225569725037,emuru,8262,"The first was that of Mr Gold , in the famous",-17.523891,-0.6581919
0,0,3.439447027631104e-06,iam,7947,"be done and then work quietly through them ,",24.138855,-19.670063
0,0,3.2567454582022037e-06,iam,9771,"What are you waiting for , darling ? The officer is",9.0549,-5.4455256
1,1,0.9999574422836304,emuru,9013,a new and strange phenomenon .,-18.080456,-12.951098
0,0,0.004804631229490042,iam,8993,There can be little doubt that if the,6.6786714,-7.784376
1,1,0.9996899366378784,emuru,10126,"Gay , and don't even contemplate throwing",-16.821568,15.175117
0,0,0.00014918888336978853,iam,7974,started day one again and so on .,11.955344,-6.118968
0,0,2.12695603352131e-08,iam,9091,"wives , romanced about him in his absence . "" Lester was a",24.526398,1.3819078
1,1,0.999985933303833,emuru,7951,"if she made a list , followed a routine of work",-4.027868,-28.6181
0,0,8.872716534824576e-06,iam,9893,must continue as before . During this period the Captain,5.5244627,-26.539587
1,1,0.9995855689048767,emuru,7826,of twelve or thirteen under the,2.0189898,-14.898524
1,1,0.9998657703399658,emuru,9305,"Rev. Edwards , standing at the front ,",-8.251505,-18.846428
0,0,3.2765728974482045e-05,iam,8552,"saffron , Soles , onions , garlic , roach and dace .",23.342283,17.965204
0,0,0.000495737127494067,iam,8662,Social service as a function of government,18.107378,-22.223349
1,1,0.9999827146530151,emuru,10025,"taxi . "" Just a moment , darling , "" Gavin pressed her",-34.67486,-1.9287858
1,1,0.9998854398727417,emuru,9772,"yourself , "" she said with mock severity .",-7.2209854,-5.469361
0,0,7.157993877626723e-07,iam,8020,already in the hands of the Redactors .,2.5123658,23.625736
1,1,0.999792754650116,emuru,8528,"writers , music composers and other",-13.551439,13.640591
0,0,0.0001173325945273973,iam,8706,"at ' colloquies of merchants ' , and whose",31.053286,-10.518146
0,0,0.00016821063763927668,iam,9388,Flor - this other man creature is plainly useless -,-4.338846,25.114676
0,0,0.0002822199312504381,iam,10129,glad to be able to occupy herself .,13.295544,1.2832831
1,1,0.9999101161956787,emuru,8569,it # impaired the intellectual faculties . Bunyan's,-9.653441,-28.060354
1,1,0.9977319240570068,emuru,10027,"hand and smiled . "" I want to check up on the",-18.326082,10.751464
0,0,6.313544872682542e-06,iam,8777,"and of the artery-like vein , and expulsion of the",29.187626,-10.204001
1,1,0.9998475313186646,emuru,8574,in food . At one dinner he is said to have,-20.353287,14.763524
0,0,0.023995522409677505,iam,7463,""" My September Love , "" the big David Whitfield hit of 1956 .",-23.569881,8.12521
1,1,0.9997561573982239,emuru,8544,"could outdo ; Green herbs , red peppers ,",-31.531223,12.982439
0,0,0.0002099769626511261,iam,8216,"a dark moustache , and wearing a frockcoat",19.156103,16.602982
1,1,0.9999682903289795,emuru,9005,"some weakness , and find a way of fighting",-10.05871,-20.95097
1,1,0.9997267127037048,emuru,8407,his birthright to him for a mess of pottage - and,-22.831142,14.864945
1,1,0.99993896484375,emuru,7487,affairs . The Wesker interview will be seen at a later,-20.556803,1.3780352
1,1,0.9999467134475708,emuru,8344,ladies toying with these primitive morsels in the,-10.737149,-6.102282
0,0,7.5890147854806855e-06,iam,8633,of the French war was a navy in unquestioned,29.084976,24.3829
1,1,0.9999939203262329,emuru,7807,Or when he found cock-fighting going on in church ?,-13.325099,-24.164022
0,0,0.00024332376779057086,iam,8089,"helped and hindered by water flow ,",1.2953626,21.009407
1,1,0.9993851184844971,emuru,8905,' Coulsdon and Purley Patriotic Fund ' in whose counsels and committees,-23.192059,6.99687
1,1,0.9999570846557617,emuru,10082,decided to go back and join Lilyan and,-2.3127463,-7.570606
0,0,2.399832510491251e-06,iam,10080,"Gay stood irresolute for a moment , half",22.602911,3.662103
0,0,0.0024468936026096344,iam,10213,very evening ?,17.87264,21.891068
0,0,0.0014982089633122087,iam,8812,"evening , when George went to speak at Malin Bridge ,",3.0540493,7.625991
1,1,0.9999973773956299,emuru,9590,hardly have spoken with more contempt .,-12.306217,-20.703815
0,0,7.29705934645608e-05,iam,8324,dance ; nothing the German would,14.538688,9.76949
1,1,0.9998983144760132,emuru,7679,"that your heart be not deceived , and 1ye turn",-25.521137,11.946728
1,1,0.9999444484710693,emuru,7497,"scene , ranging from pubs , the Eton wall game ,",-29.37192,-7.5999594
1,1,0.9999842643737793,emuru,8428,"Anyhow , Homer does not seem to have known any",-32.076115,2.822777
0,0,0.0005541550344787538,iam,10097,ging a smile .,-3.8996537,8.853515
1,1,0.9993475079536438,emuru,9887,though in peace time these happenings are few and,-15.588536,12.024789
0,0,2.2713611258495803e-07,iam,10256,"what you 'd get , "" she flashed at him , and",23.97712,2.3260522
1,1,0.998210072517395,emuru,9345,things we will tell you . All who make the journey from,-32.547405,4.1670523
1,1,0.995867133140564,emuru,8691,"None of these classes , except the yeomen , paid or",5.782629,-20.801561
0,0,0.00016018401947803795,iam,10368,"just dusty-grey but muddy , slimy even .",18.20656,-17.53921
0,0,1.1562222425709479e-05,iam,8282,"doctor , the woman , young , small , and rather plump ,",5.00545,-2.0749173
0,0,0.00010344621114199981,iam,7800,"by Calvinists and Puritans , and the sentiment was",27.932644,-24.993254
1,1,0.9999620914459229,emuru,8886,"warming up by constant prayer and worship , and we",-22.0412,11.588472
0,0,0.00031846528872847557,iam,8111,shoals that gather at the Knoll or,27.427723,-19.660736
1,1,0.9507719874382019,emuru,7814,"that their fears are groundless , indeed to us they appear laughable ,",-15.77481,-11.284559
0,0,2.2363725292962044e-05,iam,9426,so much confidence in her . Once again,14.029736,-13.479737
0,0,0.0016445622313767672,iam,7616,Such a Shamir possesses the real acid,4.2888007,1.2607818
1,1,0.9994175434112549,emuru,10083,"Larry's advice flashed through her mind ,",-4.491201,-10.63068
0,0,5.348136369320855e-07,iam,8066,' The Holy Spirit manifested itself in three places :,-1.8428586,26.851082
1,1,0.9989746809005737,emuru,8539,baisse and sang - This Bouillabaisse,-36.618458,22.928091
0,0,9.277964272769168e-05,iam,9136,"had to get to pay off their college bills , were naturally",-11.01457,-2.4682646
1,1,0.9995632767677307,emuru,8709,excess of the rate for native merchants .,3.377719,-17.180231
1,1,0.9994783997535706,emuru,7822,"into themselves , so that they become",-14.901843,20.603003
1,1,0.9924848675727844,emuru,8530,the gusto which they derive from gastronomy is intellectual,-9.410364,9.834437
1,1,0.9991185069084167,emuru,8023,because the Mishnah deals with the,-11.130476,-19.684404
1,1,0.9963372945785522,emuru,8649,"war , there was a constant stirring of",-11.638182,-2.1726656
0,0,0.0002132648223778233,iam,7706,And the tsitsits had a message sealed inside the knots,19.439375,19.023603
1,1,0.99916672706604,emuru,7772,to the Catechism following ' were added . But Confirmation,-33.22035,22.084538
0,0,6.216504971234826e-06,iam,8234,have been very thankful that the science of,8.748172,8.492548
0,0,9.426540600543376e-06,iam,8527,There is the same finesse about their,31.236488,11.570314
0,0,1.921111106639728e-05,iam,9569,""" As your employee it 's not my business",5.4201035,5.626471
0,0,1.379264267598046e-05,iam,8354,"persisted down the ages , the motive that preserved",15.376233,-4.8979034
1,1,0.9999496936798096,emuru,8882,for prayer and quiet . In time we received similar,-20.447443,9.464334
0,0,1.0529219451882454e-07,iam,8725,scale of payments was fixed for the,28.56831,2.9722126
0,0,1.919784608617192e-06,iam,9479,"thought he could recognise the route of N12 ,",8.8734455,-2.0910575
1,1,0.9995331764221191,emuru,8777,"and of the artery-like vein , and expulsion of the",-22.49964,21.189835
1,1,0.9997596144676208,emuru,9116,which had grown up during the Moon's,-15.209631,10.0522375
1,1,0.9995044469833374,emuru,9233,away at a rate of knots .,-6.6856117,2.8275957
0,0,4.5186185161583126e-05,iam,7940,necessary weariness . ( a ) Order makes for a decrease in tiredness .,9.453122,27.35393
0,0,0.00011828498827526346,iam,7976,Monday was day six and Tuesday,10.999976,-7.016724
1,1,0.9943887591362,emuru,7673,seeking self .,-23.58794,23.03618
1,1,0.9998301267623901,emuru,9845,we give him the publicity . ' The Honourable,-10.21619,-19.74198
1,1,0.9996885061264038,emuru,9721,few moments later the yawl was upside,-13.524977,-18.262257
1,1,0.9914183616638184,emuru,9449,turned the scale slowly to cover the,-8.7474785,25.384789
0,0,2.01200382434763e-05,iam,10230,""" What about it , my sweet ? "" "" Well , "" she laughed",-1.3640522,28.844278
1,1,0.9999043941497803,emuru,8890,such a beautiful building with suitable fittings ; I made,-27.439365,3.9068804
1,1,0.9991724491119385,emuru,8555,in France as is tea drinking among ourselves and it is,-22.436264,2.6165073
1,1,0.9998506307601929,emuru,9203,Dinas Motor Omnibus Co. to ask what had happened to their,-39.142033,18.169167
0,0,0.00014939586981199682,iam,10305,felt that part of her was leaving,26.185085,-16.884377
0,0,8.169349166564643e-05,iam,7795,"the Jesuit , Fisher . But anyone who was friendly",21.199772,-10.283596
1,1,0.9998418092727661,emuru,8192,"small , a matter of a foot or two . With round",-21.909569,10.295771
1,1,0.9979799389839172,emuru,9990,outbuilding where the grave digger kept his spades,-4.665882,-16.677526
1,1,0.9982979893684387,emuru,7530,how this enlargement was effected nor has he,2.1186912,12.846298
1,1,0.9971924424171448,emuru,8296,forthcoming about any carriage with an open,-12.6828575,-0.54584783
0,0,5.0724560423986986e-05,iam,9201,""" Good-bye , Dai , "" said Morfydd , smiling from the bottom step .",24.349545,-26.923943
1,1,0.9999896287918091,emuru,8908,task involved a very great deal of detailed work for,-25.001398,8.979493
1,1,0.9999942779541016,emuru,7696,"they may be as frontlets between your eyes . "" First to",-16.93528,-8.324794
1,1,0.9999488592147827,emuru,9014,foot to Dan's house . Dan came,-5.62008,-7.5118265
0,0,7.255869149958016e-06,iam,8557,"food , believing that it impaired the",25.772264,20.402344
0,0,0.00023004654212854803,iam,9474,along which he had motored so desperately little,-21.696144,-14.314366
0,0,0.00021092829410918057,iam,9425,she checked back her instructions . It was,-2.5849528,16.753092
1,1,0.9975900650024414,emuru,8093,the Fladen Ground ( where again most big,-37.70361,17.632301
1,1,0.9987149238586426,emuru,9510,north of the island .,-37.394676,20.344275
1,1,0.999931812286377,emuru,9573,"sake show a glimmer of reason , "" was his",-23.271877,-19.682905
1,1,0.9849547147750854,emuru,8482,of it in almost any provision shop .,-31.99631,24.225143
0,0,3.637244162746356e-06,iam,10205,"I 've got to see 'em . If I am free , though ,",0.44014162,9.061599
1,1,0.9997883439064026,emuru,9068,"know , I had to send back our bedroom",-26.882479,9.961734
1,1,0.9993972778320312,emuru,7789,became the foster mother of some of the most,-2.9062297,1.3892876
1,1,0.9995054006576538,emuru,7719,the salt-water at the Seder-Table represents the Covenant of the Torah,-24.471323,-7.7855687
1,1,0.9997661709785461,emuru,7631,"Lord , as the waters cover the sea . "" ( Hab. 2 , 14 . )",-20.82533,12.293742
1,1,0.9999977350234985,emuru,9482,of the journey back to the place where every,-29.845127,3.2603016
0,0,1.673273254709784e-05,iam,7596,A natural transition from gardens and,-2.6681936,5.3412175
1,1,0.9993575215339661,emuru,7870,The mind tires first and conveys the impression,-3.4006927,-27.524483
0,0,0.000194603533600457,iam,8840,"with them , particularly those who , like the Rev.",28.231163,-20.586395
1,1,0.9978693723678589,emuru,9764,inside a submarine casing to defuse a Jerry,-3.6366627,-3.883896
1,1,0.9989870190620422,emuru,8785,of blood from the wound . Arterial diastole is,-31.19973,6.265641
0,0,0.0002771250728983432,iam,10134,to get out her compact and saw Grace's,8.906807,25.992855
1,1,0.9987497329711914,emuru,7910,sleep in blissful ignorance of what might,-0.721113,-23.729843
0,0,0.003066916950047016,iam,9991,of the church where there was a small open,6.5746427,-7.4387517
1,1,0.9998018145561218,emuru,7936,need to be handled correctly .,-20.194849,15.155473
0,0,0.0005025407299399376,iam,9078,sphere of the sun . A matter which on Earth would hardly,13.478474,-15.30511
0,0,7.676352993257751e-07,iam,8031,by the Gemara in support of R. Joshua b.,40.112656,1.1150831
1,1,0.9998350143432617,emuru,10228,""" 5Ye-es ? "" he lowered his eyes and kissed her on the",-16.321535,17.772923
0,0,5.798987331218086e-05,iam,9984,Mr. Copthorne knew a way round by the side,11.603573,-4.190465
1,1,0.9999061822891235,emuru,7469,round a doll's house .,-20.238873,-21.055305
0,0,0.00016394047997891903,iam,8795,"said so . Being a craftsman and a skilled man ,",20.575357,-20.858204
0,0,8.543745207134634e-05,iam,9043,"walked , or drove , or waited as a person possessed of",16.909134,9.1993685
1,1,0.9997870326042175,emuru,10240,to have an open quarrel,-23.608799,-10.896263
1,1,0.9994932413101196,emuru,9276,"earth , and it seemed to her that she",-9.019364,-18.465328
1,1,0.9998389482498169,emuru,9109,But privately he turned out to be as friendly as,-39.631092,-2.2754886
1,1,0.9999537467956543,emuru,9915,and have a look at the mining camp .,-18.914457,20.148703
1,1,0.9997001886367798,emuru,7727,"meek : "" But the meek shall inherit the earth ; and shall",-32.394756,0.7878431
0,0,5.960436465102248e-05,iam,9346,tigerfly is not a tigerfly until it changes . So humans,0.060149226,13.243701
1,1,0.9997617602348328,emuru,8961,loses its beat in death .,-11.652486,-25.885408
1,1,0.9988285899162292,emuru,9189,"mood . Even the Indian servants relaxed , knowing ,",-27.05541,23.048334
1,1,0.9995105266571045,emuru,8635,"Brittany was compelled to attack via Calais ,",-27.43447,-3.3744845
1,1,0.9992341995239258,emuru,8245,Some thought that the result would be all,-8.82506,4.35087
0,0,5.405047431850107e-06,iam,9128,step . He looked as if nothing Moke and his,19.150667,-15.5668125
0,0,1.853984394983854e-05,iam,8755,"arithmetic which argued that , as the first",29.56838,-7.11946
1,1,0.9999779462814331,emuru,10204,""" Bless you ! I hope Luke is suitably grateful , darling . "" "" Oh , well , """,-7.833006,5.470676
1,1,0.8029912114143372,emuru,8849,"Council meeting on October 16 , 1912 , George",-10.171844,12.872211
1,1,0.9997549653053284,emuru,8220,"defective , and , despite his claim to infamy ,",-32.70482,5.615762
0,0,9.762618719832972e-05,iam,9839,"Service matters . """,30.060173,20.951496
0,0,4.95879339723615e-06,iam,9719,With four doing the job and the waves,2.5405135,20.58329
0,0,9.569875692250207e-05,iam,9689,"everything , when he wants to . """,24.021652,-12.753625
0,0,1.1623703358054627e-05,iam,10347,origin of her recent illness . His notes,28.919312,-21.850359
0,0,4.179364168521715e-06,iam,7993,the washing on a Monday .,10.869389,-6.2234254
1,1,0.9977784752845764,emuru,9381,command the knives of others . ' ' No hurt will,-35.54589,4.6281333
0,0,4.876210937254655e-07,iam,10023,and her luggage had disappeared and they were alone,40.133434,1.7868829
0,0,6.077946636651177e-06,iam,8739,by a Parliament which met at Northampton .,26.143581,-7.7260346
1,1,0.9999146461486816,emuru,8858,"Alf Barton , who in 1911 was presented",-20.317717,8.6294155
0,0,7.396029104711488e-06,iam,8900,"became very urgent , and I was asked to be Chairman",4.845139,12.356032
0,0,2.8618264877877664e-06,iam,9015,nor sound of flying saucers . So they,25.82421,1.359732
1,1,0.9999964237213135,emuru,8423,"length subside , He throws a bed of glowing",-30.476017,8.22884
0,0,2.2402555259759538e-05,iam,8784,"the ventricles , there is often forcible expulsion",23.73252,10.0405035
1,1,0.999548614025116,emuru,8037,answer or that our sugya is quoting from,-5.3401256,-12.858477
1,1,0.9999817609786987,emuru,9007,ting how the Thetan machinations had been,-12.700474,-13.957629
0,0,1.2048904864059296e-05,iam,9766,"came to the rescue . "" You haven't introduced",16.620165,-12.844719
0,0,0.0002562293957453221,iam,8116,and fishing gear leads to an overall,27.861868,-20.399878
0,0,3.6266562801756663e-06,iam,8954,upward and shook his head slowly from,16.479078,15.032732
1,1,0.9939203262329102,emuru,9961,over a fairly wide area working singly or,-36.12731,23.63249
1,1,0.999427318572998,emuru,7553,it is now used to mark a paragraph ending . Frequently,-34.52898,6.6372557
0,0,0.0001247893087565899,iam,7724,Tradition .,16.824831,13.185723
0,0,5.402540773502551e-05,iam,9047,"as arranged , but he consoled himself by",17.692482,-8.329629
0,0,6.599698281206656e-06,iam,8039,quoting a well-known question and,30.512373,-2.1705084
0,0,2.8411695893737487e-05,iam,9134,"Stepping out in their white shorts , they looked glad enough",12.241863,-0.81927913
1,1,0.9994547963142395,emuru,9103,Sentence Database,-26.772146,13.209047
0,0,5.537109973374754e-05,iam,8065,on the saying of R. Joshua b. Levi which,12.253351,-1.981567
1,1,0.9999980926513672,emuru,9002,on her part ; but he thought it a good idea,-19.162596,-7.569474
1,1,0.9993940591812134,emuru,10305,felt that part of her was leaving,-5.408436,-14.914309
0,0,7.70361384638818e-06,iam,8446,they broke fresh ground and called another sense,24.51111,17.306234
0,0,6.351734214149474e-07,iam,9910,men who 'll be after that coach I 'm interested,4.1376877,19.481735
1,1,0.9995400905609131,emuru,8913,life .,-28.04629,1.7632208
1,1,0.9999245405197144,emuru,8682,The people - Langland's ' folk ' and Gaunt's,-31.618578,-7.507092
0,0,1.0420347280160058e-05,iam,9745,"famous Portsmouth hostelry , second only in historic",32.58009,-11.997488
1,1,0.9999960660934448,emuru,9413,"his own life , but Geoffrey's as well , to a strange girl",-15.94821,-6.09528
1,1,0.999431312084198,emuru,9293,"few lone stars , and the distant earth",-1.2126964,-11.765667
0,0,1.075826003216207e-05,iam,8903,co-operation especially with the other Christian communities .,3.17972,28.503773
0,0,1.1766027085968744e-07,iam,8901,"I found myself deeply involved . At first , the main work was to help",19.00151,3.558938
0,0,0.003209491493180394,iam,8973,flying saucer was tilting and dipping over,4.624989,25.583445
0,0,0.0016508232802152634,iam,8596,but all the Chelsea philosopher did in return was to,5.680936,-21.835482
1,1,0.9999654293060303,emuru,7695,"shall teach them to your children . "" And as we have go-",-24.010174,-23.770197
0,0,6.240975926630199e-05,iam,9121,which might in time become social fact,8.270728,16.602749
1,1,0.9999361038208008,emuru,8815,they would be there to begin the meeting .,-25.186745,15.625481
1,1,0.9999996423721313,emuru,8571,"had a great contempt for animal food , believing that",-17.396,-5.9466786
1,1,0.9999094009399414,emuru,7543,which is most likely to have been the original,-26.011147,-10.433699
1,1,0.9999911785125732,emuru,10013,""" You 're very early about , sir , "" he said , trying to",-16.62571,-6.3663616
1,1,0.9999313354492188,emuru,10131,"letter . She drew it out and opened it ,",-29.34993,16.239185
1,1,0.9914762377738953,emuru,9591,"dares to stand up to him . """,-2.3941615,-12.166357
1,1,0.9999419450759888,emuru,9100,"at the same time a door banged - "" but don't",-19.39542,15.949959
1,1,0.9999221563339233,emuru,9271,looked down at the fast-disappearing,-15.245624,-15.883482
1,1,0.9999380111694336,emuru,8550,"The "" pot-au-feu "" is as much a national institution",-28.543955,-8.197623
1,1,0.9986473917961121,emuru,10341,"her word . There was enough evidence ,",-5.6286993,-6.01779
1,1,0.9999971389770508,emuru,9039,"First , it was Sunday morning ; and , second , everyone",-4.001711,-7.412521
1,1,0.9979351758956909,emuru,9738,months ashore while Pericles was refitting in the,-2.1792634,-17.402905
0,0,2.2362190065905452e-05,iam,7539,THE Fourth Gospel was almost certainly,25.712381,16.147223
1,1,0.9993859529495239,emuru,7544,text with absolute precision .,-16.095568,8.104297
1,1,0.9999861717224121,emuru,9942,could see far over west and north for many,-19.807955,-12.031426
1,1,0.9999691247940063,emuru,8633,of the French war was a navy in unquestioned,-19.395756,-5.1295257
1,1,0.9998492002487183,emuru,10076,"Doc , while she wanted to do no more than",2.592066,-11.310195
1,1,0.9994630217552185,emuru,8720,borders between private and public purse were,-7.1767907,3.0201807
1,1,0.9995463490486145,emuru,8754,Trebling the rate was arrived at by a simple,-15.90781,-20.70638
1,1,0.9999876022338867,emuru,8405,"make water hot by dropping a red-hot poker into it ,",-30.56576,2.2157145
1,1,0.9997816681861877,emuru,7726,11 ) . That gives us freedom from want .,-23.686298,13.568269
0,0,3.495228156680241e-05,iam,8536,"The "" pot-au-feu "" is as much a national",32.345135,12.230205
1,1,0.999976634979248,emuru,8326,Italian would not sing ; no music,-37.64784,8.497305
0,0,1.813909761949617e-06,iam,8245,Some thought that the result would be all,25.79804,8.776409
0,0,0.007701110560446978,iam,8623,the longbows of yeomen could pierce the,18.592691,23.930437
0,0,0.00018477874982636422,iam,7870,The mind tires first and conveys the impression,21.69046,-21.478392
1,1,0.9979483485221863,emuru,9075,"Sally made a mistake about me , "" he said one",-34.673325,-11.297907
0,0,7.007315434748307e-05,iam,9251,"Immersed in the Dinas Advertiser , was the",14.491519,-12.22376
1,1,0.9717293381690979,emuru,9514,express their disgust at Sir John's abominable treatment,-32.843506,23.73552
0,0,1.4967928109399509e-05,iam,8335,"many centuries ago , in some cave or hilly",25.270756,-22.67426
1,1,0.9998843669891357,emuru,8895,to put beautiful things into a beautiful church,-24.503862,13.732591
1,1,0.9999830722808838,emuru,8911,"Indeed , for the next seventeen years , during my time at",-27.645674,-5.036177
0,0,0.00010340045264456421,iam,10081,"loved her , was already flirting with a girl",8.85629,13.585637
0,0,1.0794093213917222e-05,iam,8182,was actually just off the bottom and was,20.886354,-18.951828
0,0,4.942067789670546e-06,iam,10322,what they were saying . Sandra,16.875122,-7.6203237
1,1,0.9995539784431458,emuru,9717,You look . Little one more as fifteen,-17.294914,15.733558
1,1,0.9998987913131714,emuru,9890,must present an unruffled appearance and carry on as,-13.258922,13.161334
1,1,0.9999964237213135,emuru,10270,"if one walked slowly , between road and",-6.331434,-10.517674
1,1,0.9977171421051025,emuru,8876,had been a House of Prayer . I could not but feel the,-33.80966,21.865791
0,0,2.1011110220570117e-05,iam,8764,"the heart becomes generally constricted , its walls thicken ,",-12.101868,-1.5122381
1,1,0.9999738931655884,emuru,8085,the herring must continue to migrate over,-5.5824075,-22.07113
0,0,3.048850157938432e-05,iam,9182,Mr Septimus reserved and certainly very,-3.095621,24.04594
1,1,0.9948378205299377,emuru,8176,"sea-bed , though the footrope in this case",15.918806,-18.89129
0,0,9.297780252381926e-07,iam,8191,but more films are needed to prove this .,30.043863,14.051232
0,0,1.15717748485622e-05,iam,9070,"was a Static Mib , the middle-income-bracket equivalent",18.863468,9.13874
1,1,0.9997561573982239,emuru,7541,scholars who have compared the many manu-,-13.7481985,14.40777
1,1,0.9998413324356079,emuru,9698,""" Willie , "" the judge said huskily ,",-12.253723,-21.342934
1,1,0.9997208714485168,emuru,8435,from lifted urns .,-16.436117,3.184331
0,0,8.791166692390107e-07,iam,8285,into the path of some train ? This hardly seemed,22.20101,28.194263
0,0,6.012026574353513e-07,iam,7755,brought out from under the burdens of Egypt ?,-5.5369754,19.837439
1,1,0.9999257326126099,emuru,9028,Heather and Steve tried to make themselves,-27.761152,9.260445
0,0,7.042054221528815e-06,iam,9294,The beleaguered passengers peered out of,27.49563,-14.901008
1,1,0.9997236132621765,emuru,8792,"three auricular beats , produce a single",-29.040356,-9.457942
0,0,0.0011197068961337209,iam,7631,"Lord , as the waters cover the sea . "" ( Hab. 2 , 14 . )",-11.027418,-1.5666945
0,0,2.7008163669961505e-05,iam,9505,""" I caught him just as he was going to the",19.594803,12.114501
0,0,1.3792050594929606e-05,iam,9319,"pool and ration our supplies of food , if any . """,38.643898,-0.5316317
1,1,0.9993802309036255,emuru,9347,"stubbornly , throwing himself down . But Lily-yo and",-33.190742,6.44162
0,0,1.0725054835347692e-06,iam,8101,gravelly soil of these many roughs where the spring-,10.353331,-4.1222672
0,0,0.00082908890908584,iam,7587,"over the binding , or the whole codex rebound .",7.774294,-9.046883
1,1,0.9917423725128174,emuru,7599,supply . The pools are probably natural springs,-6.800887,0.8061481
1,1,0.9984647035598755,emuru,10000,baptism according to the sect his parents belonged to .,-10.754649,-23.511236
0,0,3.945134267269168e-06,iam,7553,it is now used to mark a paragraph ending . Frequently,19.956524,21.967302
0,0,1.0738363926066086e-05,iam,7955,I am more than conscious of this . How anybody,21.574072,-16.337694
1,1,0.9999748468399048,emuru,9824,"companion . "" You want me to talk , is that it ? """,-17.941566,2.4255896
0,0,1.4994672710599843e-05,iam,9051,"back on Moon again , and able to do",12.368876,-5.8735323
0,0,2.450541614962276e-06,iam,7822,"into themselves , so that they become",32.43525,24.367123
1,1,0.9999716281890869,emuru,9743,baggage and unpacked his overnight-bag he,-22.789125,-22.537235
0,0,1.4630420992034487e-05,iam,7864,"To others , the long hours of the night bring",22.91522,16.365202
0,0,0.016866739839315414,iam,9369,"itself and declared , ' To be a good shape is not all",-14.112642,29.953032
0,0,0.00011413588072173297,iam,8384,"Epicures and gourmands , sated by the unending",35.094086,13.302941
0,0,0.00046748670865781605,iam,7986,"It was a little complicated to work ,",35.693516,-17.14389
1,1,0.9963403940200806,emuru,10278,masterfully . ' You wanted it so,-2.8549466,-19.869345
1,1,0.9997873902320862,emuru,10316,Love . She revolted against,-20.403078,-9.50671
1,1,0.9998517036437988,emuru,10325,talking to Nicholas and wondering,-4.1348896,-19.751068
0,0,5.33760066900868e-06,iam,7764,"but those hopes were dashed . True , a new Prayer",30.452513,-8.691024
1,1,0.9812871813774109,emuru,8115,though somewhat dim picture .,-4.060864,-19.367958
1,1,0.9991756081581116,emuru,8512,"essentially French , and , irrespective of",-19.245638,19.347355
1,1,0.9995120763778687,emuru,9147,"' Something 's up , ' said Lord Undertone ,",-29.135315,-13.130595
1,1,0.9998917579650879,emuru,10259,then regarded the ring which he retrieved,-5.354798,-25.13995
1,1,0.9998749494552612,emuru,9716,"huh ? """,-24.171734,18.337257
1,1,0.9999299049377441,emuru,9795,know how you newspaper people value that commodity ! -,-25.145603,-12.870676
0,0,0.0008401880622841418,iam,8918,throughout . He had no sooner heard from Count Gamba,10.955676,-18.272621
0,0,3.676449341583066e-05,iam,7568,"was generally a single-sided form of book , and it was not",23.291054,13.189617
0,0,2.622201009216951e-06,iam,9327,"Stared back did Price the Provisions , unwinking .",21.403069,-4.584466
1,1,0.9993832111358643,emuru,8941,his toes . He stretched his arms,-33.322495,-0.33149382
0,0,0.0001659059926168993,iam,10210,"hours . If they get in before eight-thirty , even",-8.238791,18.817993
0,0,0.0002002850524149835,iam,8123,fish at a certain spawning ground may,28.743835,-15.941752
1,1,0.999763548374176,emuru,8998,"I haven't a clue ; but , who knows ,",-38.35112,-2.357331
1,1,0.9999297857284546,emuru,8496,than is customarily imagined as well as entering human,-25.456038,-19.802946
0,0,5.44303816241154e-07,iam,9220,"some dreadful ravine , or beset by",32.15281,-1.6030182
0,0,0.0012154949363321066,iam,7569,"overwhelmed Herculaneum and Pompeii in A.D. 79 , his",19.976912,-10.901411
1,1,0.9966936111450195,emuru,8187,would seem to be even more essential ;,-18.01568,12.225689
1,1,0.9988133907318115,emuru,9895,if nothing unusual has happened . Harry Turton had,-14.098904,8.369987
1,1,0.9997994303703308,emuru,9006,not have been entirely an objective suggestion,-10.41848,-8.923645
1,1,0.9980090260505676,emuru,10002,"canery and corruption , the growth of the dea-",-32.432354,22.485634
1,1,0.9996628761291504,emuru,10260,which had followed her slim young figure,-5.3020687,-0.9539835
1,1,0.9977407455444336,emuru,8789,one can sometimes see it - so to speak,-30.175373,-11.58283
0,0,2.906985355366487e-05,iam,10259,then regarded the ring which he retrieved,31.986053,-25.233765
1,1,0.9999977350234985,emuru,8239,were many people who believed that to travel,-25.431076,-3.7876322
0,0,5.295496157486923e-05,iam,9547,"to make the presentation , I run the damned",17.63448,-19.379738
0,0,3.3719413750077365e-06,iam,10084,Gavin although he had told her that he,26.507303,7.43183
0,0,4.604099103744375e-06,iam,8236,solution emerged . There has always been something,10.131374,11.491645
0,0,0.0017322354251518846,iam,8593,placing his food in his mouth and gulping it down as,30.706934,-18.172625
0,0,0.00019883495406247675,iam,8135,and Suffolk beaches .,32.925453,-1.0752654
0,0,1.3352878340811003e-06,iam,9324,a great basket .,23.416187,8.27862
0,0,9.401746865478344e-07,iam,9275,"fortitude , it now filled her with",29.23568,-5.3008432
0,0,3.771261253859848e-05,iam,7750,burdens of Egypt : How was it that Israel was,3.3592029,12.613885
0,0,7.375539098575246e-06,iam,8177,indeed passing over some fish .,22.976698,-16.986406
0,0,6.244538781174924e-06,iam,8882,for prayer and quiet . In time we received similar,20.120453,-1.9470692
0,0,1.2715512411887175e-06,iam,9066,Board .,31.232826,10.091153
0,0,1.2403227174218046e-06,iam,9187,"for such protection as our presence , or Mrs",26.336868,10.804073
0,0,1.646430519031128e-06,iam,7732,( This is the PARDUS . ) Matzo represents,35.159122,13.302114
1,1,0.999679446220398,emuru,9907,"in , Johnny . "" "" I know . But if lead starts",-30.11686,22.048655
0,0,3.9037303167788195e-07,iam,7486,first big T V part . The play was a brilliantly-written,22.976494,-3.7204018
0,0,1.9795197658822872e-05,iam,9943,"a vast stretch of hills , canyons , buttes and",9.732697,-11.318479
0,0,0.0003921722527593374,iam,8482,of it in almost any provision shop .,26.456472,13.854933
0,0,4.948490095557645e-05,iam,9615,I doubt it . He 's about as easy to push around,16.704037,-17.453714
0,0,8.714440724588712e-08,iam,10152,her .,31.788164,8.143593
0,0,5.953073127784592e-07,iam,9784,one in return and he was lonely .,18.493921,-8.864969
1,1,0.9997158646583557,emuru,8529,"her writers , music composers and other exponents of",-16.674389,10.405067
0,0,9.95706159301335e-07,iam,9332,"Mutinous dog , thought the Rev. Edwards , who hadn't",12.350255,11.143718
1,1,0.9998053908348083,emuru,9692,"reached the pier , the judge on legs",-34.709126,20.217962
0,0,1.8920853108284064e-05,iam,8347,gleam and glitter of our latter-day restaurants .,19.595594,-13.167926
1,1,0.9999845027923584,emuru,10055,"Lilyan remonstrated . "" They want to be",1.3918085,-16.207851
0,0,7.680076123506296e-06,iam,9277,""" But Eth and me wanted to be",24.608534,-4.509655
1,1,0.9999470710754395,emuru,9611,"able destination . "" "" There 's a difference",-38.0047,-3.633491
0,0,0.0005905454745516181,iam,9032,turned the tuning knob through all the,0.0040961136,12.777123
0,0,2.936156488431152e-05,iam,8259,"momentary shudder , or idea of destruction , a thrill",28.876713,4.302583
1,1,0.9999011754989624,emuru,8547,prepared at least once a week in every bourgeois,-23.16355,14.892075
0,0,1.3732079651163076e-06,iam,8331,say ; nothing an Italian would not sing ; no,34.567436,-9.098474
1,1,0.9999555349349976,emuru,10011,"his head , so the verger described afterwards .",-23.160267,-19.693369
1,1,0.8917474150657654,emuru,9202,"She was already up the bus steps , and the bus was away . And Morfydd Owen",-38.853077,2.902458
1,1,0.9995760321617126,emuru,7563,reference .,-11.767276,-19.061056
1,1,0.9998500347137451,emuru,9813,"ssing . You 're in submarines , aren't you ? """,-31.020697,-19.108526
1,1,0.9843806028366089,emuru,7816,"situation is frightening , and then to face",18.752632,-0.5660012
1,1,0.9989997744560242,emuru,10358,' You can't forgive him for this -,-2.4901667,-12.285968
0,0,1.162082207883941e-05,iam,8494,one of its most classic features to the Turkish rule under,27.076292,13.822977
0,0,0.0011824872344732285,iam,9729,"said ; "" but I 'd better stop thinking that now .",-1.4578049,14.729927
0,0,1.8528729924582876e-05,iam,9453,particular area within its range . Geoffrey,20.09436,9.834365
0,0,1.1706391887855716e-05,iam,8591,"with Dickens says the menu was Whitstable oysters , a brown",16.09224,-5.3306704
1,1,0.9999744892120361,emuru,8119,So the arrival of any particular shoal,-12.205489,-19.716034
1,1,0.9991042017936707,emuru,10080,"Gay stood irresolute for a moment , half",-26.987082,-12.943595
0,0,9.599077202437911e-06,iam,9677,"quick shift of tiller , and at the same time",8.7121315,17.221167
1,1,0.9994407296180725,emuru,9507,said the first thing that came into her head .,-22.534407,-11.147817
0,0,1.4837130493106088e-06,iam,9942,could see far over west and north for many,-3.155169,9.8525915
1,1,0.9994282126426697,emuru,10141,"it ran . "" Your cards are lovely . I rang up Miss Harland",-30.992287,-14.467324
1,1,0.9970295429229736,emuru,9893,must continue as before . During this period the Captain,5.2354136,-26.44499
1,1,0.9994499087333679,emuru,8193,"find safety on the bottom , this cover",-31.189354,1.8625014
1,1,0.9999988079071045,emuru,9733,sick . Just because he 's an Honourable he can do,-23.458157,-4.0604687
0,0,1.9364091485840618e-07,iam,10345,then Philip was so certain that Nicholas,27.735703,-2.3990917
0,0,8.844331205182243e-06,iam,8817,they were able to obtain some respectable,32.094383,-22.596247
1,1,0.9998830556869507,emuru,10215,"NUF 121 . "" "" He probably loaned his car",-5.8329887,-21.95181
1,1,0.9003116488456726,emuru,9460,was resting could really mean hundreds of knots .,-32.277534,22.576412
0,0,4.388218076201156e-05,iam,10188,seen in Farlingham on an occasion he had sworn he had,10.953896,23.962612
0,0,0.00013357886928133667,iam,8750,"John de Kyrkby , a Londoner , was one of",34.302444,16.710281
0,0,0.0017540197586640716,iam,8983,caped Thetan subjugation . This time . But we no,5.007971,8.747121
1,1,0.9999971389770508,emuru,8437,Above the coals the smoking fragment,-20.399157,10.838833
0,0,0.0006008128984831274,iam,8476,"alive , dipped in treacle and swallowed",22.001665,18.454313
0,0,0.00020396886975504458,iam,7963,A lot of it is inevitable so that industry and,26.132338,-18.941114
1,1,0.9986186027526855,emuru,8967,"... this is BBC calling ... """,-18.338959,18.556543
0,0,0.0003795149677898735,iam,7717,cure our mental incapacity we should be willing,14.388976,4.1197515
0,0,8.935725782066584e-05,iam,8891,"the architect , himself a fine artist . It is quite possible",20.98373,23.356863
1,1,0.999996542930603,emuru,8378,"those days , as ever , ate sparingly , but",-29.03896,20.981188
0,0,6.604559075640282e-06,iam,9725,"and then we 'll all get hold and heave . "" A",31.262983,-22.251778
0,0,2.2004890070093097e-06,iam,8332,would not do ; nothing an American would not,16.029799,-5.20053
0,0,0.0016984619433060288,iam,7461,Become a success with a disc and hey presto ! You 're a star ... . Rolly sings with,18.838434,27.00634
0,0,2.762652911769692e-06,iam,7531,The one real weakness of the Commentator's,24.93897,16.26465
0,0,1.2291856137380819e-06,iam,9101,"got all these lovely things "" - she waved a",15.196417,16.51414
0,0,0.025710996240377426,iam,7669,selfish and think only of one's personal advantage to,3.7134724,5.1849236
1,1,0.999933123588562,emuru,10071,corner talking animatedly to Simone .,-4.8418856,-7.418472
1,1,0.9980217218399048,emuru,9995,His curious headgear fell off . Strange things,-36.22659,19.183989
1,1,0.999953031539917,emuru,9998,"on , his leaping mind flashed pictures of chi-",1.9266319,-14.244429
0,0,3.591093673094292e-06,iam,9184,we were all invaded by a most tranquil,19.048203,16.862858
1,1,0.9999469518661499,emuru,9679,"corner of the pier by inches , and",-22.692886,12.3836155
1,1,0.9999985694885254,emuru,7781,a Bible translation - the Authorized Version,-4.179909,1.1897324
0,0,6.337342711049132e-06,iam,9977,was never long on patience .,22.905832,0.13115947
1,1,0.9997987151145935,emuru,8152,"Herring fishermen call this "" the outset "" . It",-26.570442,2.751885
0,0,7.1082445174397435e-06,iam,9956,"four or five mile valley , sandy-floored . It",9.857894,-13.591293
0,0,2.4268940705951536e-06,iam,10241,"joking , Nigel . "" "" You shouldn't joke",21.490616,2.034763
0,0,6.394902811734937e-06,iam,10355,"can you ? ' ' Forgive is an unctuous ,",23.843962,-14.612568
0,0,9.145047079073265e-05,iam,9243,depth in this particular instance . Fingered,20.509182,-17.756514
1,1,0.9998242259025574,emuru,9408,"Motion there was , but motion without event - except",-36.697502,0.93598676
1,1,0.999883770942688,emuru,9560,"and his pals down . """,-19.120462,-1.4386814
0,0,2.5997538614319637e-05,iam,8910,and a series of excellent Honorary Secretaries . Our,14.715119,14.495872
1,1,0.9995610117912292,emuru,8800,"George won many prizes , and though some people",-7.3090067,-24.8257
0,0,6.504656994366087e-06,iam,7563,reference .,27.02224,7.198224
1,1,0.9999924898147583,emuru,9079,penetrate beyond the minds of astronomers was of general,-26.423183,-18.497581
0,0,0.000885839865077287,iam,8090,great fisheries that depend on them :,28.32233,-18.769365
1,1,0.9989957213401794,emuru,10090,"Simone on to the floor . "" It doesn't mean",3.3438423,-15.028339
0,0,3.6693320453196066e-06,iam,9785,He held out his hand and John could not do,-1.4332162,16.863901
0,0,4.06862745876424e-05,iam,8629,"battle was no substitute for a sound policy ,",22.724669,24.174717
1,1,0.9995328187942505,emuru,8216,"a dark moustache , and wearing a frockcoat",-28.920658,5.034043
1,1,0.9527118802070618,emuru,9525,For the time being Beryl was content to let,-0.42111853,-14.927164
1,1,0.9999943971633911,emuru,8335,"many centuries ago , in some cave or hilly",-20.596798,-7.320522
1,1,0.9999176263809204,emuru,9417,which must necessarily be subordinated to his,-11.289256,-8.820428
0,0,0.017293643206357956,iam,7591,"cannot think of an author , Mark for example ,",11.668021,-24.218763
1,1,0.9999685287475586,emuru,7592,sheet glued on might have to be gummed on,-3.5916996,0.53712237
1,1,0.9999781847000122,emuru,8373,himself go ; and it was from his simpler,-25.031034,3.8079917
0,0,0.0009848966728895903,iam,10006,was Mr. Copthorne all right . Perhaps he had,33.96594,-21.178377
0,0,2.791670340229757e-05,iam,7643,"language . The Shamir is the "" seventh "" and",9.262747,1.5972451
0,0,8.126073225867003e-06,iam,9896,suitable for such occasions .,15.076847,-9.689394
1,1,0.9999632835388184,emuru,10134,to get out her compact and saw Grace's,-14.109006,14.758432
1,1,0.999683141708374,emuru,7830,later chapter there are some situations,-6.4286017,-6.7328672
0,0,3.830767127510626e-06,iam,8286,He sent word straight away to near-by Merstham,16.582684,23.326897
0,0,2.8926300728926435e-05,iam,7953,aimlessly along is more wearying than any-,30.310856,-15.398886
1,1,0.9997208714485168,emuru,7991,notice in the entrance saying which,-3.4682677,-1.5281432
0,0,2.1507719338842435e-06,iam,9203,Dinas Motor Omnibus Co. to ask what had happened to their,21.705256,-4.474711
0,0,0.00012670006253756583,iam,7973,knowing exactly what the subject,6.1888633,13.213523
0,0,7.494098781535286e-07,iam,10183,She couldn't remember what they had been talking about or,5.597904,20.914066
1,1,0.9999687671661377,emuru,10318,"where was happiness , or",-0.28664926,-18.9602
1,1,0.9970422387123108,emuru,8440,known any way of cooking meat,-20.672573,6.033853
0,0,0.0009079842711798847,iam,8895,to put beautiful things into a beautiful church,21.600279,11.336602
0,0,2.7032516300096177e-05,iam,9235,"But even his imagination , luckily for him ,",7.6545053,24.858227
0,0,6.303233385551721e-05,iam,8986,"take charge , as it were , of the minds of the",7.6503644,3.0154657
0,0,3.964232746511698e-05,iam,9664,""" That boy ! That damned fool boy ! What does he mean",-1.6756017,19.164295
1,1,0.9992314577102661,emuru,10152,her .,-19.101252,18.389828
0,0,1.013106498248817e-06,iam,10125,yourself away on a chap like that . You 're a,4.781409,22.627726
0,0,3.594554300434538e-06,iam,7837,In Gethsemane He prayed that the cup,37.940735,3.1672254
1,1,0.999901294708252,emuru,9993,a man was drowning and towards his last,-26.636518,13.311631
1,1,0.9995331764221191,emuru,8238,hazardous business .,-29.516123,-9.106878
1,1,0.9999487400054932,emuru,8336,hold forth from a spear the welcome gobbet of,-10.808667,-5.495809
1,1,0.9998332262039185,emuru,8507,melody . The paprika and caraway perfume,-33.92282,1.8520477
0,0,1.2162945495219901e-05,iam,9137,"these young ones , on parade for jobs which they",8.426979,26.407917
0,0,6.48091236143955e-06,iam,8779,less because their pulse is nothing other,24.93503,23.921885
1,1,0.999944806098938,emuru,8501,celebrate the victory against the Turks in 1683 . Spanish,-30.438204,-5.09331
1,1,0.9999490976333618,emuru,9526,opportunity presented itself . He must,-11.877902,3.4032195
0,0,2.318827318958938e-05,iam,7793,first public acts was a hard-hitting battle with,23.075113,-12.83532
1,1,0.9999001026153564,emuru,7776,( which was never actually authorized ! ) .,-3.787175,-8.896646
1,1,0.9995539784431458,emuru,8017,reading of the Book of Esther is quoted,-16.723358,8.50162
1,1,0.9995384216308594,emuru,9545,"like an ineffective imbecile . """,-19.46783,-18.928568
1,1,0.9999476671218872,emuru,8879,"chilliness of the new church , beautiful as it was and is .",-30.211615,6.0517974
1,1,0.9999834299087524,emuru,8099,a deep-water channel to the Dogger where,-11.372082,-25.038263
1,1,0.999964714050293,emuru,9958,We turned north into it and after about four,-29.022152,-12.930055
1,1,0.9999710321426392,emuru,8582,without going through the formality of having his turbot,-8.373343,-11.069917
0,0,5.846103476869757e-07,iam,8368,unlimited in its variety and its presen-,25.742596,-0.9304266
1,1,0.9933221936225891,emuru,7552,the opinion that in the original of the Fourth Gospel,-21.382769,28.594084
1,1,0.999994158744812,emuru,8506,"Quixotic and withal it has a sombre ardour , with",-30.732746,4.2520347
0,0,1.9410887034609914e-05,iam,8163,"sand ; or even in the case of flat fish , by vibrations",12.385713,-14.554879
0,0,2.096087519021239e-05,iam,10251,"me up for tea , of course . I just thought . "" "" I 'll see , """,20.51213,3.9931512
0,0,0.023224979639053345,iam,7979,week being the same with a pupil,2.3779137,-21.6329
1,1,0.998581051826477,emuru,8581,turned it over on the table cloth to,-31.738152,15.92718
0,0,4.4542898081090243e-07,iam,9119,and counteract the obsession with economics,22.1538,0.6749381
0,0,0.0008856550557538867,iam,8246,"by it will be so heartily sick , what with the",21.693493,-14.544366
1,1,0.9996082186698914,emuru,8989,Thetans discover our mental independence,-1.0801305,-23.703522
0,0,0.00027137185679748654,iam,9588,on Guy's part that we missed seeing the,15.852468,-17.157433
1,1,0.9993013143539429,emuru,8614,considerable skill at the siege of Limoges .,-34.679775,2.0392866
1,1,0.9999399185180664,emuru,7506,to make the strongest criticisms . He said,-25.575254,5.4805737
0,0,0.00289007555693388,iam,8548,about Bouillabaisse and sang - This Bouillabaisse a,35.871346,7.9792266
1,1,0.999883770942688,emuru,8310,remained a mystery until later the following day .,-19.636072,13.31493
1,1,0.9995660185813904,emuru,9549,""" And I 'm heartily sick of being constantly called",-21.415865,-19.486715
0,0,0.00014496823132503778,iam,8136,longshore fishings . The surface,4.630027,-3.0367932
0,0,2.7153180326422444e-07,iam,9901,He rode down to where I was waiting . I was,23.443377,3.2105675
0,0,0.00015690484724473208,iam,8319,rican would not say ; nothing an,14.8977375,0.90644354
0,0,0.00012036856060149148,iam,8166,aware of the moving footrope before,5.151888,-3.5013905
1,1,0.9996851682662964,emuru,10208,replied readily . So how could Nigel have,-32.592083,-2.3591583
0,0,2.0771636627614498e-05,iam,7760,Book was issued in 1604 but the Puritans,32.69569,-22.804712
1,1,0.9997325539588928,emuru,10037,Gavin and the girl who had got,-7.9870343,-21.50215
0,0,7.776637289680366e-07,iam,8397,that amazing epoch of grossness and,24.573208,11.155242
0,0,0.000177634836290963,iam,7558,columns . This is the invariable practice of ancient,27.19425,20.14994
1,1,0.9906224608421326,emuru,7774,This indicated how ephemeral in the Church had,-18.2555,-21.872757
0,0,5.881069228053093e-06,iam,8170,The evidence suggest that the fish are,34.743347,-5.026009
1,1,0.9996296167373657,emuru,10205,"I 've got to see 'em . If I am free , though ,",-28.451643,24.917694
1,1,0.9999523162841797,emuru,8983,caped Thetan subjugation . This time . But we no,-18.891325,-5.425807
1,1,0.9914517998695374,emuru,7836,"finally defeat us . More than that , that God",-34.669853,13.668359
1,1,0.9999359846115112,emuru,9535,"conversation that evening , for when",-35.36073,18.56276
0,0,3.224417014280334e-05,iam,9338,enjoyed himself so much since reading Treasure,13.592265,-12.670789
0,0,2.414782557025319e-06,iam,8411,"Does one , however , know who first thought",15.553244,5.1597857
0,0,2.454824425512925e-06,iam,10261,with some bitterness .,22.49699,-2.997816
1,1,0.9999581575393677,emuru,7619,a man is the Shamir that guards him-,-15.447157,-7.8594975
1,1,0.9999973773956299,emuru,7652,serve Him with all your heart and with all,-17.866768,-3.6121829
0,0,0.0002691202098503709,iam,9769,Seaweed sensed his embarrassment and,19.086226,-20.550976
0,0,2.2972044462221675e-05,iam,8572,A fascinating study also opens up in the dietary,14.136222,-17.907482
1,1,0.9994586110115051,emuru,8922,"currence , while ' General Adam was at Corfu the whole",2.6893463,-30.041346
1,1,0.9999481439590454,emuru,9561,"look as though it was only what you expected of me ,",-29.107382,23.503078
0,0,3.5801681406155694e-06,iam,9841,"contact , is our Robbie ; he gives us the gen and",12.288741,12.190634
1,1,0.9997562766075134,emuru,8293,occurred before her death was ensured by some,-19.370562,13.286853
1,1,0.999995231628418,emuru,9329,""" Intended for Plas Newydd , this lot is . Paid for ,",-11.831374,5.058475
1,1,0.9996336698532104,emuru,8630,obvious morals for those who are judges long,-16.134243,13.100819
1,1,0.9999498128890991,emuru,8959,apartment he garaged his car and then stood,-7.404367,-16.319199
0,0,2.4430958092125366e-06,iam,8204,"which to proceed , and the inquest was",20.812305,-6.459192
1,1,0.9967370629310608,emuru,10097,ging a smile .,-30.377483,23.174522
1,1,0.9994159936904907,emuru,7690,"up these my words in your heart and in your soul . "" The text",-16.2862,17.822071
1,1,0.9982753992080688,emuru,9414,than a couple of telephone calls he was,-6.472544,1.6193862
1,1,0.9998725652694702,emuru,7838,"lives and that the nearer we get to Him ,",-17.465807,16.224026
1,1,0.9957879185676575,emuru,9773,was . I 'm Ian Bawley . Does that mean anything,-37.435814,21.365223
0,0,0.0006229592254385352,iam,9983,""" Oh , "" said the unseen guard . He blew a",6.369331,14.96843
1,1,0.9999707937240601,emuru,8999,they will promptly give us their hypnotic,-22.974613,-16.714346
1,1,0.997012734413147,emuru,8162,through or along the bottom . ) But given such a bow,-2.5091693,-5.7156825
0,0,2.9697797799599357e-05,iam,7967,hardly like to add further to the dullness,12.413987,17.813593
0,0,1.2293438658161904e-06,iam,9972,We didn't approach unchallenged . Just short,7.5031667,19.744822
1,1,0.9999699592590332,emuru,9576,I 'll give you credit for that . But you didn't press,-4.060008,0.12386606
1,1,0.9999967813491821,emuru,8930,her practically all his money caused it to,-12.740685,-18.946114
0,0,4.578918014885858e-05,iam,9656,against them with the lift of the next wave .,10.274765,11.415192
1,1,0.9995349645614624,emuru,10132,was behaving since they had seen them,-11.838679,-15.487743
1,1,0.9990334510803223,emuru,9628,made her send a complacent glance,-19.409693,-18.217642
0,0,1.841361154220067e-06,iam,7899,"of the mind is no longer feared or shunned ,",23.722572,-17.389917
1,1,0.999315619468689,emuru,8042,the longer sugya which deals with all,-21.935196,-12.003888
0,0,0.002923759864643216,iam,7656,"summons of destiny , to solve the economic",18.967451,3.9258385
1,1,0.9910010695457458,emuru,7546,paragraphos markings were omitted . C. H. Roberts is of,-29.981829,-4.2689714
1,1,0.9997844099998474,emuru,8656,ceptions of governmental duties must be,-25.531813,-3.5321534
1,1,0.9993492960929871,emuru,9656,against them with the lift of the next wave .,-35.615704,20.936
0,0,1.2001905815850478e-06,iam,8496,than is customarily imagined as well as entering human,25.65646,-2.8726988
0,0,3.3756707580323564e-06,iam,7911,"the village , it was not difficult for anybody",32.197433,18.33637
0,0,1.5969964124451508e-06,iam,7630,"crushing our soul "" ( see Hab. 2 , 10-11 ) . And it is",-6.703167,9.594076
1,1,0.9999659061431885,emuru,8075,has even stepped into the field of high fashion .,-15.283121,-15.3388605
1,1,0.9996191263198853,emuru,8936,Captain Byron that he had been left,-40.713417,16.321333
0,0,1.5837080354685895e-05,iam,9335,"list , pushed his glasses up on his nose , and",16.96747,-13.424009
0,0,0.0008110501803457737,iam,7659,"Jochai ( Tanis 6a ) "" if Israel does not fulfil",32.449577,13.4932785
1,1,0.9994710087776184,emuru,9423,It was a novel experience . Alastair was,-11.559145,-19.891403
1,1,0.7439637780189514,emuru,9198,""" Good-bye , Morfydd . "" He sought to enfold her in his arms . But he was too late .",-31.68957,24.1504
1,1,0.999356210231781,emuru,7964,ago to hear of a school who tried a six-,-29.498415,9.026875
0,0,3.814884621533565e-05,iam,8141,"often start off the "" local "" herring ;",26.292273,-22.03041
1,1,0.9998624324798584,emuru,10218,"Young Gubbins shrugged . "" I didn't see his",-5.769719,2.183681
1,1,0.999995231628418,emuru,8596,but all the Chelsea philosopher did in return was to,5.639908,-21.631693
0,0,0.0016640066169202328,iam,9484,Tartaro at a few minutes past ten on the,26.942822,-15.255266
1,1,0.9999816417694092,emuru,9951,""" The mine-workings lie north of the town , """,-21.907484,-8.069239
0,0,3.8351288822013885e-05,iam,9907,"in , Johnny . "" "" I know . But if lead starts",7.9313407,11.008156
0,0,3.9466216549044475e-05,iam,8169,Let us consider first what would,27.53472,-17.195198
0,0,0.00014557066606357694,iam,9195,"a promontory , a mass of clean rock crowned with",21.913216,-0.30229288
0,0,0.000187445359188132,iam,7997,"I would not want to either , but if she wants to get through",9.357654,5.2509003
1,1,0.9999822378158569,emuru,7526,present state of the Gospel is the result of an accident-prone history . The,-27.196875,-22.349358
1,1,0.9997925162315369,emuru,9280,"Llangrwl , and his dear Morfydd quietly",-3.2124968,-9.20569
1,1,0.9993320107460022,emuru,9439,"capped summit of Mont Blanc , seven miles",-0.8254472,-21.708576
0,0,5.609700383502059e-05,iam,9487,movements of the Bentley . It had passed,26.788591,-21.437319
0,0,3.620545285798471e-08,iam,8010,of that passage makes it clear that these are,0.9623708,9.616105
0,0,3.164907639074954e-06,iam,7739,that is hurled against us . The Salt-water,36.582836,13.085546
0,0,0.0006905546179041266,iam,8893,a rule that all gifts should be submitted for approval to,20.61246,11.922142
0,0,5.371897259465186e-06,iam,8345,"evening meal . Later came the thrifty peasant ,",31.32491,16.313213
0,0,4.5381937525235116e-05,iam,10099,"lifeline and Gay got up quickly , mana-",16.060013,-25.828634
0,0,0.0002720194752328098,iam,10231,looked distinguished when he frowned ; boyishly,6.816564,2.022559
0,0,0.00015088646614458412,iam,9350,Flor were listening .,25.119125,9.1097765
1,1,0.9999821186065674,emuru,10113,"weakly , "" you don't know Gavin . "" "" I 've only met him",-15.099718,-24.540203
1,1,0.9998537302017212,emuru,8297,which might relate .,-10.16463,3.2308962
1,1,0.9994402527809143,emuru,10248,"he told her , and suddenly seized her in an embrace",-26.092232,-15.284875
0,0,1.2100352932975511e-06,iam,8641,the story of the prelude to the,22.954702,5.970907
1,1,0.999974250793457,emuru,9070,"was a Static Mib , the middle-income-bracket equivalent",-9.958609,6.717389
1,1,0.9998772144317627,emuru,10283,he put back his professional,-6.5888205,-20.904133
0,0,0.0011893461924046278,iam,9571,"mounting exasperation . "" Very well ! "" He",11.426221,-23.35362
0,0,4.591198830894427e-06,iam,7894,They drag themselves around and can become,32.117573,-17.703226
1,1,0.9996944665908813,emuru,10359,"patronizing word , ' she replied . ' I despise",-3.7468522,-17.529198
1,1,0.9999631643295288,emuru,7733,Derush ; ( 4 ) Leaning-back represents Saud .,-33.25159,2.935559
0,0,4.553146936814301e-06,iam,7804,table which was handy for the most improbable uses .,24.931507,12.763066
0,0,3.687664502649568e-05,iam,8514,specifically national . The art and,23.331762,20.289612
1,1,0.9999781847000122,emuru,8862,"with a book on the life of Marx ,",-28.2735,14.099079
0,0,2.128026835634955e-06,iam,7879,veritable surge of energy . Many a girl who,29.13672,-10.8228
1,1,0.9996750354766846,emuru,8433,"and he knew how to do it , too : - When the",-19.457052,8.528872
0,0,1.132180022977991e-05,iam,9405,had no place here .,25.031454,23.783228
0,0,0.00010474414739292115,iam,7941,Can we then frame some ' rules ' which may enable us to live life,2.922901,13.045671
0,0,4.426481973496266e-05,iam,8104,"they migrate easterly to the Norwegian side , or westerly , until",6.225497,-12.136842
0,0,7.0515770858037286e-06,iam,7533,"he has not , until now , been able to exhibit exactly",32.379467,-7.401153
1,1,0.9999974966049194,emuru,9709,Buck would be wetter if he,-26.344746,14.765694
1,1,0.9996664524078369,emuru,8623,the longbows of yeomen could pierce the,-33.555573,-1.7052878
0,0,2.7826429231936345e-06,iam,9452,scanner could be adjusted to cover any,19.456972,9.28734
0,0,4.182178599876352e-06,iam,8363,It is a far enough cry from the primitive,28.74852,13.960296
1,1,0.9998701810836792,emuru,7905,made this century is the way in which illness,1.5422153,-25.456821
0,0,3.246784763177857e-05,iam,10328,"up from that first ideal , and how",19.435425,-3.6330135
0,0,2.3428635813615983e-06,iam,7748,without which Society cannot make progress . And we drink,19.507885,14.031719
1,1,0.9999902248382568,emuru,8248,"of a railway will be worse than Ipecacuanha , """,-28.146658,7.3612714
0,0,1.0200720680586528e-05,iam,10162,"she felt happier . Gay loved them for their warm sympathy ,",-4.3950553,16.753008
0,0,0.00044428207911551,iam,9475,"on the bridge over the Po , barely forty miles to port .",10.196002,4.2432547
0,0,6.541652692249045e-05,iam,9113,"by training , and suspected that the points he made",25.400871,-10.6978445
1,1,0.9999841451644897,emuru,9061,"had contacts in political circles , a school-",-29.71957,7.934387
1,1,0.9999566078186035,emuru,10323,"given her . ' I 'm sorry , darling . '",-11.505707,-22.536762
1,1,0.9999377727508545,emuru,8747,London was again in turmoil ; but this time,-29.881128,-5.34339
0,0,0.0001039471389958635,iam,8067,The Gemara continues with a saying of the,2.4421377,12.430283
1,1,0.9999929666519165,emuru,9308,he suggested hopefully .,-0.6858861,-10.284157
0,0,4.6567292883992195e-05,iam,8201,man had been seen fleeing from Vauxhall station on,23.369438,-0.9876113
0,0,0.006568161770701408,iam,9000,move about pretty freely without,15.884577,-21.57901
1,1,0.9999908208847046,emuru,10009,"in London . Very strange his eyes looked . Mad ,",-15.110928,17.247747
0,0,0.00864650309085846,iam,9434,""" Good luck , Air Marshal , "" she said gently . "" I 'll",11.652856,-10.496099
1,1,0.9999903440475464,emuru,8901,"I found myself deeply involved . At first , the main work was to help",-26.283566,-0.86576056
1,1,0.9999059438705444,emuru,10120,who doesn't care two jots for your feelings .,-33.599426,20.07305
1,1,0.999968409538269,emuru,9618,""" For all your good opinion of yourself ,",-19.648632,-11.309876
1,1,0.9983645081520081,emuru,7528,"original was written on a roll , or codex , which fell into disorder or was",-7.401829,-19.779255
0,0,0.00012015136599075049,iam,9889,usual and in fact had applied all the usual specifics,38.83367,-0.42466235
0,0,2.0594275156327058e-06,iam,10175,"Sometimes they talked on the theme of "" when we get married "" ,",2.1653469,28.401981
0,0,1.3210787074058317e-05,iam,9686,shoot the craft in under the outer,6.438579,15.45024
0,0,4.6365323214558885e-05,iam,9014,foot to Dan's house . Dan came,19.469301,-11.282882
0,0,2.5110932256211527e-05,iam,8778,"At one and the same time , therefore , occur the beat",29.133953,0.35031545
1,1,0.9995291233062744,emuru,10338,"' Good heavens , darling , why on earth",-3.2153687,-11.420016
0,0,5.899195821257308e-05,iam,10250,receive a sharp slap for his pains .,37.790485,15.947026
1,1,0.9970343112945557,emuru,8169,Let us consider first what would,-8.529965,-9.663339
1,1,0.9998999834060669,emuru,10335,no matter how one might want to,-9.966198,-18.50432
1,1,0.999997615814209,emuru,9183,"any rate they remained with us , perhaps",-19.159039,4.1876245
0,0,1.5371586414403282e-05,iam,9793,"drop the rank - such a mouthful ! "" "" You 're",25.24798,4.3114233
1,1,0.9999028444290161,emuru,8460,ethereal enjoyment to the grosser pleasures of the,-19.273882,13.706091
0,0,2.323074841115158e-05,iam,10031,"taxi , and then found that in",20.684134,-7.798315
0,0,0.011242960579693317,iam,9840,"said John , "" but you can pay for my drinks",-22.136072,-14.0250635
1,1,0.9806755185127258,emuru,9505,""" I caught him just as he was going to the",-31.283804,-14.62428
1,1,0.9978679418563843,emuru,8636,without a large-scale and concentrated invasion .,-18.886465,5.898849
1,1,0.9996223449707031,emuru,8524,typically French .,-34.37021,0.67165875
1,1,0.9964016675949097,emuru,7692,your heart and with all your soul and with all your might,-22.266005,18.89359
1,1,0.9999676942825317,emuru,7993,the washing on a Monday .,-30.138977,16.42778
0,0,0.0019190739840269089,iam,8589,"sole , a baked leg of mutton with oyster & veal stuffing and a",29.279837,-3.926743
0,0,0.012680108658969402,iam,10272,badly - at any price . I hope,13.772445,-20.40486
1,1,0.9981191754341125,emuru,7755,brought out from under the burdens of Egypt ?,-32.039906,16.401846
1,1,0.9990604519844055,emuru,9132,deeper layers in the human psyche which are,-10.321662,-12.619427
1,1,0.9999285936355591,emuru,8183,"field of disturbance , or bow wave . This suggests",-7.2700515,-17.75739
1,1,0.9957066178321838,emuru,7560,"original of the Gospel , whether written on a roll or codex ,",-26.838392,8.079855
0,0,2.3943848646013066e-06,iam,9449,turned the scale slowly to cover the,21.759848,14.578267
1,1,0.9999862909317017,emuru,10366,"His digressions too , seemed to have no other",-5.04883,-12.451799
0,0,0.007903709076344967,iam,9380,think and plan and know . Those who know,7.372649,27.151995
0,0,0.0014405196998268366,iam,9721,few moments later the yawl was upside,10.941161,-20.231504
1,1,0.9999963045120239,emuru,9041,the Avenue from its many tributary streets . It might have,-27.107721,1.7109891
0,0,6.724835111526772e-05,iam,7761,the throne . He was quite prepared to be,25.120762,-13.97923
0,0,0.00017724079953040928,iam,8842,"Conrad Noel , the eloquent leader of",34.94625,-18.699306
0,0,4.456689930520952e-05,iam,8102,spawning herring are always found .,4.773281,10.517673
1,1,0.9995548129081726,emuru,7778,himself immortal by becoming associated with,-2.8992045,-10.715413
1,1,0.9996415376663208,emuru,9230,"the title of "" First Woman to Enter Space . """,-2.0020814,-18.285913
1,1,0.999891996383667,emuru,9457,the tiny white figure of 8.5 against which the needle,-22.362892,-17.774906
0,0,2.4101807866827585e-05,iam,8614,considerable skill at the siege of Limoges .,22.8079,27.655308
0,0,9.88380634225905e-06,iam,9427,be waiting for you at the Hotel Roma at six this,14.458928,11.285148
1,1,0.9981560111045837,emuru,10182,Little Phelpham .,2.3136795,-8.643906
0,0,5.26739813722088e-06,iam,9242,"But nonplussed , the conductor was . A",12.824785,11.081654
0,0,0.0003133844875264913,iam,8873,"co-operated , we made the little side chapel a place",9.336258,16.176609
1,1,0.5479918122291565,emuru,10123,"fine girl , intelligent , and pretty , and I had",-31.37179,24.555368
1,1,0.9999086856842041,emuru,8077,"the potentialities of the craft , and crochet was",-21.632587,-19.83977
0,0,9.613138900022022e-06,iam,9804,he was on the verge of a new chapter in,21.886116,-1.4319438
1,1,0.9999955892562866,emuru,9897,his surviving submarines a good deal harder than,-28.06119,-4.6915326
1,1,0.9999861717224121,emuru,10034,off the plane with him were talking .,-6.303507,-15.614741
0,0,0.00043617241317406297,iam,8274,"24 , 1905 , a Sunday , Sub-Inspector Peacock , of",17.861431,-12.1302595
0,0,6.660984945483506e-05,iam,8922,"currence , while ' General Adam was at Corfu the whole",2.7524831,-30.053782
1,1,0.9989205598831177,emuru,7556,about one third of a page of Souter's print .,-34.74603,5.7846384
1,1,0.9505730867385864,emuru,10200,"he shrugged diffidently , "" I like the work . One gets plenty",-35.813877,24.284994
0,0,2.8978349291719496e-05,iam,9162,can you . Look over there . ' He pointed to the,19.080017,23.178576
0,0,0.00020242434402462095,iam,7990,it added immensely to the interest,28.627394,-14.7818165
1,1,0.9999794960021973,emuru,9857,give me a ring at this number and I 'll,-16.83603,4.369674
1,1,0.9999058246612549,emuru,9279,""" Afternoon , Mr. Roberts , "" he called , polite ,",2.0538936,-16.65799
0,0,2.446163307467941e-07,iam,7954,he was a little more systematic . To drift,22.810778,-6.2246313
1,1,0.9999662637710571,emuru,8453,By delicate application of odours and richly-distilled,-22.162575,16.380432
0,0,3.2996018717312836e-07,iam,8372,"tongues ; unreasonable surfeit , too , in the",35.67789,10.318331
1,1,0.9994971752166748,emuru,8382,"out of Italy into France , we are told ,",-9.0624,9.7204
0,0,8.030406775105803e-07,iam,9161,shadows beyond the river . ' Something moved . ',24.228374,20.417364
0,0,2.481845740476274e-06,iam,10357,miraculous recovery and Sandra would,37.138435,-15.53427
1,1,0.9999991655349731,emuru,9106,"say a word about it , Lester wants his",-38.307087,7.520228
1,1,0.9991045594215393,emuru,9623,"man was , she thought impatiently ,",-17.3337,-16.656166
0,0,2.2471518605016172e-05,iam,8251,proposed to build the Box Tunnel .,19.570337,-2.446048
1,1,0.9995941519737244,emuru,9487,movements of the Bentley . It had passed,-3.4541671,-18.849648
1,1,0.9999969005584717,emuru,10014,"the fourteenth century . """,-10.162287,-24.686398
1,1,0.9999991655349731,emuru,9486,previous night . He worked out the distance,-19.327404,-7.1303463
0,0,1.5407911632792093e-05,iam,8649,"war , there was a constant stirring of",29.681828,16.260942
0,0,1.234807314176578e-05,iam,7540,Gospel represents the work of generations of,26.069315,15.80034
0,0,0.0012021975126117468,iam,9431,sounded so charming and appeared to be so,10.807504,-8.9670315
1,1,0.9999974966049194,emuru,9648,rocks in an' out o' de water .,-9.916965,3.9722433
0,0,0.00014229881344363093,iam,9433,efficient .,35.736332,0.31839898
0,0,4.517399702308467e-06,iam,8906,in the winter of 1914 and 1915 the matter of War Pensions,-2.8624985,10.019627
1,1,0.9985640645027161,emuru,8243,them was one of the most dangerous jobs con-,-23.462244,-9.002493
1,1,0.9999932050704956,emuru,10330,He looked nervous . It had been,-9.496769,-11.340454
0,0,0.00014314366853795946,iam,8610,on land . Gaunt was compelled to give up his search for,34.679607,17.241615
1,1,0.9999995231628418,emuru,8987,people - who are probably falling all over them-,-13.226311,-8.535225
1,1,0.9999971389770508,emuru,9245,""" Where are we going ? "" he echoed Cadwallader .",-34.284206,11.281519
0,0,6.773736822651699e-05,iam,10267,hospital .,33.51033,-2.2741494
0,0,2.042475898633711e-05,iam,8280,the Feathers Hotel to await identification .,19.324644,3.8230684
0,0,1.7291752101300517e-06,iam,7557,manuscripts . A common size of column would hold,33.51238,5.4759874
1,1,0.9998644590377808,emuru,9175,would be inopportune ; and with the idea came,-24.668776,15.963391
1,1,0.9998052716255188,emuru,8221,"description , but the man was not traced .",-19.531979,11.544299
1,1,0.9993096590042114,emuru,7516,"has rung a couple of times , calls from",-35.87343,-8.374137
0,0,0.00048635550774633884,iam,7925,"in one place , their lives were of one",24.986794,6.2901382
1,1,0.9994413256645203,emuru,7800,"by Calvinists and Puritans , and the sentiment was",-23.877924,-17.446497
1,1,0.9347410202026367,emuru,7897,and is in fact no differently regarded than,-3.0661302,-27.803717
0,0,2.2274552975432016e-06,iam,8030,known comment on the verse ; quoted by,4.3455153,19.197151
0,0,0.00021593333804048598,iam,8838,"the Church Socialist League , genuinely advocated",12.433294,-5.1855674
0,0,0.00046741889673285186,iam,9692,"reached the pier , the judge on legs",-11.867279,-12.205283
1,1,0.999512791633606,emuru,8769,ventricular content .,-19.933636,17.498167
0,0,1.0279882189934142e-05,iam,7810,but to a child they are very real . Not that I am suggesting,10.01441,-4.0684943
1,1,0.9985566735267639,emuru,9452,scanner could be adjusted to cover any,-7.3398056,-15.045356
1,1,0.9993401169776917,emuru,9327,"Stared back did Price the Provisions , unwinking .",-15.499379,-18.257301
1,1,0.9999648332595825,emuru,9723,"down , exposing its shallow keel .",1.4306786,-25.411242
0,0,2.569120169937378e-06,iam,7771,minor except for the new section on the Sacraments,11.113634,15.535198
1,1,0.9999847412109375,emuru,7996,"- you must , for example , do your shopping on the morning of",-12.135925,-6.6685166
1,1,0.9999418258666992,emuru,10187,"word shouted into her very soul a horn of warning , and",-28.476435,24.551907
1,1,0.9999903440475464,emuru,9864,lying in pairs alongside the jetty at Fort Blockhouse .,-14.1259985,-16.645525
1,1,0.999950647354126,emuru,8595,"Wagner was a highly practical feeder . He ate very fast ,",-23.587547,-23.503563
0,0,2.7528443752089515e-05,iam,8890,such a beautiful building with suitable fittings ; I made,20.80341,24.804497
0,0,0.0001282809244003147,iam,8488,If that country had not been for so long a battlefield red,21.187193,8.639854
1,1,0.9998877048492432,emuru,8444,to their aid .,-29.041035,7.8884354
1,1,0.9999589920043945,emuru,9812,"bit of a humorist , aren't you ? "" said",-34.860153,22.814644
0,0,5.130593194735411e-08,iam,9815,"right ? "" "" Who told you ? "" "" Little bird .",13.4309025,5.6869097
0,0,0.0004118893120903522,iam,8656,ceptions of governmental duties must be,19.499641,21.671646
0,0,3.4489037261664635e-06,iam,10086,as Gay drew out a chair and sat,24.522799,-5.790689
0,0,2.1619285689666867e-05,iam,7914,far greater simplicity than their successors .,29.370516,0.3098481
1,1,0.9998008608818054,emuru,9574,You made some sort of a protest to Graybury .,-22.140923,-17.860632
1,1,0.9999926090240479,emuru,10319,She went back to Philip . But,-10.96437,-21.419199
0,0,1.2853516864197445e-06,iam,7733,Derush ; ( 4 ) Leaning-back represents Saud .,24.40898,9.705422
1,1,0.9998873472213745,emuru,9232,the fact that the green earth was falling,-13.442946,-26.405228
0,0,0.0003795327211264521,iam,9782,"Commander , "" he said . "" Now what about that",19.45858,-2.2617753
0,0,0.000336616940330714,iam,8493,Foodlore reflects much more of national temperament,23.687641,14.835124
0,0,6.202919757924974e-05,iam,8096,"movements , although primarily",31.077126,-20.258583
1,1,0.9985874891281128,emuru,7785,just learning to read . James was followed by,-36.429176,20.600346
1,1,0.9999804496765137,emuru,8465,clarifying the functions of the brain . It,-21.380005,-9.445885
1,1,0.9999167919158936,emuru,9382,are slaves to it . Only an outcast is free . Because,-28.98313,5.827677
1,1,0.9999704360961914,emuru,10364,purpose than the throwing of dust in his,-7.5587487,-0.35373417
1,1,0.9976049661636353,emuru,9348,"When you come here , when you come to the True",-22.496702,-11.224234
0,0,3.264078713982599e-07,iam,9811,""" You know a great deal about me , """,24.739296,-1.5084757
1,1,0.9999974966049194,emuru,8587,on the table cloth to examine the marks on the back,-21.342083,-4.9273596
0,0,0.00017796338943298906,iam,9167,"to other day , my lord . A being of whom",35.105415,-10.674043
1,1,0.8803799748420715,emuru,8108,miles farther south before they,-17.08252,-22.919676
1,1,0.999478280544281,emuru,9300,his Eth . Morfydd thought of Dai . The,-1.8438777,-13.4394045
1,1,0.9996988773345947,emuru,9662,with part of that howling northwest gale .,-29.604025,-14.892514
0,0,0.0008104422013275325,iam,9498,"To Beryl , at least , this was anti-climax with a",-3.171361,13.975917
0,0,1.0948549061140511e-05,iam,9454,"Plain of Lombardy ; to the right , Turin ; to the",22.85377,9.923552
0,0,0.00017915706848725677,iam,8305,So the body of this small girl with the blue eyes and,32.51915,2.96203
1,1,0.9982307553291321,emuru,9353,"Lily-yo said , doubtingly . The Captive with the",-31.618809,5.036713
0,0,0.00021625477529596537,iam,8175,"for an unknown period of time , until",36.97309,-2.4006422
1,1,0.9987395405769348,emuru,8576,been blind to the charms of turbot and,-21.0018,18.640808
0,0,0.00010060073691420257,iam,10276,words . ' I wonder you dared trust,29.356482,-19.985558
0,0,3.687661660478625e-07,iam,8014,"R. Joshua b. Levi . ) Finally , we note that",4.247517,14.959668
0,0,1.2654997760819242e-07,iam,8006,"too , are necessary , but a careful examination",33.23164,-22.590912
0,0,0.0001261603320017457,iam,9658,Around that rounded rocky promontory where the,-5.174012,22.503958
0,0,2.123419108102098e-06,iam,9959,we figured would lead to the miners' camp .,31.513172,-13.81565
0,0,9.5626492111478e-06,iam,7998,sit down quietly and make a list of everything she has got to,6.3848095,9.655894
0,0,0.00032344419742003083,iam,8445,confine the resources of the table to the gratification,16.587812,12.889627
1,1,0.9999845027923584,emuru,9666,"by trying to come home now , even if he did promise ?",-18.562748,1.8819696
1,1,0.9998867511749268,emuru,9027,gave the impression of having been thought out and,-17.584497,3.5441782
1,1,0.999743640422821,emuru,7799,"with James and Charles , the Puritans argued ,",-4.725864,-10.621578
1,1,0.9995052814483643,emuru,10138,He 's getting on well but is pretty helpless still with his,-26.4037,-7.8127003
1,1,0.9997807145118713,emuru,7660,"the wish of the Lord , failing to serve the",-35.299023,1.8783039
0,0,6.577483873115852e-07,iam,9241,his ticket-punch nervously . Peered out of,32.63591,-1.3836588
1,1,0.9995076656341553,emuru,8461,board . The gratification of the sense of smelling,-21.046291,6.8878627
1,1,0.9887285232543945,emuru,9284,"Joy . At last he caught up Mr. Roberts ,",-1.6350455,-15.5435915
1,1,0.9999809265136719,emuru,8937,"made a will in Augusta's favour , she had",-11.949246,-17.774857
0,0,6.752949957444798e-06,iam,7511,offering to drop by for a chat .,38.585926,3.2928543
1,1,0.9896411299705505,emuru,8359,admittance into an acquaintanceship far more,-8.48331,-7.840935
1,1,0.9996620416641235,emuru,8856,elections . In the Sheffield Trades and Labour,-26.584406,2.6584163
0,0,0.00029962894041091204,iam,9394,"asked . ' What else ? Flor and Lily-yo , you arrive",-6.0129547,19.087534
1,1,0.9994138479232788,emuru,7917,that it taxes the mind . Two hundred,-3.3462687,-2.3169434
0,0,0.0008879394736140966,iam,8822,"on West Street , where a successful Sunday",3.96447,0.13011743
1,1,0.998909592628479,emuru,10299,when you reach your parents',-3.4621873,-13.624811
0,0,7.820972314220853e-06,iam,7878,tiredness - such as when your wife mentions,28.607626,-8.803077
0,0,0.0022730755154043436,iam,7578,"the roll , a sheet could easily be glued on .",7.076101,-9.967158
0,0,4.254380110069178e-05,iam,8729,"of Canterbury and York were to pay ten marks ,",26.222862,-7.9915347
0,0,2.526008574932348e-05,iam,8837,"subjects , for being well acquainted",22.786667,-15.541132
1,1,0.9998204112052917,emuru,8641,the story of the prelude to the,-13.958402,6.007258
0,0,4.244166575517738e-06,iam,10235,Nigel often had to think hard to sort,-2.9783604,17.218267
1,1,0.9982998967170715,emuru,9194,far from our minds that at any moment we were,-32.7783,18.68311
0,0,2.7914406928175595e-06,iam,8018,The sugya is built around the saying of,4.7120247,9.526622
0,0,0.00021872640354558825,iam,8854,work . The British Socialist Party endea-,-2.8447726,19.539047
0,0,1.3905042806072743e-06,iam,10243,""" You just gave it back to me . "" "" I",20.708128,3.3638294
0,0,6.984947731325519e-07,iam,9968,shack and as we got near someone inside bawled,7.6179495,13.0991
1,1,0.9993365406990051,emuru,8313,"evening at about seven o'clock , telling her room-mate , Emma",-29.172842,11.452071
1,1,0.9997308850288391,emuru,9750,than her usual cordiality and flashed a warning,-6.635613,-3.3781896
1,1,0.999854564666748,emuru,8281,"Was it a case of suicide , where some unhappy soul",-16.357376,13.144009
0,0,4.9645132094156e-05,iam,9042,"been a normal business-day bustle , except for two anomalies .",10.347231,18.292944
1,1,0.9997298121452332,emuru,9947,"into draws , circling a big mesa by a",-40.139084,14.550469
1,1,0.9984833598136902,emuru,8217,for a man who had been seen leaving the train,-21.242735,18.582071
0,0,4.292435187380761e-05,iam,9067,"furniture in the second year , "" she moaned . She",14.514881,1.7645596
1,1,0.9999042749404907,emuru,9365,young . You may be able to have babies . Some of those,-31.593353,1.70991
0,0,6.339513220154913e-06,iam,10058,sitting just inside having coffee .,21.772919,-16.982817
1,1,0.999969482421875,emuru,7683,""" And then the Lord's wrath be kindled against you , and he",-27.010466,-6.525706
0,0,2.6238216378260404e-05,iam,9495,"own veranda , that he had taken the liberty of",8.991423,13.683219
1,1,0.999426007270813,emuru,9605,your knowledge of all the affairs of the,-6.013894,-24.70174
0,0,4.0567796531831846e-05,iam,8564,intellectual faculties . Bunyan's break-,21.871347,-2.1958563
0,0,1.6638186650652642e-07,iam,7510,other chums sniffing the wind and,28.992382,1.3320892
0,0,4.746507329400629e-07,iam,9107,"That 's how he got the votes , that 's how",14.020144,15.110438
1,1,0.9997314810752869,emuru,8340,borrowed straight from the prehistoric . How,-3.2190511,-24.60918
1,1,0.999944806098938,emuru,7476,such as a chair and a motor-car . The idea is to see what happens when,-12.380589,-16.189903
0,0,0.00033988856012001634,iam,9340,"' But we - ' ' Stop your stupid talk , woman ! ' ' We are - '",-9.917281,21.989233
0,0,1.4430371493290295e-06,iam,8342,Suffice to say that few of us stop to marvel at,28.177876,-5.5286565
1,1,0.9999954700469971,emuru,10154,rather a sense of relief now that she,-27.18971,-10.721264
1,1,0.9999589920043945,emuru,7865,than when they went to bed . We may begin,-30.130777,4.7843366
1,1,0.9999662637710571,emuru,8283,had walked deliberately into the blackness and,-17.147911,-0.59141487
1,1,0.9998841285705566,emuru,9615,I doubt it . He 's about as easy to push around,-27.933342,-17.62026
1,1,0.9999721050262451,emuru,9519,earned gratuity to his native village at the,-31.044308,17.60252
1,1,0.9987394213676453,emuru,10202,"suppose , to meet me for supper somewhere ? "" she had",-13.728223,-19.6934
0,0,0.0003010595100931823,iam,9050,little sorry if we were not back for Christmas,1.141708,18.03658
0,0,2.885134017560631e-05,iam,10135,"feeling self-conscious and awkward , sure that",30.60234,-17.310621
1,1,0.9999703168869019,emuru,7961,the pressure on over-crowded trains .,-9.906935,-20.917011
1,1,0.9994801878929138,emuru,8165,"be by actual contact , or by sight reaction to the disturbed",-21.729187,-22.716917
0,0,0.0009494142723269761,iam,7701,"bind them to have the vision and then "" And 1ye",28.440512,19.092365
1,1,0.9550472497940063,emuru,10093,felt wretched beyond words .,-33.591442,20.429823
0,0,2.105195108015323e-06,iam,9929,"Dan ? "" "" Know what ? "" "" That he 's dead , """,0.2315134,8.560917
1,1,0.9999181032180786,emuru,8261,sounds in a confined space combine to produce a,-32.6365,5.2000885
1,1,0.9986715316772461,emuru,9932,leading to the ridge . I followed . From the,-34.957115,22.702883
0,0,8.143629202095326e-06,iam,9639,"And then she received a jolt . Old Hubert , standing",20.75727,-15.44033
0,0,3.0387516744667664e-05,iam,7935,and to do so inevitably builds up tensions which,19.79347,25.262161
1,1,0.9997407793998718,emuru,9555,to say - and all you can do is to find,-17.828484,-3.5475955
0,0,8.81548403413035e-05,iam,7992,into a dull routine . I have great,29.008266,-18.993368
1,1,0.9998401403427124,emuru,9129,"to be diverted , however , with the single exception of one",-4.4572654,-21.311453
0,0,1.6424894056399353e-05,iam,8112,other banks are most of them,14.372902,-7.394229
0,0,3.5879168081009993e-06,iam,8730,the Duke of Lancaster and the Archbishops,30.92623,-7.852737
1,1,0.9996582269668579,emuru,9094,"duties and his wife , in the manner of middle-brow",-0.12619735,1.301991
0,0,0.0005827389541082084,iam,9616,an attempt to show my lady-love that I,17.29168,-16.193375
1,1,0.9995852112770081,emuru,7693,"in the first part of the Shmah , we have first "" and",-8.078512,-7.5401926
1,1,0.9997981190681458,emuru,9282,He had seen no sign of an accident .,-29.076256,23.452888
0,0,6.799345283070579e-05,iam,8287,thrust in her mouth like a gag .,30.068357,20.999832
1,1,0.9996082186698914,emuru,9746,man who was staring moodily into a gin,-12.681654,-25.084684
0,0,0.00016213097842410207,iam,8307,"identify her as his sister , Mary Money , aged twenty-two .",28.13396,15.725321
1,1,0.9999972581863403,emuru,7758,"James had grown up in Presbyterian Scotland ,",-9.869309,1.029063
0,0,8.682400948600844e-05,iam,8316,"Hone , that she was going for a walk , but would not be",30.230352,12.174802
1,1,0.9999200105667114,emuru,8397,that amazing epoch of grossness and,-31.011213,0.8536364
1,1,0.999354898929596,emuru,10327,said instinctively : ' I told him,-6.855506,-21.77515
1,1,0.9999308586120605,emuru,9170,"' Bottle-Foot , my lord . ' ' Bottle-Foot ? ' His lordship",-23.17146,-2.0868013
1,1,0.9999891519546509,emuru,8791,"' And while the heart is slowly dying ,",-22.026577,-20.65482
1,1,0.9991856217384338,emuru,10360,the deceit . The lies . ',-40.977077,13.678038
1,1,0.9998611211776733,emuru,8845,"Christianity , common ground could be found .",-13.697765,-8.9980345
0,0,1.0939030289591756e-05,iam,8794,ventricular one slowly and,22.718208,11.459765
1,1,0.9999949932098389,emuru,7578,"the roll , a sheet could easily be glued on .",-9.065099,-5.9954023
0,0,1.0683184882509522e-05,iam,10115,"heart out over ? "" Doc nodded towards the door . "" You",17.755028,8.857003
1,1,0.9943118095397949,emuru,7844,should pass from Him . Jesus shows us,-0.121215604,5.5360527
0,0,1.8072482816933189e-06,iam,10204,""" Bless you ! I hope Luke is suitably grateful , darling . "" "" Oh , well , """,2.8335717,23.543356
0,0,2.6704698029789142e-05,iam,9875,through the open windows of the Captain's house . It,17.693575,0.790858
1,1,0.9999594688415527,emuru,9478,"conference in Bruce Denton's office , been whisked",-19.85524,2.786615
0,0,0.0006277576903812587,iam,10056,"can't find a table for two . """,18.402782,-16.180595
0,0,9.605661034584045e-05,iam,7649,"shall come to pass , if 1ye shall 1hearken",4.87546,5.549645
1,1,0.9999949932098389,emuru,10001,Mr. Copthorne was on dry land in a church,-6.6854525,-12.726854
0,0,3.4136653994210064e-05,iam,9055,Then he would go back to Plato for a final spell of,-0.118277185,15.870086
0,0,7.897912291809916e-05,iam,8768,or in flagging warmer ones . At the time of its movement,15.970702,-1.3999151
1,1,0.9998137354850769,emuru,7808,"to face their fears , to see through them and come out on the",-14.486922,-13.318479
1,1,0.9998574256896973,emuru,9953,"rough country , sliding on shale , climbing down",-19.12693,1.6861627
1,1,0.9987770915031433,emuru,8184,Then they stop swimming and are caught . In,-5.651382,-27.641438
0,0,2.8573049348779023e-06,iam,8220,"defective , and , despite his claim to infamy ,",14.276397,15.45264
1,1,0.9999150037765503,emuru,7581,Against these advantages the codex was fragile and,-15.224074,-13.707657
1,1,0.9999788999557495,emuru,8127,the robin who gets back exactly may be,-38.452557,-2.307042
0,0,3.7168447306612507e-05,iam,8121,"the drift , it probably has a survival value",19.610191,-16.656359
0,0,4.379810343380086e-05,iam,10318,"where was happiness , or",29.778149,-20.43188
0,0,2.21438858716283e-05,iam,9033,at home . Steve switched on Dan's,35.74987,6.9245186
0,0,3.3628173696342856e-05,iam,9647,"3"" He powerful anxious , poor Mistah Piers .",22.359491,-11.888471
0,0,5.967714969301596e-06,iam,7494,"C O believed him . Courtenay played the part with a gawky ,",3.3043964,-8.238917
0,0,0.0009025183971971273,iam,9206,damn bus .,20.071024,-3.0923104
1,1,0.9997614026069641,emuru,9290,"he found was Morfydd's mam , working",1.9286913,-17.529291
1,1,0.9999263286590576,emuru,7920,"In other ways , too , life for the ordinary",-38.225845,2.6156251
0,0,1.5969724699971266e-05,iam,8905,' Coulsdon and Purley Patriotic Fund ' in whose counsels and committees,-7.8961463,20.03101
1,1,0.9998489618301392,emuru,10336,Her eyes darkened in torment . ' Are,-3.4653692,-15.992923
1,1,0.9998698234558105,emuru,7762,"spoiled that . The Puritans had high hopes , for",-23.759583,-18.422222
1,1,0.9983490705490112,emuru,9440,no permanent image .,-2.8371794,-16.894056
0,0,8.387845582547016e-07,iam,10120,who doesn't care two jots for your feelings .,23.112112,-8.744883
0,0,8.530329068889841e-06,iam,7969,which it engenders . But I am not arguing,21.909058,-3.347895
1,1,0.9995031356811523,emuru,8174,it reaches them . They move away before,0.055515207,-0.4528852
1,1,0.989953875541687,emuru,9446,ground immediately ahead .,-11.645387,7.4840407
0,0,0.0006601865752600133,iam,9578,thoroughly enjoying Forrest's company in,8.544438,8.263089
1,1,0.9999254941940308,emuru,10294,' I will leave you the necessary pre-,-3.9092815,-16.647034
1,1,0.9999754428863525,emuru,10337,touched him after the cold wind,-0.75762194,-9.310693
0,0,1.407505897077499e-05,iam,8361,programme of entertainment almost,24.197882,21.684155
0,0,1.4068014024815056e-05,iam,9772,"yourself , "" she said with mock severity .",28.336203,-13.968565
1,1,0.9999130964279175,emuru,9488,him at the temporary bridge over the,-11.085138,-28.247274
1,1,0.9999542236328125,emuru,9992,"be open . It was . He entered , and seated himself",-13.269787,-4.79658
0,0,5.420627076091478e-06,iam,9357,"fleshless jaw said , ' The grub of the tigerfly thinks",2.1084754,9.248905
1,1,0.9970436692237854,emuru,8744,baronage with rarer luxuries than those,-18.331482,-21.635883
1,1,0.9989275336265564,emuru,8061,a familiar interpretation which had,-14.370262,6.015276
0,0,4.491051731747575e-05,iam,8423,"length subside , He throws a bed of glowing",26.281012,18.273783
0,0,3.827553882729262e-07,iam,8158,in the constancy of this great herring fishery .,21.043238,25.111334
1,1,0.9999804496765137,emuru,9633,"toothless mouth stretched in a wide grin , told her",-9.766607,-16.449915
1,1,0.9996875524520874,emuru,8205,Day by day the police followed up likely and even unlikely,-19.433731,9.948437
1,1,0.999887228012085,emuru,7921,work . The only connexion is the,-11.189977,-8.868883
0,0,8.049994357861578e-05,iam,8923,to Douglas Kinnaird saying that it was incorrect,11.684774,-17.12974
0,0,3.6390665627550334e-05,iam,8417,"would , because Esau sold his birthright",28.55389,10.429569
0,0,3.0228932246245677e-07,iam,7752,people . ( 1 ) I will bring you out from under the,9.69521,-2.0732253
0,0,2.498423600627575e-05,iam,8635,"Brittany was compelled to attack via Calais ,",17.789358,25.206095
0,0,0.0018710088916122913,iam,9179,"strange , the unwelcome , the almost",16.752228,24.474949
1,1,0.9982944130897522,emuru,9847,disposed towards each other .,-31.712793,-6.82078
