true_label,pred_label,prob_fake,source,idx,text,tsne_x,tsne_y
0,0,0.012724709697067738,iam,7957,commerce may be kept going - though if ever,17.02564,-5.1612015
0,0,0.0015605117660015821,iam,9341,"' Be silent , woman , and listen , ' Band Appa Bondi said .",10.832218,33.034264
1,1,0.9995794892311096,emuru,8143,"Easterly winds , on the other hand ,",-6.734795,-45.62982
1,1,0.9736528992652893,emuru,10368,"just dusty-grey but muddy , slimy even .",-21.522503,19.730202
0,0,7.197344942255768e-09,iam,8651,needed taxation in order to supplement,-13.241751,39.587013
0,0,2.8685234743086596e-10,iam,9756,glance at him . Evidently the other occupant,23.072426,-0.8725932
1,1,0.9986966252326965,emuru,7811,that children should be molly-coddled - they must be made,8.596773,-17.78459
0,0,5.512135885510361e-06,iam,8369,The truth is that good food offers a,-4.792995,16.196903
1,1,0.9999998807907104,emuru,8669,was quite alien to mediaeval thought - its,-12.084187,-6.814845
1,1,0.5660552382469177,emuru,10289,coronary . And in that second,-7.610642,-55.24081
1,1,0.9999945163726807,emuru,10203,"Junior Medical Officer . "" You won't be free about nine , I",-15.989676,-22.873693
0,0,9.251556321032695e-07,iam,9447,make a direct comparison between the radar,11.150541,24.418108
0,0,2.0494300656537234e-07,iam,7551,"bar , and there are cases where spacing is used as",18.17337,25.121653
0,0,3.089307210757397e-05,iam,9614,"with Sir John ? "" she enquired cuttingly .",17.632845,8.764139
1,1,0.9998144507408142,emuru,7499,"The film replaced "" What 's My Line ? "" and "" Be My",-0.92868894,-13.010766
0,0,6.528717122478156e-09,iam,9523,ignorant child .,1.0305896,9.355007
0,0,1.5924921171972528e-05,iam,9234,Morfyyd Owen was already qualifying for,17.59823,6.8011713
0,0,3.439296181184659e-09,iam,9777,"strangers - that 's right , John , isn't it ? "" "" My",8.183483,46.23495
1,1,0.9998689889907837,emuru,7983,sympathy with the young wife,-4.571085,-47.659622
1,1,0.9997304081916809,emuru,9077,not submerged beneath a deep natural atmosphere .,3.327192,-29.006554
0,0,8.322970090901549e-10,iam,9300,his Eth . Morfydd thought of Dai . The,-5.155417,41.219128
1,1,0.9999939203262329,emuru,7761,the throne . He was quite prepared to be,-16.178871,-3.9817665
1,1,0.9999573230743408,emuru,7794,mutual . But Laud was no Romanizer . One of his,-14.965347,-14.907357
0,0,1.092736678920403e-09,iam,7790,Prayer Book in 1637 . Significantly this made,20.208403,10.6170635
0,0,2.060211379273369e-08,iam,8366,"banquets of later days , when the table",14.473547,23.557718
0,0,3.638010426243454e-08,iam,8816,"and Red Flag badge , thus presenting a much",-10.904193,39.841404
0,0,3.4172471519156034e-09,iam,7574,information is contemporaneous with the New Testament .,2.6706533,27.6694
0,0,2.756906647416457e-10,iam,10043,laid his hand on hers . Gay smiled at him,27.852013,20.267982
1,1,0.9947047829627991,emuru,8107,In this 200-fathom trench the herring do not touch the bottom .,-5.146748,-32.407784
1,1,0.99715256690979,emuru,9612,But Forrest might at least have tried . He 's,4.494106,-20.736256
0,0,0.0012393903452903032,iam,8034,need for the text of the angel are quoted,6.3818874,15.004229
0,0,0.023224741220474243,iam,10194,liked during his off-duty periods,-21.368189,13.911658
1,1,0.9996212720870972,emuru,9672,black eyes showing any emotion . With a,-11.482551,-2.949668
0,1,0.8675658702850342,iam,8862,"with a book on the life of Marx ,",-5.95906,-56.055824
0,0,2.9670845641538435e-11,iam,7515,and who is now being pluckily convivial,21.445847,29.754734
1,1,0.9998481273651123,emuru,8517,"science of cookery , however , is",-8.270062,6.293239
1,1,0.9892472624778748,emuru,10282,"And as he spoke , the thought",-7.010781,-47.27704
0,0,0.0005551684298552573,iam,7709,"are used on Passover , to depict the "" time of our freedom "" .",-2.915825,30.064426
1,1,0.9992719292640686,emuru,8766,"such as serpents , frogs , and the like .",-0.27614367,-8.103251
1,1,0.9999933242797852,emuru,8279,"The Merstham Tunnel , on the London-to-",-16.945364,-2.1043112
0,0,4.361916978723457e-07,iam,8078,revived with designs suitable for contemporary,5.8289814,-25.001143
0,0,0.01113135740160942,iam,9343,"rays , not seen or felt , which change our bodies .",-25.068117,13.305054
1,1,0.9999953508377075,emuru,8476,"alive , dipped in treacle and swallowed",-1.5077165,-31.395624
1,1,0.9991611242294312,emuru,8332,would not do ; nothing an American would not,-14.37274,-14.718089
0,0,2.4419793476226914e-07,iam,9674,"Willie Kim was speechless , only his slant",4.20691,27.69316
1,1,0.9993166923522949,emuru,9626,on the estate was a major error :,-4.469188,-53.723198
1,1,0.9999991655349731,emuru,10050,"would never be jealous again , would even take Larry's advice and",-18.868887,-22.291851
0,0,3.306247364776027e-08,iam,8344,ladies toying with these primitive morsels in the,20.185732,18.378878
1,1,0.9999943971633911,emuru,7504,strike . It showed Britain today through the eyes,-15.665549,-14.827873
0,0,4.5768985046379385e-07,iam,7915,to live a day at a time . Even those who,16.763351,33.377693
0,0,1.274900967018766e-07,iam,7491,"him of his ugly battle-dress , to leave him for",2.1843536,26.385258
1,1,0.9939775466918945,emuru,8707,officials had formerly made private bargains,9.554695,-29.280163
0,0,1.4502790008918964e-06,iam,8207,named Brown .,-1.1301475,42.76071
1,1,0.9985852241516113,emuru,8204,"which to proceed , and the inquest was",-18.114338,-33.795765
0,0,4.273384077158049e-11,iam,8653,taxation not merely for defence and,23.182314,28.838234
0,0,4.414207221969946e-09,iam,10049,"moon was just rising over the rocks , then",-0.7935024,21.78139
0,0,6.039287114845138e-08,iam,9237,""" Where are we going , Mam ? "" inquired little",17.375462,6.5271087
0,0,4.7477635156667475e-09,iam,8773,contraction of the ventricles . Going on in Chapter Three,17.21484,30.33577
0,0,6.966233195271343e-05,iam,9862,""" Ever been to Fleet Street ? "" asked Bawley .",-4.4616857,13.437105
1,1,0.9989064931869507,emuru,7953,aimlessly along is more wearying than any-,17.398848,-13.239954
0,0,2.8298070901655592e-05,iam,9857,give me a ring at this number and I 'll,23.047504,14.4496565
1,1,0.9999769926071167,emuru,8655,"crown lands , the fees of feudalism",-23.277258,15.091308
0,0,6.931806524335116e-07,iam,8237,yet so strange were the circumstances that it was,12.431725,23.30241
1,1,0.9999805688858032,emuru,8650,those in authority to find some simple,19.878477,-22.789019
0,0,1.3841203738707009e-09,iam,8248,"of a railway will be worse than Ipecacuanha , """,12.947886,25.703299
1,1,0.9927728772163391,emuru,8634,"Calais , Cherbourg , Brest , Bordeaux and Bayonne ,",19.554472,-24.221947
0,0,0.02194017544388771,iam,9937,"unreadable as a rock . "" Let 's get over to the",12.397433,-29.707912
1,1,0.9997425675392151,emuru,8028,texts to support the thesis of R. Joshua b. Levi .,-14.081075,-28.50485
1,1,0.9996799230575562,emuru,9221,precious than jewels . Though Mofydd Owen,-0.6947533,-45.19202
0,0,1.9362460079719312e-08,iam,8540,waxed enthusiastic about Bouilla-,-6.85654,37.377857
0,0,0.00043722771806642413,iam,9035,"Finally , being so obviously on their own ,",-8.048993,-25.02623
0,0,0.00043661464587785304,iam,9626,on the estate was a major error :,-11.906589,15.90088
1,1,0.9999836683273315,emuru,9307,On the back seat Stan Hayball embraced,-17.65811,6.1067824
1,1,0.9999693632125854,emuru,8822,"on West Street , where a successful Sunday",-8.807547,-32.759575
1,1,0.9996386766433716,emuru,8946,"over his head and yawned agape ,",-7.513069,10.232632
1,1,0.9984524250030518,emuru,7992,into a dull routine . I have great,3.374055,-26.645271
1,1,0.9999686479568481,emuru,8486,"it and dry it , in which form , dusted",-6.6756454,-49.82164
1,1,0.9999977350234985,emuru,9636,"would be 3"" plenty , plenty sad "" not to be back",-17.041527,-35.237297
0,0,1.1451129466877319e-06,iam,9210,"reasonably . "" Start running punctual and where are you ? People get",-15.339888,14.228428
0,0,0.0002896740916185081,iam,9787,""" Oh , the Press , "" said Seaweed . "" Down here on business , Mr.",8.0545,29.120132
1,1,0.9999891519546509,emuru,8066,' The Holy Spirit manifested itself in three places :,-2.5299702,-18.58158
0,0,0.039174050092697144,iam,9197,"trees and bushes , that stood well out over the lake .",6.641991,36.278625
1,1,0.9999984502792358,emuru,7542,written in Greek . A modern text of the,20.173334,-23.368631
1,1,0.9949945211410522,emuru,10291,will contact your new doctor,4.3943973,0.21879984
1,1,0.999998927116394,emuru,7971,"As it is , with so much of our life already",-10.935271,-11.178653
0,0,1.0255176675855182e-05,iam,7840,the way to face life . To see all the latent,12.447188,33.055332
1,1,0.9971057772636414,emuru,8701,"first , the Church , which wisely followed the lead",1.6333477,-24.824087
0,0,0.0001340624876320362,iam,8122,be accidental . Yet there will always be some,3.132612,30.389559
0,0,1.3956182556285057e-05,iam,9183,"any rate they remained with us , perhaps",11.715604,19.341515
0,0,0.0014281669864431024,iam,10209,dancing with a blonde at eight-thirty that,7.2786937,20.82048
1,1,0.9998881816864014,emuru,7654,"Then the whole earth will be His Altar . "" And it",-5.967167,-17.56144
0,0,0.0006891798693686724,iam,9196,"was impatient for it . This afternoon , then , we climbed",6.4987807,34.616795
0,0,1.4417515792342073e-10,iam,8466,"According to Pliny , and others , certain herbs",12.182969,12.218021
0,0,4.6450069930870086e-05,iam,7734,how to live and accept all the bitterness,-8.105112,31.817389
0,0,7.589422423848191e-09,iam,8396,delicacy - sought inspiration at last from,-16.991327,17.881231
0,0,1.2828200723902228e-09,iam,8640,then the primary essential to the success,29.462528,21.061682
1,1,0.9977770447731018,emuru,9201,""" Good-bye , Dai , "" said Morfydd , smiling from the bottom step .",4.305923,-34.97474
0,0,8.551750215701759e-05,iam,10192,Now Nigel had every right to go where he,-8.104175,25.328274
0,0,3.5707367618265096e-11,iam,8988,"know . Now , because of prior hypnosis we have es-",26.921408,21.41328
0,0,0.05500268563628197,iam,8266,victim was a woman .,5.0448794,34.610416
0,0,2.9722405092691417e-10,iam,8959,apartment he garaged his car and then stood,20.829262,20.125467
0,0,1.5332729219608154e-07,iam,9105,"as a statesman . """,8.000928,15.294275
0,0,7.977973268680216e-07,iam,8189,essential to catch round fish whose,-7.1175833,35.087063
1,1,0.99981290102005,emuru,9580,"from him to fondle Judy , who , sensing something",26.18074,-22.898773
1,1,0.9984545707702637,emuru,8519,proportion as exists among her,4.0834775,-14.516507
1,1,0.9999788999557495,emuru,8446,they broke fresh ground and called another sense,-3.0658808,-15.868936
1,1,0.9999992847442627,emuru,7705,back .,-17.099209,1.1372474
0,0,3.614059806977821e-08,iam,9238,""" Damned if I know , boy , "" said the driver .",8.558578,10.948482
0,0,2.792467768131246e-08,iam,7912,held a high and responsible office lived in,19.082758,32.969425
1,1,0.9999877214431763,emuru,10288,of Philip lying in the other,-6.026627,-47.269947
1,1,0.9999440908432007,emuru,8128,But this southerly migration is not,20.928276,-9.19696
1,1,0.9998506307601929,emuru,8869,"This opened up a new interest , and we plunged",17.55415,-27.996439
1,1,0.9999978542327881,emuru,8481,Among the natives of Northern Australia lizards,-12.712526,-37.340763
0,0,9.20606590959494e-10,iam,8458,fainting appetite and added a more exquisite and,3.177164,37.34833
0,0,6.335459943329624e-07,iam,9621,""" You think you could have carried more weight",8.156697,7.262232
1,1,0.999955415725708,emuru,9199,heart that Morfydd was leaving him as surely as she was leaving Dinas .,-10.309663,-40.423134
0,0,1.7223324903170578e-05,iam,9339,the Heavy World become changed . Some die . Most live,13.478824,20.02419
0,0,1.0904567249170327e-09,iam,9491,miles .,-7.6055083,38.929287
1,1,0.999083399772644,emuru,9902,"for a hold-up as any , "" he said , reining in",14.647318,-25.001354
0,0,0.00014680791355203837,iam,9403,with their wings soon died away as the wonderful,-7.0899987,-23.111671
0,0,0.0029649396892637014,iam,9087,One wondered if this greater awareness of the physical cosmos might,2.760728,-24.919567
0,0,3.7684462768083904e-06,iam,10268,"They often had such a rendezvous , for",16.671476,-3.807048
1,1,0.9997891783714294,emuru,9589,"You see , it was , apparently , through a mistake",-12.531756,-30.0237
1,1,0.9999998807907104,emuru,8554,"household . Thackeray , of course , waxed enthusiastic",-23.608385,-11.20337
1,1,0.9998856782913208,emuru,9745,"famous Portsmouth hostelry , second only in historic",0.91906124,-26.298086
0,0,5.591504668700509e-05,iam,9668,being flung against the huge boulders did the judge,-17.362158,23.157858
1,1,0.9998511075973511,emuru,10345,then Philip was so certain that Nicholas,-12.772364,4.1414537
0,0,0.0007677447865717113,iam,8238,hazardous business .,-5.2825227,-56.34444
1,1,0.9990481734275818,emuru,8758,The only concession made in view of the,-17.792858,11.948437
1,1,0.8126359581947327,emuru,9906,But I reckon they 'll be too busy shooting at,-8.119042,-54.965427
0,0,0.0011252176482230425,iam,9902,"for a hold-up as any , "" he said , reining in",-22.220366,21.58869
0,0,1.8580873302198597e-06,iam,8173,"it , swimming at the same speed",16.969028,8.142424
1,1,0.9897235631942749,emuru,9651,did not act as though he found it necessary,12.414407,-15.946925
0,0,0.0002150728105334565,iam,7798,led us to believe . Laud was enthusiastically hated,10.169405,-0.6381893
1,1,0.9999617338180542,emuru,7806,a sense of reverence . The Prayer Book was to be respected,-10.914963,-19.386728
1,1,0.9999933242797852,emuru,9926,down with a shotgun outside the Palace,-21.99785,11.728777
0,0,3.680998972299676e-08,iam,9152,"if you ask me . Might be jaguar , might be ...",-8.060239,27.02539
1,1,0.9978852868080139,emuru,9603,Beryl tried to suppress the thought that this was,11.128576,-27.2074
0,0,4.472614500983241e-10,iam,8567,and a bowl of milk .,25.08823,22.082775
0,0,1.902989788504783e-05,iam,8008,the comment of Rami bar Rabh is quoted,-23.468884,17.094988
1,1,0.9975426197052002,emuru,8809,12 o'clock at night . At that time pastries and buns,18.506403,-17.991459
0,0,0.03337892144918442,iam,10096,with the cigarette packet which lay on the table,16.14822,-7.938611
0,0,4.5199016751595877e-10,iam,7544,text with absolute precision .,19.05448,21.569336
0,0,2.2800893617613838e-08,iam,8298,"Both her wrists bore the marks of severe bruising ,",-11.733313,27.2712
0,0,4.801184786629165e-06,iam,7952,we would find life considerably less exhausting,21.832003,-10.975802
0,0,0.00014883733820170164,iam,8229,"a verdict of "" wilful murder against some person or",-6.851519,-15.915636
1,1,0.9885011911392212,emuru,7933,"homes . It is easy , desperately easy , to lead",-7.0178432,8.863193
1,1,0.9999901056289673,emuru,8986,"take charge , as it were , of the minds of the",-10.253569,-48.203983
0,0,4.6528202801709995e-06,iam,9064,a Mocrat Senator with a seat on the,-10.990548,34.416233
0,0,1.0077193524082873e-09,iam,10074,seeming to clutch her heart . Gavin was,-0.28360164,41.846107
1,1,0.9999432563781738,emuru,9499,asking Jack - as a representative of the Vallin family -,3.9814684,-10.494451
1,1,0.9999983310699463,emuru,7817,unnecessary its fears were .,-0.06699946,-20.15772
0,0,4.394666575535666e-06,iam,9198,""" Good-bye , Morfydd . "" He sought to enfold her in his arms . But he was too late .",25.427698,-3.4230716
0,0,4.446942258873321e-10,iam,8692,means of that ' staple ' system which ensured that,30.390614,21.646858
0,0,2.2473104763776064e-05,iam,7571,The other form of book was the codex . In this the,-25.622002,20.674068
0,0,0.0006035678670741618,iam,7985,To have order does not mean getting,14.142719,-6.2419624
1,1,0.9999995231628418,emuru,7500,British personalities . Among them - Professor,-0.6340533,-47.43846
1,1,0.9962122440338135,emuru,9997,"boy , then a young youth . He saw himself refusing",12.204398,-17.476002
0,0,4.8582267481833696e-05,iam,9874,talkative lady Madeleine respected her husband's,-9.809149,24.303675
1,1,0.9999220371246338,emuru,9675,""" My God ! "" the judge cried out . "" The boy",-14.554689,-20.329424
0,0,1.647151526285029e-09,iam,10143,broken arm .,-9.666549,38.51434
0,0,5.703462193196174e-06,iam,8504,"and of Goja : it is vivid , highly coloured , sometimes",-15.157879,32.99889
1,1,0.9980280995368958,emuru,7773,able to render an account of their faith according,-5.690823,-30.89102
0,0,2.0813136870856397e-05,iam,7896,"inability to deal with life , especially under",25.73918,-10.905548
0,0,1.1065103535656817e-05,iam,9925,With something of a start I remembered the,-16.040377,25.019428
0,0,0.0002011297328863293,iam,7600,enlarged to become reservoirs or cisterns in,21.195969,-6.3825274
0,0,3.4039765068882843e-06,iam,8808,dously hard work was if anything intensified . George used to,-7.1929607,-23.763866
1,1,0.9995670914649963,emuru,9839,"Service matters . """,-15.331905,-2.3489223
1,1,0.9999895095825195,emuru,8532,and aesthetic as well as physical . There is the same finesse,-14.682255,-23.982944
0,0,4.864890608413663e-12,iam,8479,peoples have a high opinion of the octopus,23.79183,24.284182
1,1,0.9998169541358948,emuru,10008,"hunted eyes , as if the poor fellow had rocks in",8.3656025,-14.126234
0,0,7.357399681495735e-06,iam,8241,"The next female fatality occurred eight years later ,",8.768634,14.162426
0,0,4.436337963653614e-09,iam,8429,"how to do it , too : - When the languid flames at",-2.1849635,35.75132
1,1,0.9999239444732666,emuru,9252,"he cried . "" Never mind your immortal",-27.42449,17.943098
0,0,3.7847548810532317e-06,iam,8255,"immersion in gloom , and the clash of reverberated",10.282072,31.697275
1,1,0.99989914894104,emuru,7959,it becomes possible to work out a system,-6.9172883,-41.84587
1,1,0.9999096393585205,emuru,10285,room filled him with a re-,4.2033978,-38.408558
0,0,7.581554086755204e-07,iam,9778,printed at the head of most naval articles,4.723031,2.419713
1,1,0.9990949630737305,emuru,7616,Such a Shamir possesses the real acid,-15.466893,-31.346018
1,1,0.9999817609786987,emuru,8052,whether the Heavenly Court concurred,-15.350741,6.2957807
1,1,0.9932084679603577,emuru,9736,"what he likes . Anyway , why pick on you to succeed",-16.796267,-34.091686
0,0,1.605983379704412e-05,iam,7715,"so are we deficient without spiritual knowledge , and to",9.444482,22.884373
0,0,0.012572729960083961,iam,8673,"booty , a new group of Lords might oust",-7.8957515,-55.925888
0,0,7.553753675892949e-07,iam,10197,"found they were off duty together , and",7.1429973,13.583973
1,1,0.9999675750732422,emuru,10030,went quickly back to fetch them .,-16.441679,-20.223015
1,1,0.9999305009841919,emuru,10190,when she was not free ; this much they had,-18.783981,-20.967485
1,1,0.9218228459358215,emuru,9825,"John flushed . "" I 'm not in need of charity . "" "" Come",-24.2493,17.276169
0,0,5.074296495877206e-06,iam,7917,that it taxes the mind . Two hundred,14.468754,-1.659335
1,1,0.99992835521698,emuru,10103,and no doubt he would come back soon and,9.771676,-5.894661
0,0,7.129650342330152e-11,iam,9590,hardly have spoken with more contempt .,27.827065,25.538105
0,0,3.508879160563083e-07,iam,8370,"dishes , and for all the blossoming of the",2.5504503,18.70138
0,0,1.5630666894139722e-07,iam,9059,"salary raise , on the expectation of which they",-15.110595,23.72235
0,0,0.00011312321294099092,iam,8140,but quite apart from this wind effect,21.64582,-5.5152493
0,0,1.2203111509734299e-05,iam,9347,"stubbornly , throwing himself down . But Lily-yo and",12.387632,16.857367
0,0,1.9595354388002306e-06,iam,8341,the progress of civilisation which allows a dish,29.295343,26.802027
0,0,1.4928257741075868e-08,iam,8192,"small , a matter of a foot or two . With round",-0.93895674,21.024107
0,0,0.003658181056380272,iam,9408,"Motion there was , but motion without event - except",0.18701814,-17.75567
1,1,0.9999996423721313,emuru,9878,"silences , for she knew they betokened a worry of",-3.593312,-22.414753
1,1,0.9999510049819946,emuru,9253,very moment when we should be,-6.594835,-12.709652
1,1,0.9999994039535522,emuru,8020,already in the hands of the Redactors .,-19.015776,9.705284
1,1,0.999984622001648,emuru,8389,nowadays their simplified meals would seem quite,-19.383575,-10.013502
0,0,4.628178373877745e-07,iam,8379,"generously enough in his own fashion ,",-9.027907,33.77667
1,1,0.9999996423721313,emuru,9107,"That 's how he got the votes , that 's how",-3.3508039,-13.338021
1,1,0.9934496283531189,emuru,9306,"Megan Thomas sat tight-lipped , nursing",5.4871063,1.256965
1,1,0.9997764229774475,emuru,8072,One can remember with horror the pictures of the,3.3582902,-22.53068
0,0,5.666124138770101e-07,iam,9013,a new and strange phenomenon .,5.969592,9.890827
0,0,2.8593794922926463e-06,iam,10180,"evening , "" If we get married , old girl , you 'll have to stop",-26.482826,21.00032
0,0,8.358345439773984e-06,iam,7975,By this means they avoided each,21.618849,13.626314
1,1,0.9999940395355225,emuru,8956,side to side .,-1.1726551,-7.977537
0,0,1.0627905311366703e-07,iam,8364,meal-times of a simpler world to the,-4.9826293,36.347523
1,1,0.9999847412109375,emuru,9115,so sharply in international politics were as abstract,-18.373,-13.766711
0,0,2.9505815746233566e-06,iam,7950,the end of the day with far less strain if,24.978415,-11.403644
0,0,0.002302284352481365,iam,7626,The action of the Shamir writes books and their,9.08039,28.05128
1,1,0.9999983310699463,emuru,10075,the terrace thinking that perhaps Gavin,-0.008652826,-7.295615
0,0,0.00015352330228779465,iam,9994,and forks and tidying up implements . It might,-17.526905,29.545261
0,0,1.538389187771827e-05,iam,8016,R. Joshua b. Levi . The proof text for the,-12.177714,25.13878
0,0,1.5413436358358013e-06,iam,7966,for this . I know how much of a drag it can be,-5.0359535,26.317745
0,0,2.3148032823883113e-08,iam,8254,gave others a feeling of danger . A medical journal,1.1476386,24.590864
1,1,0.9997010231018066,emuru,7475,"playwright Arnold Wesker . "" Instead , Muggeridge's appointment",-0.9304411,-34.014385
1,1,0.9999908208847046,emuru,8960,A superfluous precaution for there was no other car,-14.1003475,-38.0333
1,1,0.9999761581420898,emuru,7915,to live a day at a time . Even those who,10.845085,-22.443472
0,0,4.586009708873462e-06,iam,9274,regarded this possibility with,13.521357,1.6084671
1,1,0.999996542930603,emuru,8018,The sugya is built around the saying of,-18.998987,-21.092716
1,1,0.9999960660934448,emuru,7676,"aside , and serve other gods , and worship them "" ,",-22.075523,2.0623393
0,0,9.145612693828298e-07,iam,9371,well we can - think . This tribe of the True World,4.442069,28.127787
1,1,0.9999992847442627,emuru,8965,The set lighted-up but gave only a low,-17.609093,-6.431851
0,0,0.00011500332038849592,iam,10216,""" No , "" she told Phil Gubbins , a junior",25.722307,-9.097634
0,0,8.433156040155154e-07,iam,9871,"any time - knock twice and ask for Bawley , what ? """,-1.8417464,34.556545
0,0,2.146680162695702e-05,iam,8952,"transcendent event , the exalted desire of all",6.1208887,25.563871
1,1,0.9994258880615234,emuru,9711,"inches . Maybe big one four feet ,",-6.932833,17.305809
0,0,2.0159740543590488e-09,iam,8654,the private wealth of the monarchy,24.28446,29.981665
0,0,2.217784000890788e-08,iam,9419,Alastair was a bachelor . All his life he had,13.987441,8.517437
1,1,0.9999030828475952,emuru,9630,Their air of smiling somnolence showed them,-17.054628,-13.40046
0,0,2.1747408027295023e-05,iam,7627,"diamond that incises the hardest rock , the hardest",-16.724268,30.586143
0,0,0.0016839137533679605,iam,8197,the victim and inspecting at Waterloo the carriage,-17.39452,38.442776
0,0,1.7546591735140282e-08,iam,7528,"original was written on a roll , or codex , which fell into disorder or was",11.515965,7.0568175
0,0,3.681181937054134e-08,iam,9549,""" And I 'm heartily sick of being constantly called",1.3145931,26.926487
1,1,0.9999607801437378,emuru,9703,drag the boat ashore and turn,-11.273507,-49.831886
1,1,0.9998987913131714,emuru,9332,"Mutinous dog , thought the Rev. Edwards , who hadn't",-21.435492,17.826506
1,1,0.9998655319213867,emuru,9361,babies may be born with wings . ' The Captive with,-23.749533,13.712302
0,0,4.165223799645901e-05,iam,8938,"Then , abruptly , he drew himself up",-1.1493759,23.194975
0,0,0.0001232856884598732,iam,9574,You made some sort of a protest to Graybury .,13.114697,-2.3907592
0,0,4.2404862954370515e-10,iam,8477,"from eating it fresh , squash it , press",24.265274,22.063168
1,1,0.9999922513961792,emuru,8309,"The girl , who was described as being "" always bright and",-2.4278316,3.0394545
0,0,7.189993311840226e-08,iam,8367,groaned under its load of complicated,-1.850505,27.780931
0,0,9.84848758101009e-10,iam,8722,attempt to apply a sliding scale to the,12.671254,30.209074
1,1,0.9999985694885254,emuru,7801,"Forever associated with Charles is Archbishop Laud ,",-16.431591,4.3605046
1,1,0.9999274015426636,emuru,9210,"reasonably . "" Start running punctual and where are you ? People get",-0.50439686,-36.872967
0,0,3.2600735266896663e-06,iam,7956,out for forty years I find difficult to understand .,16.849644,-4.6207685
1,1,0.999997615814209,emuru,8034,need for the text of the angel are quoted,-12.329347,-14.772522
0,0,2.4234611828433117e-07,iam,10068,"then caught her breath , a cold hand",3.0978754,39.106136
1,1,0.9999837875366211,emuru,8479,peoples have a high opinion of the octopus,-13.23809,-37.775856
0,0,1.8252674749419384e-07,iam,9607,between what a senior and a junior,28.700274,19.040894
0,0,1.2933153437089118e-09,iam,9007,ting how the Thetan machinations had been,20.739748,12.183196
0,0,0.0007895759190432727,iam,7504,strike . It showed Britain today through the eyes,-11.384691,28.234606
0,0,1.641161095911059e-10,iam,10121,thought you were sensible too . Don't,4.857028,32.05414
1,1,0.9999579191207886,emuru,10022,"led the way in . "" The stained glass",7.710507,-0.36058733
1,1,0.9999924898147583,emuru,9674,"Willie Kim was speechless , only his slant",-10.64972,-11.833426
0,0,4.016728780698031e-05,iam,10291,will contact your new doctor,11.339921,4.7481995
0,0,2.1991487741956917e-08,iam,9781,"otherwise than take it . "" Pleased to meet you ,",7.711742,29.473654
0,0,1.995933196496935e-09,iam,7782,"definite . It was at this time , too , that King James made",18.207941,27.818302
1,1,0.9999963045120239,emuru,8118,accidental . Being contranatant or against,5.418795,-20.108517
0,0,1.295713536819676e-05,iam,8788,"thus synchronous with cardiac systole but ,",2.1999383,14.770623
1,1,0.9999691247940063,emuru,9563,to understand all the whys and,-6.6990237,-0.32143676
1,1,0.9995664954185486,emuru,8588,dish in which it was served . He turned # it over,-11.341174,-30.35797
0,0,0.0005005459534004331,iam,9995,His curious headgear fell off . Strange things,14.321885,-29.875704
0,0,2.5927396563929506e-05,iam,7601,orchards to the vital question of water,23.167002,-7.519254
0,0,1.641933408791374e-06,iam,9946,colour drawing . Between us and that lay,10.854954,19.543186
1,1,0.9998464584350586,emuru,9238,""" Damned if I know , boy , "" said the driver .",-6.290943,-11.920138
0,0,2.718985037120092e-09,iam,9510,north of the island .,23.02238,18.629005
0,0,1.4211202596925432e-06,iam,9868,"Master bloody Munyard . "" THERE were six submarines ,",-10.717673,41.039886
0,0,3.2219148124568164e-05,iam,9823,"why should you ? "" "" I see . "" John took the",10.961146,14.797611
0,0,4.011271357740043e-06,iam,8196,"in which she had died , there was nothing on",-5.8447576,31.70939
0,0,7.341867785726208e-06,iam,9298,"when he went to Morfydd's house , all",14.729022,0.9742447
1,1,0.999854326248169,emuru,8970,"Deadly stillness , deadly portent !",-4.6213536,-54.16841
0,0,1.783989063142144e-07,iam,7749,""" four cups "" to thank the Lord our God for the "" four",-10.778874,35.438713
0,0,3.3902099971783173e-07,iam,10342,of suspense . ' It will be interesting,24.43648,-5.4519415
0,0,1.715797504076022e-09,iam,9687,end of the wharf . But by pressing,0.016074939,19.814003
0,0,1.5174679901974741e-05,iam,9285,walking very dogged towards Llangrwl .,12.8764715,2.3183215
1,1,0.9991483688354492,emuru,9748,and tonic .,5.07934,-8.678745
1,1,0.9998230338096619,emuru,9046,"But not for long , for soon pedestrians and cars flocked upon",-11.216566,-24.854239
1,1,0.9999995231628418,emuru,9787,""" Oh , the Press , "" said Seaweed . "" Down here on business , Mr.",-22.842999,-16.691584
1,1,0.9901854991912842,emuru,8343,meat or fish burnt and roasted in the,19.093246,-23.038946
1,1,0.9999997615814209,emuru,7714,to learn . Education is always the most important task .,-15.188473,-10.469851
1,1,0.9993982315063477,emuru,8775,contraction of the heart and the apex beat occur in,-12.602225,-7.037322
1,1,0.9995017051696777,emuru,8046,original question and answer and this is quoted,-17.75403,-24.023516
0,0,6.655080930784152e-10,iam,8524,typically French .,-5.9045525,39.25831
1,1,1.0,emuru,9501,vengeance . She had expected to be met with violent,-12.989958,-17.547825
1,1,0.9999792575836182,emuru,10309,"fided in her , given some expla-",13.811504,-16.026564
0,0,4.279620952729601e-06,iam,9291,But disappointment awaited him . A,-11.473136,21.771187
1,1,0.9999805688858032,emuru,8120,"that find it if enough are travelling , just as",13.313747,-8.859281
0,0,0.00025349477073177695,iam,10298,scription for the sedatives . You,25.036459,11.012133
1,1,0.9854867458343506,emuru,9625,to have been guests at yesterday's,-12.658696,-28.581614
1,1,0.9995344877243042,emuru,8811,Soon they were good enough to sing at meetings .,-14.269035,-30.71986
1,1,0.9999173879623413,emuru,8182,was actually just off the bottom and was,11.987797,-4.2692475
0,0,0.0022790073417127132,iam,9342,and grow wings . Between the worlds are many strong,-20.741617,28.677721
0,0,5.754254850387497e-10,iam,8507,melody . The paprika and caraway perfume,-5.837697,39.104294
0,0,0.0006001766887493432,iam,10310,nation . Now there was no-,14.640822,-7.1289506
0,0,0.0254973191767931,iam,7691,"the problem of life cannot be solved . "" Therefore shall 1ye lay",7.040538,26.032131
0,0,7.47444275361886e-08,iam,10036,the excitement of meeting,3.2341576,33.13203
0,0,5.832214810652658e-06,iam,9213,""" Left here all right , "" said Ifor . "" Two-thirty-five , on the dot . "" "" It 's",-11.717451,25.819073
0,0,2.3871912162576336e-06,iam,7580,might be bulky . It is sometimes possible to tell,30.57088,25.770039
0,0,3.3818475912994472e-06,iam,8024,( This is probably to be understood as a well-,-8.974438,23.053381
0,0,7.340426183555238e-11,iam,9448,"left , Milan . The directional angle of the",28.63682,24.76252
0,0,4.305568523932379e-08,iam,8984,selves in their zeal to get their orders and to carry,24.225166,12.738152
0,0,3.657146589830518e-05,iam,8174,it reaches them . They move away before,21.753326,13.872413
0,0,0.00012689290451817214,iam,8999,they will promptly give us their hypnotic,4.2836514,-24.933056
0,0,5.937611646800178e-08,iam,7737,"principle and this gives us "" a wink "" ( Remez )",-0.4823182,29.632483
1,1,0.9999983310699463,emuru,10035,"pocket-book , with a sick feeling",14.768049,-16.22926
1,1,0.9995222091674805,emuru,9613,"pretty spineless ! """,-2.1383543,-28.930923
0,0,7.166670035196887e-10,iam,8473,A number of newly-born white mice served,23.100073,24.447668
0,0,1.2027746798537464e-08,iam,9832,""" Tell me who the little bird was . "" "" Can't",22.120733,16.337513
1,1,0.9866297245025635,emuru,8865,"After the First World War , 1914 , I did not visit",-5.4261627,-15.759905
0,0,4.2483248030578125e-09,iam,8485,"and the Chinese . The Celestials , apart",22.211313,16.7313
0,0,0.00011189054930582643,iam,8600,"The same man went to see Carlyle , and , after mentioning",24.518559,17.073235
1,1,0.9993307590484619,emuru,9044,"They followed him to a city bus stop on Carling Avenue , where",-13.054153,-26.486261
0,0,6.307559488050174e-07,iam,8775,contraction of the heart and the apex beat occur in,12.337716,34.312893
0,0,3.92224670520136e-08,iam,8395,intelligent selection and comparative,-12.825596,35.05095
1,1,0.9975926280021667,emuru,10181,been standing in for Luke Parsons at his surgery in,-9.91897,-38.227505
1,1,0.999121367931366,emuru,9562,""" Oh , drop that nonsense , Piers !",-13.572184,-29.779545
1,1,0.9999719858169556,emuru,8907,Chairman of the local War Pensions Committee . This,-13.749932,-18.793776
0,0,6.291891168075381e-07,iam,7738,represents Remez ; ( 3 ) Dipping-in represents,-5.0791917,30.550508
0,0,6.485330459327088e-07,iam,9155,"feeling , like I always get when something",1.5944736,28.789078
1,1,0.9997031092643738,emuru,7853,"Toyohiko Kagawa . Loving Saviour , who experienced",-5.167712,-43.470882
1,1,0.9999676942825317,emuru,9977,was never long on patience .,-7.689414,-8.555612
1,1,0.9999715089797974,emuru,7856,we are with Thee .,-11.775465,-11.214722
0,0,6.243407369765919e-06,iam,10069,hers in an intimate way .,-10.703293,29.484304
0,0,0.0011478338856250048,iam,9057,"Heaven alone knew when , if ever , he would be",17.574526,-8.476103
1,1,0.9999923706054688,emuru,8372,"tongues ; unreasonable surfeit , too , in the",-23.253284,2.3146827
0,0,9.692454477772117e-05,iam,9146,carefully casual . ' The servants are all on,18.411354,-11.533529
1,1,0.9988225102424622,emuru,9173,"to watch Mr Septimus more closely , Mrs",-10.3617935,-31.11053
0,0,1.474282612434763e-06,iam,8855,their candidate must go forward in the,14.016425,9.897421
0,0,1.1513521247508152e-09,iam,8217,for a man who had been seen leaving the train,20.382309,25.509357
0,0,3.2083755741041387e-07,iam,8206,a detailed account of his movements on the 11th . The dead,-1.3706139,33.340515
1,1,0.9951614737510681,emuru,10371,"the result being somehow as ineffective , not",-17.043886,-10.997371
0,0,0.04764725640416145,iam,9382,are slaves to it . Only an outcast is free . Because,11.280537,33.58833
1,1,0.9998832941055298,emuru,10175,"Sometimes they talked on the theme of "" when we get married "" ,",-9.740183,-28.8974
1,1,0.997223973274231,emuru,8029,There is no reference to the Mishnah here,3.8552518,-13.841615
0,0,3.436722909100354e-05,iam,9353,"Lily-yo said , doubtingly . The Captive with the",-14.500836,29.265793
0,0,4.675531783959741e-08,iam,8461,board . The gratification of the sense of smelling,-7.7418,37.129738
1,1,0.9986849427223206,emuru,7775,verily and indeed taken and received by the,-16.794184,-22.57357
1,1,0.9999213218688965,emuru,7591,"cannot think of an author , Mark for example ,",0.0408708,-27.445936
1,1,0.9999572038650513,emuru,9943,"a vast stretch of hills , canyons , buttes and",-15.537719,2.100469
1,1,0.996061384677887,emuru,9265,"is it ? "" "" Mutual recriminations will get",2.5583072,0.7562166
1,1,0.9999053478240967,emuru,9757,"gin ? "" He turned to Seaweed -",-19.01703,4.4384456
0,0,1.9690147290418736e-09,iam,8787,"ception , the more distal arteries pulsate",4.6706133,17.883064
1,1,0.9999397993087769,emuru,7468,She plays the possessive mother of a man whose hobby revolves,-9.58419,-50.24459
0,0,3.871642562103261e-09,iam,7512,arrived two hours earlier by appointment,12.574344,35.22638
0,0,1.2425084072731352e-08,iam,8981,"them out . Just what these orders will be , we don't",30.784399,18.200413
0,0,1.1878256624825445e-12,iam,8724,But this time there was a very interesting,20.821949,26.638428
1,1,0.9999312162399292,emuru,9731,""" So there you are , my dear . "" Peggy 's eyes filled",-17.886007,-21.79536
0,0,0.0009854472009465098,iam,9572,"the matter because , very naturally , you were",-13.342502,25.20957
1,1,0.9999642372131348,emuru,8185,Cover in the fast-moving trawl is considered,-9.5664835,-10.753382
0,0,6.323685374809429e-05,iam,10108,down to the beach . Gay closed her eyes for a,-9.150648,21.657557
1,1,0.9999756813049316,emuru,9988,were going on in his bewildered brain . When,1.2179718,-2.271604
1,1,0.9979931116104126,emuru,8282,"doctor , the woman , young , small , and rather plump ,",-5.808025,-38.464165
1,1,0.9999908208847046,emuru,9921,After all it 's them we 're supposed to be,-22.759956,10.726333
1,1,0.9997754693031311,emuru,8186,reaction to disturbance would be upwards .,-15.286033,2.996535
0,0,4.931060715307467e-08,iam,8117,The details are harder still to see .,20.355751,-2.2958534
1,1,0.9999809265136719,emuru,7495,Northern defiance . The cameras played continuously on his,-17.951864,-22.849264
1,1,0.999284565448761,emuru,9072,"evening , when he had been left to cook his own meal .",-3.9518309,-8.457689
1,1,0.9999912977218628,emuru,8311,long brown hair in a bun at the back of her head,-11.890083,-5.3863006
1,1,0.9999996423721313,emuru,8499,aromatics where the paprika insinuates its perfidious,-12.239188,-23.233213
0,0,1.991865588024666e-07,iam,7861,only a disturbed tossing and turning,-5.7729106,27.546972
1,1,0.9999898672103882,emuru,8954,upward and shook his head slowly from,-6.1886535,-19.890982
1,1,0.9996856451034546,emuru,9095,we might get GO a bit better if he entered politics .,14.892316,-12.277216
1,1,0.9999831914901733,emuru,9821,"he said . "" Expense account . You 're a married",-10.637063,-29.417933
1,1,0.7181717157363892,emuru,9206,damn bus .,-7.1186175,-55.750233
1,1,0.9993733763694763,emuru,7835,frightening possibilities and yet by facing,-5.265658,-23.73103
0,0,6.440177457989193e-07,iam,8832,One of the students was young,23.36057,10.202765
0,0,6.922782631590962e-06,iam,8346,How many centuries later did the mercenary in,22.006897,7.1015177
0,0,5.411972097135731e-07,iam,9286,the bus . He passed The Traveller's,13.031372,2.1519847
0,0,9.073090195821365e-11,iam,10055,"Lilyan remonstrated . "" They want to be",18.735666,4.0369587
0,0,8.208117519004077e-11,iam,8734,Again the resentment was widespread and,7.9843793,43.196407
0,0,2.5712042770464905e-05,iam,8002,matter on hand .,15.954855,2.7670069
1,1,0.9999974966049194,emuru,8746,those charged with the crime . It is clear,-11.238753,-14.457142
1,1,0.9888617396354675,emuru,7859,"we face life boldly , many of the shadows are",-8.8285675,-45.490437
1,1,0.999879002571106,emuru,9712,"man at catch 'em than Injun , Judge .",9.699464,-22.354921
1,1,0.9999953508377075,emuru,7643,"language . The Shamir is the "" seventh "" and",-0.67994666,-34.429867
1,1,0.9995018243789673,emuru,8024,( This is probably to be understood as a well-,-21.399097,-4.4674745
0,0,5.5499299600469953e-11,iam,8329,nothing the Chinese would not eat .,27.210484,23.61838
0,0,0.00028839794686064124,iam,7484,essay on soldiering which stated that a fighting,-17.634594,15.0443325
0,0,1.5114277607253257e-09,iam,8871,a village choral society and conduct it .,28.438328,19.123533
0,0,1.7128678475586412e-09,iam,8355,always been strong in mankind . The sharing of,32.539173,19.082756
1,1,0.9811815619468689,emuru,8166,aware of the moving footrope before,7.5068774,-14.88153
1,1,0.9999126195907593,emuru,7890,a burden to their families and their friends .,-0.36460698,-28.385717
1,1,0.9999464750289917,emuru,7480,"success last night in I T V's "" Private Potter , "" his",-7.1580987,-8.728214
0,0,1.9070856893677046e-08,iam,9561,"look as though it was only what you expected of me ,",23.799845,19.112305
1,1,0.9999593496322632,emuru,7529,showing that such changes are part of a,-8.768313,-12.863827
0,0,1.5316617307803426e-08,iam,8576,been blind to the charms of turbot and,-1.233972,42.940342
1,1,0.9982078075408936,emuru,10217,Nigel from the back . D.j. and all .,22.518984,-9.863549
0,0,5.204663011681987e-08,iam,8323,would not eat .,-10.71342,37.672844
0,0,7.800747994224366e-07,iam,8079,overcrowded and over-embellished drawing-rooms,5.1975045,-25.75409
0,0,5.746546958107501e-05,iam,8125,are drifted back into the normal home,14.976849,-4.2848287
1,1,0.9999997615814209,emuru,8586,Dante Gabriel Rossetti had simple tastes in food . At one,-5.220841,-38.478703
1,1,0.9999996423721313,emuru,8503,Schnitzel as well as dishes and stews heightened with,-19.341433,-14.083197
1,1,0.9999798536300659,emuru,8454,"perfumes , these refined voluptuaries aroused the",-17.7047,1.2869575
0,0,3.963911694881972e-06,iam,9763,""" Make it a large one , darling . I know the naval",22.766525,-1.0009733
0,0,1.9209435819789178e-08,iam,8155,"is strongest at spring tides , when without",-4.216536,32.88229
1,1,0.994804322719574,emuru,8688,journeymen and small tradesmen of the,4.128733,-14.305607
0,0,0.00022834245464764535,iam,7482,"date . "" ACTOR Tom Courtenay was an outstanding",10.803567,18.000969
1,1,0.9999901056289673,emuru,7756,"eating Matzos in Egypt and the "" Feast of Matzos """,-4.5092793,-17.967829
0,0,3.3135866273070747e-10,iam,8751,the suggestion that the rich should help,6.8821173,40.347218
1,1,0.9999967813491821,emuru,9098,"plump hand towards her grand pianos , etc :",-8.489169,-10.101928
0,0,2.0234162434462633e-07,iam,8403,"Does one , however , know who first thought of boiling",-20.637358,16.283062
0,0,3.4214891336814546e-11,iam,9503,"coming back from Barbados so soon . "" Beryl",23.441214,27.048447
0,0,0.0033630800899118185,iam,10012,been attending some kind of fancy dress do,13.651645,-3.2853088
0,0,8.488359754671437e-13,iam,10128,married life going to be like ?,19.390738,21.03063
1,1,0.9999669790267944,emuru,9899,thinking what a skill he had for reading,-6.4798956,-18.315866
0,0,3.800467940351382e-09,iam,8720,borders between private and public purse were,27.762947,10.317342
0,0,0.005185027606785297,iam,10142,I can for him so that she can get out to do her shopping .,-8.860932,-31.055965
0,0,0.004153909627348185,iam,8165,"be by actual contact , or by sight reaction to the disturbed",3.6050246,11.293357
0,0,6.3441939346375875e-06,iam,9982,"observed Dan , shifting about in his saddle . He",5.833816,23.00342
0,0,0.007719968445599079,iam,7459,"I don't think he will storm the charts with this one , but it 's a good start .",9.492936,27.825718
0,0,0.0001658235996728763,iam,8172,that of flat fish on the bottom .,14.109703,4.881747
1,1,0.9982293248176575,emuru,7866,"the mind . Very few people , under normal",-7.205282,8.438328
1,1,0.9999988079071045,emuru,8031,by the Gemara in support of R. Joshua b.,-8.783312,-20.089895
0,0,1.8173451508118887e-06,iam,7907,"months , even a Prime Minister could go to",12.505335,36.57133
1,1,0.98405522108078,emuru,8935,"hollow , and the news that Byron had left",20.340382,-25.3663
0,0,9.077609320229385e-06,iam,7905,made this century is the way in which illness,17.882215,1.4770627
1,1,0.7847343683242798,emuru,8765,In Chapter Two he gauged the nature of the heart's movements,9.978205,-28.463146
1,1,0.9999328851699829,emuru,10342,of suspense . ' It will be interesting,-0.49700618,-27.155687
1,1,0.9999315738677979,emuru,7880,"the washing-up - while others , if they",0.8209571,-21.28476
1,1,0.9996790885925293,emuru,9538,on his taking her out in the jeep -,13.321638,-21.30049
1,1,0.999998927116394,emuru,8474,like a prairie oyster is considered a,3.250682,-7.0198836
0,0,6.586966527777349e-09,iam,8512,"essentially French , and , irrespective of",-2.6338174,31.945576
1,1,0.9999780654907227,emuru,9130,neurosis and not in some eruption from those,-16.275461,-28.965164
0,0,8.054369393661887e-10,iam,8325,told us that there was nothing an En-,20.558266,25.967138
1,1,0.9995830655097961,emuru,8591,"with Dickens says the menu was Whitstable oysters , a brown",-9.412625,-48.970985
0,0,4.7624134822399355e-06,iam,8351,than mere converse has always been there .,17.087116,7.1602764
1,1,0.9998892545700073,emuru,7647,come across human Shamirs and they leave,-10.491742,-37.523106
0,0,0.0005106729222461581,iam,8771,"of the apex , the thickening of the heart walls , and",10.358712,34.59105
0,0,1.539720989596205e-10,iam,10022,"led the way in . "" The stained glass",20.691746,20.246813
0,0,3.3723900116910954e-08,iam,9086,allies being more inferior than formerly to W.C.U. in the,26.40005,-10.126849
1,1,0.9993811845779419,emuru,8106,echo-sounders . Bottom crowding comes when they cannot reach,-20.704752,8.548322
0,0,0.0005733788129873574,iam,9733,sick . Just because he 's an Honourable he can do,-19.343187,19.302864
1,1,0.9999862909317017,emuru,7862,which causes them to wake feeling worse,0.8464785,-10.254002
0,0,1.1835847857355475e-09,iam,9518,"Jack and Blanche were quick to sympathise , and to",25.088345,19.954601
1,1,0.9999895095825195,emuru,10268,"They often had such a rendezvous , for",6.5229883,-5.258912
0,0,9.490795649380601e-11,iam,10037,Gavin and the girl who had got,15.891145,13.0525465
0,0,1.3312459858430548e-12,iam,8736,far away from the capital in a town with,20.766739,29.273369
1,1,0.9908347129821777,emuru,9212,"supposed to leave at two-twenty . "" "" Who says so ? "" "" Your timetable . """,-6.770778,-54.502613
0,0,4.055993940710323e-08,iam,8660,social services . A mediaeval oligarchy,-22.871603,30.981133
1,1,0.9999873638153076,emuru,9820,man with a couple of kids . Can't go wasting,-1.144117,-6.7498493
1,1,0.9999793767929077,emuru,8950,hands together between his knees and leaning,-13.499599,-22.73367
1,1,0.9999735355377197,emuru,7901,great deal of tiredness which comes from,23.603973,-12.486463
0,0,3.882199962390587e-06,iam,8239,were many people who believed that to travel,11.014325,15.031229
0,0,7.917255970824044e-06,iam,8592,which he washed down with beer . A writer who had dinner,4.5956693,23.004766
1,1,0.9966201782226562,emuru,7966,for this . I know how much of a drag it can be,-9.910713,-19.459177
1,1,0.9648954272270203,emuru,9422,faith which he was placing in her and,26.560339,-23.05097
1,1,0.9996862411499023,emuru,9792,"his glass . "" Fill it up , darling . Accuracy above",-4.4267306,-54.388947
0,0,0.00021830781770404428,iam,9255,"folded it , and glanced idly out of the",3.6809266,-18.326097
1,1,0.9999747276306152,emuru,9583,have had it in for Guy .,-20.044655,-28.344915
1,1,0.9999992847442627,emuru,7658,mind together we cannot solve the further,19.084005,-24.902899
0,0,0.003039909992367029,iam,9046,"But not for long , for soon pedestrians and cars flocked upon",-11.922746,-29.240368
0,0,6.220658987921013e-10,iam,8843,"socialism . With such men , who had the",22.870296,21.475672
0,0,0.0002165296027669683,iam,9360,as we are . Some may be born right . ',-14.739297,16.774961
0,0,3.3885388006638095e-07,iam,8055,part of the verse .,-14.59871,16.858847
0,0,5.8569632699345675e-08,iam,8511,possibly comparable alone to a gypsy,-6.144307,33.542587
1,1,0.9995284080505371,emuru,9023,Dan paced the floor . He seemed completely unaware,-14.965848,-13.716793
1,1,0.9999542236328125,emuru,8736,far away from the capital in a town with,-19.460943,-2.908872
1,1,0.9999600648880005,emuru,9793,"drop the rank - such a mouthful ! "" "" You 're",-19.914362,-29.585098
0,0,3.184512991083466e-07,iam,10313,"the word . Nicholas , Philip ...",19.063211,9.066674
1,1,0.9998148083686829,emuru,8880,"church was , it had its own atmosphere , and for centuries",-9.102571,-22.66581
1,1,0.9999980926513672,emuru,7507,Shelagh Delaney and Alan Sillitoe attacked,-1.8245881,-9.764626
0,0,6.169946118461667e-06,iam,8023,because the Mishnah deals with the,0.8153676,43.09938
0,0,9.608794061932713e-05,iam,10170,""" There are all sorts of wonder-",-6.7129927,9.303441
1,1,0.9999346733093262,emuru,8080,numerous other crocheted pieces . It was some years,-2.7244065,2.4492035
1,1,0.9999954700469971,emuru,9659,"triangular sail , and to the judge's frightened eyes , so",-15.4475355,-35.289074
0,0,1.0682751963031478e-06,iam,9935,country that lay all round Gilburg Crossing .,-1.8826385,25.15587
0,0,1.1371035952834063e-06,iam,7922,"piece . Now a man may live twenty ,",27.03741,11.89971
1,1,0.9952682852745056,emuru,9836,"Regard this as a softening-up process , and",-0.13447782,-34.188835
1,1,0.9996724128723145,emuru,8977,overtone that sang in his ears with an,-20.527681,12.509934
1,1,0.999998927116394,emuru,8580,of having his turbot removed first .,-2.625062,-14.787014
0,0,4.575791081151692e-06,iam,9258,"Rev. Edwards . Now he put down his paper ,",5.8291726,1.9192852
1,1,0.9998365640640259,emuru,9568,""" If you want my true opinion I 'll give it .",-12.685538,-31.873161
0,0,2.6780128337122733e-07,iam,7849,"dwells in my hand , Knows this",22.708866,7.840769
1,1,0.9999500513076782,emuru,7861,only a disturbed tossing and turning,-9.205753,-9.231018
0,0,1.1243232620472554e-05,iam,7890,a burden to their families and their friends .,15.748641,-0.8942886
0,0,5.458172381622717e-06,iam,7507,Shelagh Delaney and Alan Sillitoe attacked,5.550277,12.817156
1,1,0.9999661445617676,emuru,9737,dockyard and now that she 's ready for sea he goes,-21.791117,13.014388
0,0,0.019557783380150795,iam,10184,"with it was coupled a disembodied fragment of information ,",-6.190306,-28.347948
1,1,0.9999980926513672,emuru,8323,would not eat .,-19.828884,6.117124
1,1,0.9999973773956299,emuru,10197,"found they were off duty together , and",-0.18121767,-8.36484
1,1,0.9958658218383789,emuru,8953,mankind through all ages ! The Kingdom of the,-18.638147,-11.299137
1,1,0.9999872446060181,emuru,9250,"his head . "" God bless my immortal soul , """,-20.205667,-15.086386
0,0,0.002015800680965185,iam,9941,The air was fresh and clear and you,-18.403095,18.608845
0,0,4.211007720300586e-08,iam,8913,life .,-4.2631946,33.112347
0,0,3.1550553103443235e-05,iam,8847,mined and obdurate in their attitude that,14.802846,27.242466
0,0,4.197265752736712e-06,iam,9593,"flamingoes our first morning on the island . """,31.767069,13.465316
1,1,0.9999645948410034,emuru,7989,who does not always want to do,0.6176928,-27.366398
0,0,1.8135031254473688e-08,iam,9387,"come to you , Lily-yo , ' Band Appa Bondi added .",19.88107,23.313154
1,1,0.9999970197677612,emuru,8414,we hear of the fleshpots of Egypt,-0.56352013,-8.558943
1,1,0.9996880292892456,emuru,7904,"physical illness . There is , nevertheless , a",24.24547,-13.310799
1,1,0.9963613152503967,emuru,8985,""" The Thetans , "" he said , "" are presumably here to",-5.099676,-54.653316
0,0,1.0548371065510764e-08,iam,8823,the members . The B.S.P. also rented pleasant rooms,23.1431,10.806368
1,1,0.9998844861984253,emuru,8832,One of the students was young,1.674428,-27.383305
0,0,2.555895772804462e-10,iam,7527,"accidentally damaged . An editor , who was not the author , made what he",26.247849,18.94616
1,1,0.9999842643737793,emuru,7899,"of the mind is no longer feared or shunned ,",15.136476,-12.781816
0,0,0.00034893141128122807,iam,7707,Charauses ( a kind of fruit mixture in likeness of the,19.28564,-20.262793
0,0,0.02198939025402069,iam,9344,"' We know much , ' repeated the Chief Captive . ' Some",-5.7276645,18.993282
1,1,0.9999996423721313,emuru,10226,"suddenly in an upsurging of relief , "" that stupid",3.9981256,0.21168397
1,1,0.9996882677078247,emuru,8249,sorts of horrible illnesses brought on by the,-21.5774,1.6911721
0,0,3.90822560802917e-06,iam,8431,except by roasting and boiling . When,-9.545222,29.10347
0,0,0.00011309969704598188,iam,9402,new flesh and tendon strengthened . To sail up in the,6.843601,11.590899
0,0,4.276421883275816e-09,iam,7477,will be with Sir Roy Welensky the Premier of the Federation,14.720893,11.539201
1,1,0.9999972581863403,emuru,9936,""" Fenton or Somers , "" he said . "" Or the Town",-23.42608,9.880295
0,0,1.3343296245693637e-08,iam,8392,"of gorging the eye with magnitude ,",-9.871893,32.989864
0,0,7.974223080964293e-06,iam,9667,empty his lungs of stifling air and refill them,11.732545,28.390709
1,1,0.989326000213623,emuru,9397,We need such memories . So we ask you to go,-0.28156403,-44.297733
0,0,5.02395163231445e-13,iam,8714,"It was , therefore , a complicated and not very",33.728245,22.173338
0,0,0.014496322721242905,iam,9375,Captives rule the True World ? ' Lily-yo asked,-21.937029,-4.580237
1,1,0.9999642372131348,emuru,8920,"When he saw Trelawny's printed letter , Lord Sidney wrote",1.6302733,-36.72855
1,1,0.9999992847442627,emuru,9527,it out with Piers when a reasonable,-17.838358,24.48389
0,0,9.55379277911561e-07,iam,9483,He was able to trace the course of the river ; he,2.5490475,22.539433
1,1,0.9999969005584717,emuru,9159,"imagine the Christian martyrs twisting and shrieking ,",-4.1354074,-13.030005
0,0,1.555603823533147e-08,iam,7843,has something important to do with our,12.653792,32.917133
1,1,0.9993804693222046,emuru,8948,"thrust out , arms dangling loosely .",-10.131652,-46.873768
0,0,9.83796053333208e-05,iam,7853,"Toyohiko Kagawa . Loving Saviour , who experienced",17.92858,-4.2482634
0,0,5.5400917631232005e-08,iam,9996,Walking out of the chapel later on . Continuing,30.734972,22.171665
0,0,0.0008932932978495955,iam,7460,"CHRIS CHARLES , 39 , who lives in Stockton-on-Tees , is an accountant .",16.471468,28.930141
1,1,0.999998927116394,emuru,9999,dly decadence and absorption in debase-,-10.581248,0.5283355
1,1,0.9986995458602905,emuru,7765,remained . Other changes in the Book were equally,-7.1582994,-37.85127
0,0,2.864312773454003e-05,iam,9973,go and tell Nick Dowd we 've come to talk,-11.438831,34.10288
0,0,0.0009829819900915027,iam,9269,Morfydd Owen was silent . But she,-11.72422,8.637026
0,0,1.0189325621468015e-05,iam,8846,Just as the Labour Party had fought the,-4.1861534,24.916573
0,0,1.9815080687379805e-09,iam,8869,"This opened up a new interest , and we plunged",27.146963,20.27973
0,0,3.2154032769682317e-09,iam,8483,definitely a delicacy while Mediterranean,-7.7225275,42.884163
1,1,0.9999932050704956,emuru,9660,close to the rocks that it would be dashed,-3.7109804,-9.981129
0,0,0.015410656109452248,iam,7731,"more of the Torah and the Oral Tradition , our inheritance .",-2.3268306,23.212742
0,0,0.00026789752882905304,iam,8179,that the wave might be transmitted by the,24.310785,-11.73749
0,0,7.15987016519648e-06,iam,8868,Towards the end of my five and a half years',-18.123375,16.874573
1,1,0.9999934434890747,emuru,9547,"to make the presentation , I run the damned",10.5744705,-8.233109
0,0,1.5743032690807013e-06,iam,8534,The French have an inborn appreciation of good food and,1.5072727,36.44868
0,0,9.744651833898388e-06,iam,8848,There was no abatement in political,-3.9043398,21.695051
0,0,7.067793615991858e-13,iam,8738,most notorious third poll-tax was agreed,-1.5392401,36.63155
0,0,1.792923649190925e-05,iam,9022,"decided upon . Inside they sat down unbidden , while",14.334696,16.040981
0,0,0.0037898581940680742,iam,7648,"diligently unto my commandments , which I command",18.243723,-9.931623
0,0,1.8877313934240192e-08,iam,9512,"had had a thoroughly good time , and it would take them",24.531748,19.781574
1,1,0.9984446167945862,emuru,9465,miles from their destination .,22.993097,-9.370159
1,1,0.9999998807907104,emuru,10024,"flights back . """,-17.712297,-6.6149497
0,0,0.0016720829298719764,iam,8009,"( Actually , the Mishnah quotes two further proof",-4.7746086,15.951028
0,0,8.259696915047243e-05,iam,8803,He was a socialist and believed in the right,22.047556,-2.9172654
1,1,0.9999881982803345,emuru,8179,that the wave might be transmitted by the,24.195696,-14.058293
1,1,0.9980321526527405,emuru,8708,There were two other sources of public revenue -,3.8026612,-23.087034
0,0,1.05532418359644e-08,iam,10101,"dance , "" Doc's cheery voice came as a",2.9152164,7.5380526
0,0,0.0007492951117455959,iam,8763,"from the dissection of living animals , showing how these move-",-8.139835,-28.953754
1,1,0.986462414264679,emuru,8619,"When all seemed to be going well , a sortie surprised",-7.396931,-16.952059
1,1,0.9998396635055542,emuru,7549,impossible to say .,-10.615414,-24.055065
0,0,4.2258958241362873e-14,iam,8743,merchants who could tempt court and,21.743643,28.2133
0,0,8.127531145873945e-06,iam,8849,"Council meeting on October 16 , 1912 , George",-4.4224477,29.058172
1,1,0.9996832609176636,emuru,9657,"of a mile and a half , came the yawl under her full",0.8898788,-38.171543
1,1,0.9963029623031616,emuru,9254,"window . Looked again , eyes starting from",10.862354,-24.397429
1,1,0.9998964071273804,emuru,7740,the literal meaning of Pesach which,-16.574373,-14.047256
0,0,5.301043515260062e-08,iam,8565,bowl of milk .,0.67437834,42.909866
1,1,0.9999675750732422,emuru,9972,We didn't approach unchallenged . Just short,-21.82896,12.246364
0,0,2.8964391276531387e-06,iam,10141,"it ran . "" Your cards are lovely . I rang up Miss Harland",10.080386,17.347479
0,0,1.0205606498780995e-10,iam,9531,them . But next morning she insisted,27.608368,21.598831
0,0,2.0649911675718613e-05,iam,10005,"saw himself as a sulky , ugly , malformed , repressed",15.623081,-1.3739822
1,1,0.9998980760574341,emuru,10010,"He didn't know what to make of it , but it",-25.437805,-11.498262
0,0,2.0906209385884722e-07,iam,7650,"your soul . "" This may seem very good , but there",25.60849,14.16546
0,0,1.8078128050547093e-05,iam,7495,Northern defiance . The cameras played continuously on his,-15.736203,20.437325
1,1,0.9999998807907104,emuru,8534,The French have an inborn appreciation of good food and,-19.940676,-21.70014
0,0,1.3183314884201991e-08,iam,8505,"streaks of poetry , meat disguised under heavy and vehement",-4.801615,35.98284
1,1,0.9999856948852539,emuru,7523,Fourth Gospel by explanations based on assumed textual dislocations . The,9.825614,-16.425093
1,1,1.0,emuru,10028,There were few passengers on the plane and Gavin was,-23.901772,-9.8795395
0,0,6.99498503564655e-09,iam,9652,except in moderate compliance with his father's,20.493404,6.3347125
0,0,1.297607976624704e-08,iam,9131,GO ; but the reason probably lay in elementary,6.055512,33.06364
1,1,0.9999653100967407,emuru,8022,"From the above it follows that here , once again ,",-19.480299,-15.301259
1,1,0.9999994039535522,emuru,7571,The other form of book was the codex . In this the,-22.886732,10.4144335
0,0,0.004172893241047859,iam,9356,Where are your souls ? ' Lily-yo and Flor looked at,19.003515,-20.847755
1,1,1.0,emuru,9456,at the speed recorder . It seemed almost incredible that,-16.443514,-4.875164
0,0,5.2033079555258155e-05,iam,8853,"Liberals , they were going to fight the Labour",18.08342,11.742136
1,1,0.9999997615814209,emuru,8788,"thus synchronous with cardiac systole but ,",-4.086577,-3.8188138
1,1,0.9928011894226074,emuru,10056,"can't find a table for two . """,-1.4140068,-48.453964
0,0,4.713461123628804e-07,iam,8086,is always from the north ) .,22.385284,-0.94090664
0,0,1.1643394827842712e-05,iam,8053,to the discussion but because it was,-9.918945,24.584171
1,1,0.9966482520103455,emuru,7934,the office or works wonder what they,-14.406708,0.6007102
1,1,0.9997250437736511,emuru,9220,"some dreadful ravine , or beset by",-10.040022,-1.9949322
0,0,4.533791980065871e-06,iam,9214,"the mask , now , Ifor did . "" Dai Pugh , "" he bellowed . "" Leap on your bicycle",-8.805046,26.625105
1,1,0.9999998807907104,emuru,10085,that he had only met a few minutes before .,-15.527456,-0.9374038
1,1,0.999957799911499,emuru,10210,"hours . If they get in before eight-thirty , even",-11.661861,-48.48692
0,0,2.8244742225069785e-06,iam,9768,the lounge or return to his bedroom .,24.201084,-0.603073
1,1,0.9999995231628418,emuru,9174,Caine too and Mr Gilberto who would ...,-25.020346,-5.23299
1,1,0.9999134540557861,emuru,7664,"gratify selfish aims , then each man will gather-in",-6.8131185,-20.96816
1,1,0.9999799728393555,emuru,8558,as well as the foods for which they have,-17.799284,-3.8020442
0,0,5.217424927650427e-07,iam,9662,with part of that howling northwest gale .,-18.809975,19.46471
1,1,0.9999840259552002,emuru,9065,"friend of hers having married Lester Peron ,",-8.1849575,-15.270201
0,0,3.3788933251344133e-07,iam,10061,"alone . "" "" I 've booked a table at the",18.8738,3.5564137
0,0,7.331331375315386e-11,iam,9169,"afraid , with a hoof shaped like the heel",14.524353,30.772724
0,0,3.619224344220129e-06,iam,8253,"said , "" the deafening peal of thunder , the sudden",2.830257,26.664326
0,0,4.773572186422825e-07,iam,9299,The conductor switched on the lights .,-12.796386,30.916021
0,0,5.894073562551227e-10,iam,8535,things that are typically French .,-4.274216,37.155087
1,1,0.999950647354126,emuru,9548,"to account for my manners , "" he retorted .",-20.820223,11.260534
0,0,2.2226782636636244e-09,iam,8962,abroad ; and no pedestrian to cross his path nor to wait,27.325285,20.588459
1,1,0.9712252020835876,emuru,8699,When the King and his Council required additio-,-2.316997,-33.725285
0,0,1.3495094890458859e-06,iam,8970,"Deadly stillness , deadly portent !",-2.7927828,28.231445
0,0,0.0060047279112041,iam,10225,"mouth , an act of devotion he didn't over-indulge .",-20.898087,19.941217
1,1,0.9756515622138977,emuru,8807,were sold at 32 pieces for one shilling .,-9.190074,-29.713997
1,1,0.9999957084655762,emuru,9739,bombs during the last war . Having deposited his,-2.3963225,-23.94182
0,0,3.3716264624672476e-06,iam,8001,thing at a time . A list or a plan enables us to,16.15687,-0.57236105
1,1,0.9940067529678345,emuru,8256,darkness .,12.408326,-6.0451503
1,1,0.9999977350234985,emuru,10149,to the man she had spent so much time,-3.7136655,-17.286055
0,0,0.00018364671268500388,iam,9573,"sake show a glimmer of reason , "" was his",-20.365911,18.622118
0,0,0.0019960913341492414,iam,9934,"Marshal , "" I added . His face was fixed ,",21.004593,-27.214033
1,1,0.9998027682304382,emuru,9420,obvious that she did not fail to appreciate the,21.872736,-19.42229
0,0,6.881169269945531e-07,iam,7933,"homes . It is easy , desperately easy , to lead",-5.8262596,28.231167
0,0,0.000565558613743633,iam,10283,he put back his professional,12.65799,4.522609
1,1,0.999915361404419,emuru,8065,on the saying of R. Joshua b. Levi which,-17.805443,-1.5957181
1,1,0.9999994039535522,emuru,9108,to him as those a lawyer makes in a court,11.731834,-20.156137
1,1,0.9999914169311523,emuru,8525,The French have an inborn appreciation,-24.4887,-7.345798
1,1,0.999994158744812,emuru,9495,"own veranda , that he had taken the liberty of",-22.871435,12.537366
1,1,0.9999504089355469,emuru,7944,write out all the necessary jobs waiting to,22.309464,-11.180358
1,1,0.9999798536300659,emuru,7608,with all his might and studies the,-7.9654255,-52.22704
1,1,0.9998781681060791,emuru,9145,"whose presence I could almost smell ,",-17.232658,-17.62905
1,1,0.9999864101409912,emuru,8810,"mix 100 stone of bread in 12 hours , and Kate served in the",-24.936317,3.2432334
1,1,0.9998902082443237,emuru,8059,become so well known that it was,-6.906846,-7.1471205
1,1,0.9578065872192383,emuru,8803,He was a socialist and believed in the right,7.253199,-3.0114205
0,0,2.4382120500376914e-07,iam,10360,the deceit . The lies . ',-7.1889043,40.264473
1,1,0.999983549118042,emuru,9363,' You see . You needed them no more . You are still,-5.390378,-6.4733944
0,0,1.0950321893687942e-06,iam,9831,"nothing to tell me , yet . But we 'll be meeting",5.3708997,15.159735
0,0,1.6733775476396318e-09,iam,9583,have had it in for Guy .,-0.74682593,26.320242
0,0,2.666864986622386e-07,iam,10253,"enquired , combing his thick , tawny hair . "" To bring",-5.098607,22.419506
0,0,1.1600182148185922e-07,iam,7679,"that your heart be not deceived , and 1ye turn",0.9327689,30.235884
1,1,0.9990548491477966,emuru,7821,the harvest of which may still be being,-3.3884258,1.7118354
0,0,5.896097499125119e-10,iam,9624,"and warm sympathy , as she explained",25.613392,20.095634
0,0,6.390717430804216e-07,iam,9809,trifle too comfortable and humdrum .,4.265979,25.330162
1,1,0.999901533126831,emuru,10286,"icy politeness , such withdrawn",-6.5532036,-48.257603
1,1,0.9999297857284546,emuru,7930,a ' double ' life without ever deliberately,-9.695836,-10.680791
1,1,0.9999970197677612,emuru,8027,actual practice of greeting by the divine,-21.259398,-21.996246
0,0,7.409672980429605e-05,iam,7519,the Synoptics can be reasonably solved by paying due regard to the time and,15.812064,-9.802097
1,1,0.9999890327453613,emuru,9102,we came through to 4makrodeb status and,-2.0293486,-7.6491404
1,1,0.9999819993972778,emuru,9371,well we can - think . This tribe of the True World,-8.156429,-5.2081494
0,0,1.2293861761936142e-10,iam,7926,pipeline of the railway on which they,25.5223,12.483064
0,0,3.280222538037947e-09,iam,8497,"fire , aerian creams , ingenious pastries and a",-4.576511,35.565792
0,0,2.7488870273373323e-06,iam,9780,nature - I assumed that you both knew who I,-14.868591,28.53536
0,0,2.842215690179728e-05,iam,8036,The question and answer with regard to the,-11.90955,16.030664
1,1,0.9998971223831177,emuru,8341,the progress of civilisation which allows a dish,17.481094,-28.184412
1,1,0.9999817609786987,emuru,7685,"yourself , under such conditions the goods are your gods .",-9.829619,-30.370918
0,0,3.0224802685552277e-05,iam,9904,"morrow as likely as not . "" I paused . "" Miss",-22.241348,16.35952
0,0,0.0019389118533581495,iam,9962,opened out into a wide shallow draw .,-21.746916,23.599756
0,0,1.9004266960109817e-07,iam,7924,travel day by day .,21.544159,11.06597
1,1,0.999968409538269,emuru,9763,""" Make it a large one , darling . I know the naval",-2.8064942,-25.223572
0,0,0.00018714407633524388,iam,9109,But privately he turned out to be as friendly as,8.837792,36.720505
0,0,7.916158938314766e-05,iam,8068,"Palestinian teacher , R. Eleazar ( 3rd Cent. ) :",-6.323257,19.26395
0,0,1.5368990716524422e-05,iam,9908,""" Yes , "" he said . "" I know . "" "" No harm must come",-10.312538,29.193724
0,0,1.518426806512707e-08,iam,10158,""" That is a pretty dress , "" Lilyan commented , obviously sensing",18.297615,18.633406
0,0,1.1576859471063017e-08,iam,8582,without going through the formality of having his turbot,-14.786474,13.977922
1,1,0.9999961853027344,emuru,10225,"mouth , an act of devotion he didn't over-indulge .",-12.155538,-26.343847
0,0,1.6516290557433422e-08,iam,9648,rocks in an' out o' de water .,-7.5241904,27.407225
0,0,2.09144536711392e-06,iam,9093,"country lawyer , and we were very small 4microdebs , weren't we ,",17.31311,-0.4892675
1,1,0.9999679327011108,emuru,8007,elsewhere .,-24.759298,12.295336
1,1,0.9987664222717285,emuru,8951,""" They have come ! "" he said reverently , gripping his",-10.9153,-37.36729
0,0,4.850120305377459e-09,iam,9872,a substantial breakfast . Although usually a very,-10.651748,40.477062
0,0,4.234223524690606e-05,iam,8754,Trebling the rate was arrived at by a simple,32.873013,16.182297
1,1,0.9952929615974426,emuru,8618,comparing the failure of a subsidized duke,-20.099962,-11.939519
0,0,0.004584621172398329,iam,9577,"idyllic surroundings . "" "" How dare you say",-3.4497607,-52.284256
1,1,0.9999936819076538,emuru,9642,We all know how Balicou Island dangerous,-21.834406,-21.906298
0,0,0.0004901065840385854,iam,8226,"Perhaps the news of their search got around ,",0.6583517,13.99738
0,0,1.222955688717775e-06,iam,7699,"ne through the mill , we need not teach them",31.854593,17.758205
0,0,0.020231883972883224,iam,8107,In this 200-fathom trench the herring do not touch the bottom .,-7.3420067,-25.38266
1,1,0.9999830722808838,emuru,8975,almost painful sharpness . He reversed and,-10.5960245,-27.049261
0,0,2.9290220027178293e-08,iam,9741,"empty , save for the lady known by all habitue",0.7473807,33.300014
0,0,2.4042428204557043e-12,iam,7838,"lives and that the nearer we get to Him ,",14.662697,34.945538
1,1,0.9999953508377075,emuru,7734,how to live and accept all the bitterness,-23.809765,-13.294932
1,1,0.9999790191650391,emuru,8301,no letters or papers found on her to assist identi,-9.402217,-12.812903
1,1,0.9999982118606567,emuru,8262,"The first was that of Mr Gold , in the famous",-2.4935546,-5.585279
0,0,1.1754227813298712e-07,iam,7947,"be done and then work quietly through them ,",16.848263,-2.224196
0,0,5.229687758401269e-06,iam,9771,"What are you waiting for , darling ? The officer is",18.278376,-0.84336025
1,1,0.9999955892562866,emuru,9013,a new and strange phenomenon .,-22.02655,10.301178
0,0,0.03295368701219559,iam,8993,There can be little doubt that if the,0.92369056,-18.790426
1,1,0.9988749623298645,emuru,10126,"Gay , and don't even contemplate throwing",-1.2318543,-24.077072
0,0,7.0695691647415515e-06,iam,7974,started day one again and so on .,19.279608,10.909906
0,0,2.6616942250257125e-06,iam,9091,"wives , romanced about him in his absence . "" Lester was a",26.364252,-10.307402
1,1,0.999961256980896,emuru,7951,"if she made a list , followed a routine of work",23.362984,-10.7069845
0,0,0.00013237832172308117,iam,9893,must continue as before . During this period the Captain,-5.055527,21.735266
1,1,0.9999681711196899,emuru,7826,of twelve or thirteen under the,11.323992,-7.056147
1,1,0.9999628067016602,emuru,9305,"Rev. Edwards , standing at the front ,",-14.790423,6.0892015
0,0,7.117485978369587e-08,iam,8552,"saffron , Soles , onions , garlic , roach and dace .",1.3700982,39.24823
0,0,4.121387398026144e-10,iam,8662,Social service as a function of government,24.612877,30.068947
1,1,0.9999967813491821,emuru,10025,"taxi . "" Just a moment , darling , "" Gavin pressed her",-8.900219,-21.895212
1,1,0.9895079135894775,emuru,9772,"yourself , "" she said with mock severity .",3.2529516,-19.303808
0,0,3.9316505535680335e-06,iam,8020,already in the hands of the Redactors .,-10.528397,22.650969
1,1,0.9999802112579346,emuru,8528,"writers , music composers and other",-9.995935,-8.765777
0,0,4.5424910360969406e-11,iam,8706,"at ' colloquies of merchants ' , and whose",33.82458,22.135986
0,0,0.0008661782485432923,iam,9388,Flor - this other man creature is plainly useless -,2.071655,22.995867
0,0,4.322438240667026e-11,iam,10129,glad to be able to occupy herself .,12.318999,12.326771
1,1,0.9999285936355591,emuru,8569,it # impaired the intellectual faculties . Bunyan's,-9.450001,-38.65098
1,1,0.9999687671661377,emuru,10027,"hand and smiled . "" I want to check up on the",-12.599645,-12.606843
0,0,8.880336821448509e-08,iam,8777,"and of the artery-like vein , and expulsion of the",17.055906,31.013496
1,1,1.0,emuru,8574,in food . At one dinner he is said to have,-11.197398,-8.154815
0,0,0.00762129994109273,iam,7463,""" My September Love , "" the big David Whitfield hit of 1956 .",8.1934805,33.87906
1,1,0.9999856948852539,emuru,8544,"could outdo ; Green herbs , red peppers ,",-20.742407,-0.80433446
0,0,1.8578577565264709e-09,iam,8216,"a dark moustache , and wearing a frockcoat",17.378227,26.135675
1,1,0.9970517158508301,emuru,9005,"some weakness , and find a way of fighting",-8.027881,-47.910324
1,1,0.9999954700469971,emuru,8407,his birthright to him for a mess of pottage - and,-21.670618,-13.37172
1,1,0.9999282360076904,emuru,7487,affairs . The Wesker interview will be seen at a later,-16.62463,-26.716246
1,1,0.9984560012817383,emuru,8344,ladies toying with these primitive morsels in the,15.077749,-24.021753
0,0,5.035466835168201e-12,iam,8633,of the French war was a navy in unquestioned,30.3123,19.102167
1,1,0.9999167919158936,emuru,7807,Or when he found cock-fighting going on in church ?,4.38744,-34.958797
0,0,0.00030164243071340024,iam,8089,"helped and hindered by water flow ,",17.889593,-3.1203992
1,1,0.9999940395355225,emuru,8905,' Coulsdon and Purley Patriotic Fund ' in whose counsels and committees,-7.942644,-15.242335
1,1,0.9999977350234985,emuru,10082,decided to go back and join Lilyan and,-22.849285,9.016943
0,0,0.0001906987454276532,iam,10080,"Gay stood irresolute for a moment , half",1.1473978,24.799932
0,0,2.904809548454068e-08,iam,10213,very evening ?,31.28621,17.347502
0,0,0.001167283277027309,iam,8812,"evening , when George went to speak at Malin Bridge ,",13.4714155,-11.918965
1,1,0.9994001388549805,emuru,9590,hardly have spoken with more contempt .,-13.543603,-30.935318
0,0,9.743125056749236e-11,iam,8324,dance ; nothing the German would,-3.1329033,37.328854
1,1,0.999953031539917,emuru,7679,"that your heart be not deceived , and 1ye turn",-20.666067,-0.8399464
1,1,0.9999915361404419,emuru,7497,"scene , ranging from pubs , the Eton wall game ,",-4.3614736,-17.729948
1,1,1.0,emuru,8428,"Anyhow , Homer does not seem to have known any",-11.612324,-6.103851
0,0,2.2759705231578664e-08,iam,10097,ging a smile .,12.178478,-29.70388
1,1,0.9999485015869141,emuru,9887,though in peace time these happenings are few and,-13.063323,-28.484146
0,0,7.259524863911793e-05,iam,10256,"what you 'd get , "" she flashed at him , and",2.8526328,29.367195
1,1,0.9999537467956543,emuru,9345,things we will tell you . All who make the journey from,-0.5868428,-15.769628
1,1,0.9963893890380859,emuru,8691,"None of these classes , except the yeomen , paid or",9.621552,-2.8529172
0,0,0.0001514697214588523,iam,10368,"just dusty-grey but muddy , slimy even .",2.8295605,6.0530157
0,0,6.497919979864264e-09,iam,8282,"doctor , the woman , young , small , and rather plump ,",23.52567,13.302398
0,0,1.1974538210779428e-05,iam,7800,"by Calvinists and Puritans , and the sentiment was",18.47812,-7.887235
1,1,0.9999997615814209,emuru,8886,"warming up by constant prayer and worship , and we",10.460714,-23.13873
0,0,7.447969255736098e-05,iam,8111,shoals that gather at the Knoll or,22.043,-6.207452
1,1,0.996309220790863,emuru,7814,"that their fears are groundless , indeed to us they appear laughable ,",-4.02627,-35.595936
0,0,0.00037121219793334603,iam,9426,so much confidence in her . Once again,7.9944844,-12.100237
0,0,2.483365733496612e-06,iam,7616,Such a Shamir possesses the real acid,15.010117,18.615305
1,1,0.9999959468841553,emuru,10083,"Larry's advice flashed through her mind ,",-13.297461,3.1482444
0,0,0.0001015650195768103,iam,8066,' The Holy Spirit manifested itself in three places :,7.3311925,11.196788
1,1,0.9999910593032837,emuru,8539,baisse and sang - This Bouillabaisse,24.073753,-15.274967
0,0,6.09730841460987e-06,iam,9136,"had to get to pay off their college bills , were naturally",13.9079895,18.566666
1,1,0.9978529214859009,emuru,8709,excess of the rate for native merchants .,9.010014,-3.4776917
1,1,0.9973220229148865,emuru,7822,"into themselves , so that they become",-7.1423764,-3.4016826
1,1,0.9999969005584717,emuru,8530,the gusto which they derive from gastronomy is intellectual,-19.574839,-19.16003
1,1,0.999850869178772,emuru,8023,because the Mishnah deals with the,-19.028593,9.978143
1,1,0.999929666519165,emuru,8649,"war , there was a constant stirring of",-20.47953,-8.726403
0,0,0.006328466348350048,iam,7706,And the tsitsits had a message sealed inside the knots,-16.87105,-18.615416
1,1,0.9998941421508789,emuru,7772,to the Catechism following ' were added . But Confirmation,-6.9322333,-52.711952
0,0,1.1088427953609425e-08,iam,8234,have been very thankful that the science of,6.7313914,16.782064
0,0,3.2311726627654025e-09,iam,8527,There is the same finesse about their,-3.1281886,44.74333
0,0,0.0016407272778451443,iam,9569,""" As your employee it 's not my business",18.658226,-20.367409
0,0,7.177249585765821e-07,iam,8354,"persisted down the ages , the motive that preserved",14.674596,42.4274
1,1,0.9999892711639404,emuru,8882,for prayer and quiet . In time we received similar,-4.3677216,-3.925517
0,0,3.284300956196695e-11,iam,8725,scale of payments was fixed for the,-0.9617986,37.68056
0,0,3.971835482730057e-08,iam,9479,"thought he could recognise the route of N12 ,",22.686285,14.936064
1,1,0.9999474287033081,emuru,8777,"and of the artery-like vein , and expulsion of the",-9.892186,-6.6043887
1,1,0.9999990463256836,emuru,9116,which had grown up during the Moon's,-14.452285,-10.770338
1,1,0.9999792575836182,emuru,9233,away at a rate of knots .,9.877864,-21.610802
0,0,0.0001499587669968605,iam,7940,necessary weariness . ( a ) Order makes for a decrease in tiredness .,6.2950025,-30.713747
0,0,0.00017614888201933354,iam,7976,Monday was day six and Tuesday,8.427928,-12.730927
1,1,0.9999985694885254,emuru,7673,seeking self .,-7.7116857,7.2542224
1,1,0.9972780346870422,emuru,9845,we give him the publicity . ' The Honourable,-7.39937,-29.393896
1,1,0.9985949397087097,emuru,9721,few moments later the yawl was upside,-5.339361,-42.734196
1,1,0.999995231628418,emuru,9449,turned the scale slowly to cover the,-25.439127,3.421221
0,0,0.0003280734526924789,iam,10230,""" What about it , my sweet ? "" "" Well , "" she laughed",7.7118835,26.671158
1,1,0.9999749660491943,emuru,8890,such a beautiful building with suitable fittings ; I made,-8.935778,-27.04666
1,1,0.9999998807907104,emuru,8555,in France as is tea drinking among ourselves and it is,-20.682224,-17.831436
1,1,0.9999998807907104,emuru,9203,Dinas Motor Omnibus Co. to ask what had happened to their,2.3684459,-32.528255
0,0,0.0021981606259942055,iam,10305,felt that part of her was leaving,11.0927305,3.7426703
0,0,7.877744792494923e-06,iam,7795,"the Jesuit , Fisher . But anyone who was friendly",-17.046616,13.966219
1,1,0.9999953508377075,emuru,8192,"small , a matter of a foot or two . With round",-0.93292516,-2.1563976
1,1,0.9999916553497314,emuru,9990,outbuilding where the grave digger kept his spades,-18.701088,11.453432
1,1,0.9998090863227844,emuru,7530,how this enlargement was effected nor has he,-24.341928,13.489058
1,1,0.9989332556724548,emuru,8296,forthcoming about any carriage with an open,-0.48854518,-24.972794
0,0,2.849604641141923e-07,iam,9201,""" Good-bye , Dai , "" said Morfydd , smiling from the bottom step .",-6.9191327,25.699778
1,1,0.9999982118606567,emuru,8908,task involved a very great deal of detailed work for,-20.226372,-20.706724
1,1,0.989244818687439,emuru,7696,"they may be as frontlets between your eyes . "" First to",-9.001328,-27.882198
1,1,0.9999805688858032,emuru,9014,foot to Dan's house . Dan came,-19.59295,-16.886038
0,0,3.3521956765980576e-07,iam,8557,"food , believing that it impaired the",-7.5209336,37.076885
0,0,1.0743445244543182e-07,iam,9474,along which he had motored so desperately little,-18.892408,17.110424
0,0,0.00012823982979170978,iam,9425,she checked back her instructions . It was,10.210004,-25.253973
1,1,0.9835532903671265,emuru,8093,the Fladen Ground ( where again most big,9.368188,-31.5423
1,1,0.9957746863365173,emuru,9510,north of the island .,15.7978525,-21.947844
1,1,0.9998610019683838,emuru,9573,"sake show a glimmer of reason , "" was his",-12.590794,-30.515076
1,1,0.9877739548683167,emuru,8482,of it in almost any provision shop .,-6.7614045,-54.662342
0,0,0.0063415952026844025,iam,10205,"I 've got to see 'em . If I am free , though ,",0.92791265,16.72768
1,1,0.9999971389770508,emuru,9068,"know , I had to send back our bedroom",-12.576391,2.4871337
1,1,0.9999948740005493,emuru,7789,became the foster mother of some of the most,-10.372557,-13.32911
1,1,0.9999920129776001,emuru,7719,the salt-water at the Seder-Table represents the Covenant of the Torah,-13.935255,-22.907322
1,1,0.9999964237213135,emuru,7631,"Lord , as the waters cover the sea . "" ( Hab. 2 , 14 . )",-11.785981,-16.973248
1,1,0.9969788789749146,emuru,9482,of the journey back to the place where every,1.4210876,-10.54759
0,0,0.0011938278330489993,iam,7596,A natural transition from gardens and,15.312462,8.228792
1,1,0.9998928308486938,emuru,7870,The mind tires first and conveys the impression,22.218182,-11.849035
0,0,0.016009965911507607,iam,8840,"with them , particularly those who , like the Rev.",-19.39956,34.885635
1,1,0.9999897480010986,emuru,9764,inside a submarine casing to defuse a Jerry,1.2422477,-25.269594
1,1,0.9999392032623291,emuru,8785,of blood from the wound . Arterial diastole is,-9.971548,-20.864079
0,0,0.00010332395322620869,iam,10134,to get out her compact and saw Grace's,-10.964262,-1.404583
1,1,0.9998502731323242,emuru,7910,sleep in blissful ignorance of what might,-3.6751184,1.5386086
0,0,4.443763100425713e-05,iam,9991,of the church where there was a small open,14.783141,5.803391
1,1,0.9999998807907104,emuru,7936,need to be handled correctly .,-15.462826,-6.938798
0,0,0.0019700429402291775,iam,9078,sphere of the sun . A matter which on Earth would hardly,7.14052,-16.35362
0,0,4.165239442954771e-05,iam,8031,by the Gemara in support of R. Joshua b.,10.352037,5.0805993
1,1,0.9997662901878357,emuru,10228,""" 5Ye-es ? "" he lowered his eyes and kissed her on the",-16.524973,-33.420742
0,0,2.1866873112230678e-07,iam,9984,Mr. Copthorne knew a way round by the side,-11.283402,36.653664
1,1,0.9995834231376648,emuru,7469,round a doll's house .,-6.161008,-0.8038815
0,0,6.848348971244533e-11,iam,8795,"said so . Being a craftsman and a skilled man ,",33.64258,22.113073
0,0,5.985270036035217e-06,iam,9043,"walked , or drove , or waited as a person possessed of",0.1313136,25.747673
1,1,0.9921984076499939,emuru,10240,to have an open quarrel,-21.474325,15.272757
1,1,0.9999767541885376,emuru,9276,"earth , and it seemed to her that she",-17.860546,5.029755
1,1,0.9999908208847046,emuru,9109,But privately he turned out to be as friendly as,18.467463,-22.355593
1,1,0.9999330043792725,emuru,9915,and have a look at the mining camp .,-21.440676,22.895872
1,1,0.9999768733978271,emuru,7727,"meek : "" But the meek shall inherit the earth ; and shall",-0.09907869,-15.733353
0,0,0.00012767502630595118,iam,9346,tigerfly is not a tigerfly until it changes . So humans,-10.625957,14.833724
1,1,0.9968197345733643,emuru,8961,loses its beat in death .,-8.3465185,-47.482307
1,1,0.999957799911499,emuru,9189,"mood . Even the Indian servants relaxed , knowing ,",-10.521112,-28.775785
1,1,0.9825787544250488,emuru,8635,"Brittany was compelled to attack via Calais ,",-8.729162,-28.679407
1,1,0.9998674392700195,emuru,8245,Some thought that the result would be all,-19.259039,-1.4524814
0,0,3.5689020627671653e-09,iam,9128,step . He looked as if nothing Moke and his,1.3741424,8.828113
0,0,3.117867890978232e-06,iam,8755,"arithmetic which argued that , as the first",-15.636016,16.733368
1,1,0.9999393224716187,emuru,10204,""" Bless you ! I hope Luke is suitably grateful , darling . "" "" Oh , well , """,-10.725333,-32.432487
1,1,1.0,emuru,8849,"Council meeting on October 16 , 1912 , George",-9.162255,-17.852049
1,1,0.9999053478240967,emuru,8220,"defective , and , despite his claim to infamy ,",-1.3891506,-12.520404
0,0,1.0451381058373954e-06,iam,9839,"Service matters . """,-21.068613,28.806755
0,0,0.001811609254218638,iam,9719,With four doing the job and the waves,-8.73433,22.29241
0,0,2.815748079143532e-09,iam,9689,"everything , when he wants to . """,17.084532,5.599098
0,0,0.0004705734027083963,iam,10347,origin of her recent illness . His notes,-11.602108,20.00366
0,0,1.6545238395337947e-05,iam,7993,the washing on a Monday .,23.594376,8.706037
1,1,0.9999275207519531,emuru,9381,command the knives of others . ' ' No hurt will,0.24058321,-6.5982366
0,0,5.987546014551981e-09,iam,10023,and her luggage had disappeared and they were alone,8.837283,31.65257
0,0,2.883868545442564e-13,iam,8739,by a Parliament which met at Northampton .,-1.7282784,36.721786
1,1,0.9999760389328003,emuru,8858,"Alf Barton , who in 1911 was presented",10.0275955,-28.363525
0,0,1.2070444199707708e-06,iam,8900,"became very urgent , and I was asked to be Chairman",-10.343647,18.05511
0,0,0.0007682238356210291,iam,9015,nor sound of flying saucers . So they,-24.990969,22.410246
1,1,0.9999984502792358,emuru,8423,"length subside , He throws a bed of glowing",-6.685106,-11.270575
0,0,2.9091622764099156e-06,iam,8784,"the ventricles , there is often forcible expulsion",-0.00072050036,28.698053
1,1,0.993759036064148,emuru,8037,answer or that our sugya is quoting from,-12.709411,-29.569265
1,1,0.999985933303833,emuru,9007,ting how the Thetan machinations had been,-8.095037,-50.747322
0,0,1.0272425576829392e-08,iam,9766,"came to the rescue . "" You haven't introduced",-7.38245,35.1038
0,0,1.721593798720278e-05,iam,8116,and fishing gear leads to an overall,12.479155,5.9456606
0,0,8.579893062687916e-08,iam,8954,upward and shook his head slowly from,3.876004,17.759975
1,1,0.9999418258666992,emuru,9961,over a fairly wide area working singly or,-22.939606,-27.81147
1,1,0.9971201419830322,emuru,7553,it is now used to mark a paragraph ending . Frequently,-9.327406,-20.612864
0,0,8.809212914684394e-08,iam,7724,Tradition .,20.036255,15.456375
0,0,3.099049763477524e-06,iam,9047,"as arranged , but he consoled himself by",16.14015,-9.562175
0,0,3.3538071875227615e-08,iam,8039,quoting a well-known question and,27.75518,18.135935
0,0,0.00973417330533266,iam,9134,"Stepping out in their white shorts , they looked glad enough",5.0964236,-17.421688
1,1,0.9999171495437622,emuru,9103,Sentence Database,-20.872658,-5.592541
0,0,1.32895229398855e-06,iam,8065,on the saying of R. Joshua b. Levi which,-8.477339,15.114605
1,1,0.9994192123413086,emuru,9002,on her part ; but he thought it a good idea,-9.51589,-48.58709
1,1,0.9913772344589233,emuru,10305,felt that part of her was leaving,25.890507,-22.795637
0,0,1.0696050622982511e-07,iam,8446,they broke fresh ground and called another sense,-4.1627555,31.388954
0,0,7.013342838035896e-06,iam,9910,men who 'll be after that coach I 'm interested,-15.002344,28.296488
1,1,0.9999984502792358,emuru,8913,life .,-5.230649,-20.14252
1,1,0.9999970197677612,emuru,8682,The people - Langland's ' folk ' and Gaunt's,-17.841555,-13.375125
0,0,1.9263485739884345e-07,iam,9745,"famous Portsmouth hostelry , second only in historic",23.469496,-3.0683463
1,1,0.9996390342712402,emuru,9413,"his own life , but Geoffrey's as well , to a strange girl",-9.052223,-47.992626
1,1,0.9999997615814209,emuru,9293,"few lone stars , and the distant earth",-0.2467098,0.3402906
0,0,4.6293889681692235e-06,iam,8903,co-operation especially with the other Christian communities .,5.7019234,19.9201
0,0,5.912363121751696e-05,iam,8901,"I found myself deeply involved . At first , the main work was to help",2.7321491,15.136929
0,0,2.966100328194443e-05,iam,8973,flying saucer was tilting and dipping over,17.32507,15.805993
0,0,2.7588064313022187e-06,iam,8596,but all the Chelsea philosopher did in return was to,18.31683,12.784023
1,1,0.9996234178543091,emuru,7695,"shall teach them to your children . "" And as we have go-",-6.4499226,-27.122665
0,0,2.766143325061421e-06,iam,9121,which might in time become social fact,-3.2708342,29.906712
1,1,0.9997335076332092,emuru,8815,they would be there to begin the meeting .,-5.6232,-52.6056
1,1,0.9999220371246338,emuru,8571,"had a great contempt for animal food , believing that",-9.072906,-49.55777
1,1,0.9999874830245972,emuru,7543,which is most likely to have been the original,-1.8256104,-1.4523523
1,1,0.9998134970664978,emuru,10013,""" You 're very early about , sir , "" he said , trying to",18.064234,-21.780128
1,1,0.9996324777603149,emuru,10131,"letter . She drew it out and opened it ,",-23.717398,-6.125371
1,1,0.9997327923774719,emuru,9591,"dares to stand up to him . """,-8.755668,-0.091170594
1,1,0.9999990463256836,emuru,9100,"at the same time a door banged - "" but don't",-8.536108,-18.234411
1,1,0.9998923540115356,emuru,9271,looked down at the fast-disappearing,-18.395897,-11.806928
1,1,0.9999977350234985,emuru,8550,"The "" pot-au-feu "" is as much a national institution",-20.065687,-13.804546
1,1,0.9998224377632141,emuru,10341,"her word . There was enough evidence ,",-10.552635,-2.612786
1,1,0.9999995231628418,emuru,9039,"First , it was Sunday morning ; and , second , everyone",-11.958691,-35.669804
1,1,0.9999997615814209,emuru,9738,months ashore while Pericles was refitting in the,-20.555668,8.882178
0,0,9.812271883902213e-08,iam,7539,THE Fourth Gospel was almost certainly,8.856574,30.567644
1,1,0.9999547004699707,emuru,7544,text with absolute precision .,-6.952423,-14.169138
1,1,0.99994957447052,emuru,9942,could see far over west and north for many,-17.714584,-15.825303
1,1,0.925098180770874,emuru,8633,of the French war was a navy in unquestioned,-15.853651,-32.046574
1,1,0.9999997615814209,emuru,10076,"Doc , while she wanted to do no more than",-15.95653,-1.348233
1,1,0.9970986843109131,emuru,8720,borders between private and public purse were,-13.25568,-3.6111047
1,1,0.9857184290885925,emuru,8754,Trebling the rate was arrived at by a simple,-17.610989,-28.650694
1,1,0.9999910593032837,emuru,8405,"make water hot by dropping a red-hot poker into it ,",-23.950954,-11.712954
1,1,0.9999852180480957,emuru,7726,11 ) . That gives us freedom from want .,-14.878298,-4.484251
0,0,1.444917518966804e-10,iam,8536,"The "" pot-au-feu "" is as much a national",11.036254,26.384949
1,1,0.9999909400939941,emuru,8326,Italian would not sing ; no music,2.4871938,-8.920012
0,0,4.671467195294099e-07,iam,8245,Some thought that the result would be all,2.92649,30.884377
0,0,1.6108390663016614e-11,iam,8623,the longbows of yeomen could pierce the,30.749023,19.48581
0,0,3.4227485912197153e-07,iam,7870,The mind tires first and conveys the impression,19.889004,-5.970956
1,1,0.9999866485595703,emuru,9075,"Sally made a mistake about me , "" he said one",-4.251738,-15.494161
0,0,1.4373878912010696e-05,iam,9251,"Immersed in the Dinas Advertiser , was the",-17.047457,24.44208
1,1,0.7494540214538574,emuru,9514,express their disgust at Sir John's abominable treatment,-7.3136935,-55.39006
0,0,2.667668219658026e-08,iam,8335,"many centuries ago , in some cave or hilly",14.694811,42.429707
1,1,0.999990701675415,emuru,8895,to put beautiful things into a beautiful church,-24.547169,0.32719487
1,1,0.9998434782028198,emuru,8911,"Indeed , for the next seventeen years , during my time at",-13.571261,-32.69214
0,0,9.04786884348141e-06,iam,10081,"loved her , was already flirting with a girl",-15.721004,24.595953
0,0,1.961221869350993e-06,iam,8182,was actually just off the bottom and was,16.63582,-2.672369
0,0,1.673862698226003e-06,iam,10322,what they were saying . Sandra,11.943666,18.255646
1,1,0.9999418258666992,emuru,9717,You look . Little one more as fifteen,-11.421728,-7.4511123
1,1,0.9999749660491943,emuru,9890,must present an unruffled appearance and carry on as,-8.675608,-21.743345
1,1,0.9999240636825562,emuru,10270,"if one walked slowly , between road and",11.518853,-9.924836
1,1,0.9935678839683533,emuru,8876,had been a House of Prayer . I could not but feel the,-0.9162788,-45.71107
0,0,7.760366571574195e-09,iam,8764,"the heart becomes generally constricted , its walls thicken ,",9.017079,10.711795
1,1,0.998824417591095,emuru,8085,the herring must continue to migrate over,-6.849958,-43.93935
0,0,0.0005485215806402266,iam,9182,Mr Septimus reserved and certainly very,11.185195,18.092424
1,1,0.9995505213737488,emuru,8176,"sea-bed , though the footrope in this case",12.073271,-13.291412
0,0,5.362576303014066e-06,iam,8191,but more films are needed to prove this .,-5.738142,27.223278
0,0,5.788169388232234e-10,iam,9070,"was a Static Mib , the middle-income-bracket equivalent",20.519846,16.27568
1,1,0.9999583959579468,emuru,7541,scholars who have compared the many manu-,-1.1388109,-23.943327
1,1,0.9999706745147705,emuru,9698,""" Willie , "" the judge said huskily ,",12.059058,-9.888748
1,1,0.9999829530715942,emuru,8435,from lifted urns .,-8.45673,-10.602619
0,0,1.779016156611135e-09,iam,8285,into the path of some train ? This hardly seemed,21.64577,15.37047
0,0,0.00011977832764387131,iam,7755,brought out from under the burdens of Egypt ?,-9.884515,14.651887
1,1,0.9999654293060303,emuru,9028,Heather and Steve tried to make themselves,-14.957967,1.6523012
0,0,2.458165226926212e-06,iam,9294,The beleaguered passengers peered out of,-11.40498,21.405836
1,1,0.9998822212219238,emuru,8792,"three auricular beats , produce a single",-17.187677,-12.106188
0,0,9.75758780441538e-08,iam,7631,"Lord , as the waters cover the sea . "" ( Hab. 2 , 14 . )",-1.9409902,29.973118
0,0,3.419322425202154e-08,iam,9505,""" I caught him just as he was going to the",0.882722,32.04901
0,0,6.271651642464349e-09,iam,9319,"pool and ration our supplies of food , if any . """,19.435316,24.335426
1,1,0.9999955892562866,emuru,9347,"stubbornly , throwing himself down . But Lily-yo and",-8.250864,-20.192772
0,0,2.7346623028279282e-05,iam,8101,gravelly soil of these many roughs where the spring-,2.9925458,7.7856855
0,0,2.813436003634706e-05,iam,7587,"over the binding , or the whole codex rebound .",5.1201954,-25.718363
1,1,0.9997285008430481,emuru,7599,supply . The pools are probably natural springs,-6.999473,-42.887646
1,1,0.9986634254455566,emuru,10000,baptism according to the sect his parents belonged to .,-8.811245,-46.89298
0,0,5.129185617902543e-11,iam,7553,it is now used to mark a paragraph ending . Frequently,20.612013,23.938013
0,0,6.836482498329133e-06,iam,7955,I am more than conscious of this . How anybody,4.5209765,-26.273447
1,1,0.9951266050338745,emuru,9824,"companion . "" You want me to talk , is that it ? """,-19.814695,13.551557
0,0,4.535039579423028e-07,iam,9051,"back on Moon again , and able to do",23.993557,-5.4172316
0,0,0.00028749971534125507,iam,7822,"into themselves , so that they become",11.434176,34.920307
1,1,0.9999977350234985,emuru,9743,baggage and unpacked his overnight-bag he,-16.044426,-25.547554
0,0,8.560286005376838e-06,iam,7864,"To others , the long hours of the night bring",-5.2398877,28.945393
0,0,0.0005099518457427621,iam,9369,"itself and declared , ' To be a good shape is not all",-5.1317987,19.021738
0,0,4.0481551444315755e-09,iam,8384,"Epicures and gourmands , sated by the unending",12.262952,25.028067
0,0,0.00044990453170612454,iam,7986,"It was a little complicated to work ,",21.687498,-5.450836
1,1,0.9959180951118469,emuru,10278,masterfully . ' You wanted it so,4.536459,-4.661653
1,1,0.9997856020927429,emuru,10316,Love . She revolted against,-9.034809,-45.724834
1,1,0.9992189407348633,emuru,10325,talking to Nicholas and wondering,5.7272224,-2.214927
0,0,3.0716004739694824e-10,iam,7764,"but those hopes were dashed . True , a new Prayer",26.91602,22.561848
1,1,0.999914288520813,emuru,8115,though somewhat dim picture .,20.941648,-8.319437
1,1,0.9999972581863403,emuru,8512,"essentially French , and , irrespective of",-20.480444,1.3206064
1,1,0.9983839988708496,emuru,9147,"' Something 's up , ' said Lord Undertone ,",-14.71917,-26.737217
1,1,0.9997201561927795,emuru,10259,then regarded the ring which he retrieved,17.428932,-14.216521
1,1,0.9999759197235107,emuru,9716,"huh ? """,-3.9076023,-2.6262805
1,1,0.9999713897705078,emuru,9795,know how you newspaper people value that commodity ! -,-13.224605,-25.230768
0,0,0.0001854158763308078,iam,8918,throughout . He had no sooner heard from Count Gamba,3.4532664,25.720312
0,0,3.082393507103376e-10,iam,7568,"was generally a single-sided form of book , and it was not",20.903543,24.129797
0,0,6.107061926741153e-05,iam,9327,"Stared back did Price the Provisions , unwinking .",-14.183418,26.899559
1,1,0.999997615814209,emuru,8941,his toes . He stretched his arms,-10.891905,-18.705826
0,0,0.0003417927655391395,iam,10210,"hours . If they get in before eight-thirty , even",-1.7409338,17.330738
0,0,0.0019858642481267452,iam,8123,fish at a certain spawning ground may,17.340998,-3.766644
1,1,0.988623857498169,emuru,8998,"I haven't a clue ; but , who knows ,",15.357238,-21.992163
1,1,0.999998927116394,emuru,8496,than is customarily imagined as well as entering human,-11.071887,-23.232468
0,0,1.361919714781834e-07,iam,9220,"some dreadful ravine , or beset by",13.374958,-0.5461396
0,0,5.309908033268584e-07,iam,7569,"overwhelmed Herculaneum and Pompeii in A.D. 79 , his",-18.529903,19.808353
1,1,0.9999884366989136,emuru,8187,would seem to be even more essential ;,-11.496385,-11.118359
1,1,0.9999904632568359,emuru,9895,if nothing unusual has happened . Harry Turton had,-4.9997144,-13.144713
1,1,0.999981164932251,emuru,9006,not have been entirely an objective suggestion,-8.2327,-48.90674
1,1,0.990630567073822,emuru,10002,"canery and corruption , the growth of the dea-",-5.8606887,-54.08996
1,1,0.999997615814209,emuru,10260,which had followed her slim young figure,16.741585,-12.814061
1,1,0.9999717473983765,emuru,8789,one can sometimes see it - so to speak,-24.700287,2.7230852
0,0,0.00031957903411239386,iam,10259,then regarded the ring which he retrieved,20.666988,-11.673881
1,1,0.9977548718452454,emuru,8239,were many people who believed that to travel,-12.922511,-21.111362
0,0,3.8896734722015935e-09,iam,9547,"to make the presentation , I run the damned",-7.3016267,38.502277
0,0,6.414133668641853e-10,iam,10084,Gavin although he had told her that he,-4.3425393,38.744774
0,0,3.907827874627401e-07,iam,8236,solution emerged . There has always been something,12.723269,22.913969
0,0,0.0016292266082018614,iam,8593,placing his food in his mouth and gulping it down as,1.1004012,-29.047174
0,0,6.88886325761473e-09,iam,8135,and Suffolk beaches .,21.386385,8.975748
0,0,6.430088461684136e-08,iam,9324,a great basket .,7.2751403,41.86698
0,0,8.017094210721609e-10,iam,9275,"fortitude , it now filled her with",-9.541056,36.717316
0,0,0.0024735748302191496,iam,7750,burdens of Egypt : How was it that Israel was,-19.494663,13.83749
0,0,1.1465114766906481e-05,iam,8177,indeed passing over some fish .,11.396163,5.2546844
0,0,5.640306881105062e-06,iam,8882,for prayer and quiet . In time we received similar,-12.879041,28.907959
0,0,4.508609663389507e-08,iam,9066,Board .,1.2711862,39.269196
0,0,1.5004543456598185e-05,iam,9187,"for such protection as our presence , or Mrs",-1.9143101,28.764065
0,0,2.598447508717072e-06,iam,7732,( This is the PARDUS . ) Matzo represents,-7.762048,30.59857
1,1,0.9743390679359436,emuru,9907,"in , Johnny . "" "" I know . But if lead starts",-1.5119109,-46.184765
0,0,7.668989887577027e-09,iam,7486,first big T V part . The play was a brilliantly-written,-3.8041515,26.786713
0,0,6.032578676240519e-05,iam,9943,"a vast stretch of hills , canyons , buttes and",-18.831404,15.850248
0,0,5.971876817056909e-06,iam,8482,of it in almost any provision shop .,-19.699505,16.02937
0,0,0.08062545955181122,iam,9615,I doubt it . He 's about as easy to push around,2.5371404,5.1304865
0,0,8.359203462759979e-08,iam,10152,her .,5.800398,31.585455
0,0,1.1111167097510588e-08,iam,9784,one in return and he was lonely .,16.430773,20.958796
1,1,0.9999996423721313,emuru,8529,"her writers , music composers and other exponents of",-12.610297,2.6091788
0,0,8.577627340855543e-06,iam,9332,"Mutinous dog , thought the Rev. Edwards , who hadn't",-14.5063715,27.297913
1,1,0.9933599829673767,emuru,9692,"reached the pier , the judge on legs",-4.9544697,-52.52375
0,0,6.287680065497625e-08,iam,8347,gleam and glitter of our latter-day restaurants .,29.042686,23.44898
1,1,0.9999994039535522,emuru,10055,"Lilyan remonstrated . "" They want to be",9.725467,-4.51947
0,0,4.888899596267038e-08,iam,9277,""" But Eth and me wanted to be",-12.419298,21.645079
1,1,0.9998272061347961,emuru,9611,"able destination . "" "" There 's a difference",14.989311,-24.46514
0,0,1.2911988960695453e-05,iam,9032,turned the tuning knob through all the,-18.160069,14.2697935
0,0,9.95213689236607e-10,iam,8259,"momentary shudder , or idea of destruction , a thrill",3.0004454,37.171352
1,1,0.9999991655349731,emuru,8547,prepared at least once a week in every bourgeois,-22.367142,-10.636862
0,0,8.663578654477533e-08,iam,8331,say ; nothing an Italian would not sing ; no,24.450638,2.0019727
1,1,0.9999674558639526,emuru,10011,"his head , so the verger described afterwards .",-3.1991026,-27.058378
1,1,0.9997038245201111,emuru,9202,"She was already up the bus steps , and the bus was away . And Morfydd Owen",2.4261162,-32.523746
1,1,0.9999997615814209,emuru,7563,reference .,-18.450386,9.115848
1,1,0.9999942779541016,emuru,9813,"ssing . You 're in submarines , aren't you ? """,-16.372595,10.1502495
1,1,0.9997766613960266,emuru,7816,"situation is frightening , and then to face",13.051881,-19.896585
1,1,0.9993454813957214,emuru,10358,' You can't forgive him for this -,4.680056,-1.6369387
0,0,5.2338506861815404e-08,iam,8494,one of its most classic features to the Turkish rule under,-15.280599,32.08071
0,0,0.013829002156853676,iam,9729,"said ; "" but I 'd better stop thinking that now .",12.296993,-22.025986
0,0,7.339834269259882e-07,iam,9453,particular area within its range . Geoffrey,11.321581,22.217108
0,0,5.231811872619119e-09,iam,8591,"with Dickens says the menu was Whitstable oysters , a brown",27.379318,23.443214
1,1,0.9993189573287964,emuru,8119,So the arrival of any particular shoal,-19.289343,-25.354338
1,1,0.9999748468399048,emuru,10080,"Gay stood irresolute for a moment , half",-12.911523,4.4865437
0,0,7.70687620388344e-06,iam,9677,"quick shift of tiller , and at the same time",9.141011,36.13178
1,1,0.9999980926513672,emuru,9507,said the first thing that came into her head .,-22.648182,13.066526
0,0,0.012719162739813328,iam,9942,could see far over west and north for many,4.998141,-13.102789
1,1,0.9999902248382568,emuru,10141,"it ran . "" Your cards are lovely . I rang up Miss Harland",-12.0359745,-36.464966
1,1,0.9999998807907104,emuru,9893,must continue as before . During this period the Captain,-11.169785,-9.48289
1,1,0.9997500777244568,emuru,8193,"find safety on the bottom , this cover",-4.3542542,-9.657917
1,1,0.9988093376159668,emuru,9733,sick . Just because he 's an Honourable he can do,-16.596083,-33.805473
0,0,4.236790118739009e-06,iam,10345,then Philip was so certain that Nicholas,-14.023037,1.3393291
0,0,0.00014509422180708498,iam,8817,they were able to obtain some respectable,11.096357,0.83323216
1,1,0.9998987913131714,emuru,10215,"NUF 121 . "" "" He probably loaned his car",5.89616,-1.9258661
1,1,0.991326630115509,emuru,9460,was resting could really mean hundreds of knots .,-5.905988,-54.52509
0,0,1.033322973853501e-07,iam,10188,seen in Farlingham on an occasion he had sworn he had,30.383533,15.208722
0,0,9.027577405236464e-13,iam,8750,"John de Kyrkby , a Londoner , was one of",7.8265953,42.548756
0,0,2.416191762222297e-07,iam,8983,caped Thetan subjugation . This time . But we no,18.201399,18.158361
1,1,0.9998408555984497,emuru,8437,Above the coals the smoking fragment,-2.7513714,-4.4800735
0,0,1.776526425967262e-10,iam,8476,"alive , dipped in treacle and swallowed",24.471733,24.080261
0,0,1.545024133520201e-05,iam,7963,A lot of it is inevitable so that industry and,14.911327,4.2722545
1,1,0.9999727010726929,emuru,8967,"... this is BBC calling ... """,-17.504993,-19.015902
0,0,5.0358125008642673e-05,iam,7717,cure our mental incapacity we should be willing,2.6906157,19.673988
0,0,1.7302755850323592e-06,iam,8891,"the architect , himself a fine artist . It is quite possible",17.76562,25.349613
1,1,0.9999960660934448,emuru,8378,"those days , as ever , ate sparingly , but",10.626235,-23.994026
0,0,3.4928460081573576e-05,iam,9725,"and then we 'll all get hold and heave . "" A",15.655587,-2.4587
0,0,3.2772849323237097e-08,iam,8332,would not do ; nothing an American would not,26.87497,26.809025
0,0,8.930331205192488e-06,iam,7461,Become a success with a disc and hey presto ! You 're a star ... . Rolly sings with,4.8377647,21.229805
0,0,1.0028710306642097e-07,iam,7531,The one real weakness of the Commentator's,1.8929157,31.969988
0,0,1.7514366845716722e-07,iam,9101,"got all these lovely things "" - she waved a",5.95292,17.047596
0,0,0.08448832482099533,iam,7669,selfish and think only of one's personal advantage to,-0.42432898,-13.404025
1,1,0.9999833106994629,emuru,10071,corner talking animatedly to Simone .,-20.428864,22.545624
1,1,0.9882877469062805,emuru,9995,His curious headgear fell off . Strange things,23.693048,-24.465778
1,1,0.9998832941055298,emuru,9998,"on , his leaping mind flashed pictures of chi-",24.416046,-9.937391
0,0,1.734268839648223e-09,iam,9184,we were all invaded by a most tranquil,16.15148,19.43095
1,1,0.9999886751174927,emuru,9679,"corner of the pier by inches , and",-21.190907,-15.558685
1,1,0.9999699592590332,emuru,7781,a Bible translation - the Authorized Version,18.85771,-23.785381
0,0,4.414126578922151e-06,iam,9977,was never long on patience .,-20.42911,24.383934
1,1,0.9999970197677612,emuru,8152,"Herring fishermen call this "" the outset "" . It",-2.6311636,-16.061892
0,0,2.421404872166022e-07,iam,9956,"four or five mile valley , sandy-floored . It",-1.1997596,24.146282
0,0,9.036243753257622e-09,iam,10241,"joking , Nigel . "" "" You shouldn't joke",6.3579726,9.910766
0,0,1.5242935660353396e-05,iam,10355,"can you ? ' ' Forgive is an unctuous ,",26.682995,17.711136
0,0,2.759168726829131e-10,iam,9243,depth in this particular instance . Fingered,20.931528,10.241124
1,1,0.9999988079071045,emuru,9408,"Motion there was , but motion without event - except",-23.11664,3.8479404
1,1,0.9992116689682007,emuru,9560,"and his pals down . """,-10.043421,-47.817505
0,0,1.3813493460190784e-08,iam,8910,and a series of excellent Honorary Secretaries . Our,8.29217,14.801992
1,1,0.9994387030601501,emuru,8800,"George won many prizes , and though some people",7.0397983,-11.8520775
0,0,6.082504569349112e-06,iam,7563,reference .,-16.71608,20.346563
1,1,0.9999862909317017,emuru,9079,penetrate beyond the minds of astronomers was of general,-2.8500013,-29.074717
0,0,0.0010272611398249865,iam,8090,great fisheries that depend on them :,22.70695,-6.2110457
1,1,0.9999969005584717,emuru,10090,"Simone on to the floor . "" It doesn't mean",6.244282,-1.408241
0,0,3.315625144750811e-05,iam,9785,He held out his hand and John could not do,4.638731,44.70153
0,0,1.367730061152539e-11,iam,8629,"battle was no substitute for a sound policy ,",28.952145,21.134132
1,1,0.9999918937683105,emuru,8216,"a dark moustache , and wearing a frockcoat",-9.450243,-21.362537
1,1,0.9999034404754639,emuru,9525,For the time being Beryl was content to let,-2.2588305,-30.8424
1,1,0.9996449947357178,emuru,8335,"many centuries ago , in some cave or hilly",-3.7731435,-35.221672
1,1,0.9999818801879883,emuru,9417,which must necessarily be subordinated to his,13.9781275,-10.446178
0,0,8.803093078313395e-05,iam,7591,"cannot think of an author , Mark for example ,",24.391642,-4.6699457
1,1,0.9999871253967285,emuru,7592,sheet glued on might have to be gummed on,15.867433,-18.753304
1,1,0.9998621940612793,emuru,8373,himself go ; and it was from his simpler,-4.6617785,-6.28976
0,0,0.0008742431527934968,iam,10006,was Mr. Copthorne all right . Perhaps he had,13.403154,-4.544938
0,0,0.00011673320113914087,iam,7643,"language . The Shamir is the "" seventh "" and",8.06736,17.926975
0,0,4.389162768347887e-06,iam,9896,suitable for such occasions .,15.894145,24.712801
1,1,0.9999409914016724,emuru,10134,to get out her compact and saw Grace's,-18.82757,11.903746
1,1,0.9998817443847656,emuru,7830,later chapter there are some situations,-3.9291353,-25.785479
0,0,5.893000434298301e-07,iam,8286,He sent word straight away to near-by Merstham,-17.032587,14.91943
0,0,0.0006997619057074189,iam,7953,aimlessly along is more wearying than any-,21.972445,-2.7022674
1,1,0.9991820454597473,emuru,7991,notice in the entrance saying which,3.0948744,-28.129766
0,0,0.0006942743784748018,iam,9203,Dinas Motor Omnibus Co. to ask what had happened to their,-7.3062763,11.763693
0,0,4.829399102845855e-08,iam,7973,knowing exactly what the subject,30.338097,17.048244
0,0,1.4763571925868746e-05,iam,10183,She couldn't remember what they had been talking about or,27.205982,-5.9238243
1,1,0.9981885552406311,emuru,10318,"where was happiness , or",7.7315,-6.0174575
1,1,0.9993849992752075,emuru,8440,known any way of cooking meat,-6.6394215,-9.284525
0,0,2.0392426449689083e-06,iam,8895,to put beautiful things into a beautiful church,-9.438443,33.244167
0,0,0.0007461917703039944,iam,9235,"But even his imagination , luckily for him ,",16.97714,-7.861844
0,0,6.799466063966975e-06,iam,8986,"take charge , as it were , of the minds of the",25.578047,14.195139
0,0,3.224659667466767e-05,iam,9664,""" That boy ! That damned fool boy ! What does he mean",-6.8680353,30.822443
1,1,0.9971227049827576,emuru,10152,her .,5.5188875,28.279362
0,0,6.034060362480886e-08,iam,10125,yourself away on a chap like that . You 're a,6.151519,30.939629
0,0,1.2122194448238588e-06,iam,7837,In Gethsemane He prayed that the cup,11.730171,36.369965
1,1,0.9997132420539856,emuru,9993,a man was drowning and towards his last,-23.333908,-26.37162
1,1,0.9991772770881653,emuru,8238,hazardous business .,-23.782597,3.0299067
1,1,0.9997215867042542,emuru,8336,hold forth from a spear the welcome gobbet of,-6.730322,-31.89011
1,1,0.9999943971633911,emuru,8507,melody . The paprika and caraway perfume,-19.985483,0.97230774
0,0,0.008607120253145695,iam,9137,"these young ones , on parade for jobs which they",0.23882116,-24.320436
0,0,8.159826148101956e-10,iam,8779,less because their pulse is nothing other,4.2330484,17.00096
1,1,1.0,emuru,8501,celebrate the victory against the Turks in 1683 . Spanish,-16.06893,-15.818356
1,1,0.9998506307601929,emuru,9526,opportunity presented itself . He must,-2.223715,-19.444439
0,0,6.464249224791274e-08,iam,7793,first public acts was a hard-hitting battle with,0.69785935,32.25125
1,1,0.9999935626983643,emuru,7776,( which was never actually authorized ! ) .,-12.80159,7.9214015
1,1,0.999666690826416,emuru,8017,reading of the Book of Esther is quoted,-4.903017,-9.835184
1,1,0.999987006187439,emuru,9545,"like an ineffective imbecile . """,-3.2958136,-25.017097
1,1,0.9999899864196777,emuru,8879,"chilliness of the new church , beautiful as it was and is .",-23.834755,-13.22207
1,1,0.9983620047569275,emuru,8099,a deep-water channel to the Dogger where,13.145042,-15.686747
1,1,0.9982050657272339,emuru,9958,We turned north into it and after about four,-20.530258,-6.2500296
1,1,0.9997584223747253,emuru,8582,without going through the formality of having his turbot,3.0622375,-36.803837
0,0,1.0542203199292999e-05,iam,8368,unlimited in its variety and its presen-,9.430462,29.826004
1,1,0.9999672174453735,emuru,7552,the opinion that in the original of the Fourth Gospel,-12.323948,-8.8737135
1,1,1.0,emuru,8506,"Quixotic and withal it has a sombre ardour , with",-4.070837,-14.567782
0,0,1.3143042451702058e-05,iam,8163,"sand ; or even in the case of flat fish , by vibrations",8.464019,23.662832
0,0,0.0003650590660981834,iam,10251,"me up for tea , of course . I just thought . "" "" I 'll see , """,-0.8724648,14.600077
0,0,6.628106348216534e-06,iam,7979,week being the same with a pupil,29.737478,14.490128
1,1,0.7766136527061462,emuru,8581,turned it over on the table cloth to,-6.588356,-56.96384
0,0,9.548418165650219e-05,iam,9119,and counteract the obsession with economics,11.46593,36.631474
0,0,5.889291969651822e-06,iam,8246,"by it will be so heartily sick , what with the",-8.134326,27.74107
1,1,0.9986094236373901,emuru,8989,Thetans discover our mental independence,6.3662004,-11.633182
0,0,1.5163081457103544e-08,iam,9588,on Guy's part that we missed seeing the,15.983338,18.769415
1,1,0.9999998807907104,emuru,8614,considerable skill at the siege of Limoges .,18.262959,-26.54306
1,1,0.9999691247940063,emuru,7506,to make the strongest criticisms . He said,-13.566817,-18.143837
0,0,1.208104194461157e-08,iam,8548,about Bouillabaisse and sang - This Bouillabaisse a,0.10897877,34.978596
1,1,0.9999995231628418,emuru,8310,remained a mystery until later the following day .,-0.4825117,-21.597485
1,1,0.9999908208847046,emuru,9549,""" And I 'm heartily sick of being constantly called",8.839133,-9.513354
0,0,1.1621797966654412e-05,iam,8136,longshore fishings . The surface,22.36286,12.333973
0,0,5.248633442533901e-06,iam,9901,He rode down to where I was waiting . I was,-5.36348,23.079025
0,0,4.839703082737401e-10,iam,8319,rican would not say ; nothing an,-9.14224,43.260387
0,0,2.517354005249217e-06,iam,8166,aware of the moving footrope before,22.64769,12.487979
1,1,0.9998635053634644,emuru,10208,replied readily . So how could Nigel have,-10.489226,-49.003513
0,0,0.007607053034007549,iam,7760,Book was issued in 1604 but the Puritans,13.46821,-3.5689611
1,1,0.9998158812522888,emuru,10037,Gavin and the girl who had got,13.518155,-10.004193
0,0,1.848492320277728e-05,iam,8397,that amazing epoch of grossness and,-10.402606,31.988184
0,0,2.91532748462886e-12,iam,7558,columns . This is the invariable practice of ancient,22.352585,27.523531
1,1,0.9999829530715942,emuru,7774,This indicated how ephemeral in the Church had,-18.028658,3.6316183
0,0,2.406682506261859e-05,iam,8170,The evidence suggest that the fish are,19.399427,10.264956
1,1,0.9999998807907104,emuru,10205,"I 've got to see 'em . If I am free , though ,",-6.761433,-38.46283
1,1,0.9997407793998718,emuru,8983,caped Thetan subjugation . This time . But we no,-11.154237,-38.23877
1,1,0.9998472929000854,emuru,7836,"finally defeat us . More than that , that God",-4.7956014,3.538929
1,1,0.7210705280303955,emuru,9535,"conversation that evening , for when",20.133532,-25.111534
0,0,3.3104045087384293e-06,iam,9338,enjoyed himself so much since reading Treasure,-14.622121,18.514305
0,0,1.7740207113092765e-05,iam,8411,"Does one , however , know who first thought",-9.372345,31.714266
0,0,9.835240462052752e-07,iam,10261,with some bitterness .,1.041801,44.05878
1,1,0.9998010993003845,emuru,7619,a man is the Shamir that guards him-,-9.756397,-31.318977
1,1,0.9994052648544312,emuru,7652,serve Him with all your heart and with all,-4.7099457,-29.164227
0,0,1.4135561610117975e-09,iam,9769,Seaweed sensed his embarrassment and,16.129572,17.533792
0,0,3.188496222605863e-08,iam,8572,A fascinating study also opens up in the dietary,26.09472,14.725551
1,1,0.9999935626983643,emuru,8922,"currence , while ' General Adam was at Corfu the whole",1.6242075,-36.543377
1,1,0.9995287656784058,emuru,9561,"look as though it was only what you expected of me ,",-7.9449563,-52.01838
0,0,5.097701318845793e-07,iam,9841,"contact , is our Robbie ; he gives us the gen and",-0.38411167,17.888174
1,1,0.9999998807907104,emuru,8293,occurred before her death was ensured by some,-7.878938,-19.617771
1,1,0.9999890327453613,emuru,9329,""" Intended for Plas Newydd , this lot is . Paid for ,",-8.712943,-1.5142342
1,1,0.9931816458702087,emuru,8630,obvious morals for those who are judges long,-19.82118,-11.08085
1,1,0.9996790885925293,emuru,8959,apartment he garaged his car and then stood,-9.38798,-50.498783
0,0,6.043412525968961e-08,iam,8204,"which to proceed , and the inquest was",12.314594,24.199694
1,1,0.9904319643974304,emuru,10097,ging a smile .,-15.814419,-34.39967
1,1,0.9999996423721313,emuru,7690,"up these my words in your heart and in your soul . "" The text",-9.642957,-24.966063
1,1,0.9999964237213135,emuru,9414,than a couple of telephone calls he was,2.0424979,-26.292309
1,1,0.9898999333381653,emuru,7838,"lives and that the nearer we get to Him ,",-5.1765842,-23.665926
1,1,0.9919443130493164,emuru,9773,was . I 'm Ian Bawley . Does that mean anything,-0.23166999,-43.928802
0,0,0.005613183602690697,iam,9983,""" Oh , "" said the unseen guard . He blew a",-24.841002,19.576256
1,1,0.999997615814209,emuru,8999,they will promptly give us their hypnotic,-7.695759,-3.887729
1,1,0.9987722039222717,emuru,8162,through or along the bottom . ) But given such a bow,-6.9763494,-32.116287
0,0,3.7581460219371365e-06,iam,7967,hardly like to add further to the dullness,20.743673,14.422728
0,0,0.0007758197607472539,iam,9972,We didn't approach unchallenged . Just short,-20.049608,16.973686
1,1,0.9999755620956421,emuru,9576,I 'll give you credit for that . But you didn't press,15.276518,-15.8657255
1,1,0.9999929666519165,emuru,8930,her practically all his money caused it to,-9.397464,-45.563408
0,0,8.333220335998703e-09,iam,9656,against them with the lift of the next wave .,23.40725,17.45875
1,1,0.9999963045120239,emuru,10132,was behaving since they had seen them,8.451585,3.4337761
1,1,0.9947620034217834,emuru,9628,made her send a complacent glance,-17.412148,-3.899941
0,0,0.0015935456613078713,iam,7899,"of the mind is no longer feared or shunned ,",25.518656,-12.80832
1,1,0.9999421834945679,emuru,8042,the longer sugya which deals with all,-23.84328,12.693855
0,0,0.0002009079762501642,iam,7656,"summons of destiny , to solve the economic",0.26940367,12.960025
1,1,0.9956728219985962,emuru,7546,paragraphos markings were omitted . C. H. Roberts is of,-8.960605,8.617035
1,1,0.9998670816421509,emuru,8656,ceptions of governmental duties must be,-14.3021555,-16.833918
1,1,0.9013875126838684,emuru,9656,against them with the lift of the next wave .,-5.6615243,-55.540665
0,0,1.0715772305047722e-06,iam,8496,than is customarily imagined as well as entering human,-15.896295,30.47206
0,0,3.638487032731064e-05,iam,7911,"the village , it was not difficult for anybody",17.768284,33.55566
0,0,8.428204978372378e-08,iam,7630,"crushing our soul "" ( see Hab. 2 , 10-11 ) . And it is",8.799758,19.573189
1,1,0.9999614953994751,emuru,8075,has even stepped into the field of high fashion .,3.2724984,-23.120916
1,1,1.0,emuru,8936,Captain Byron that he had been left,-10.299232,1.179182
0,0,2.30127898248611e-06,iam,9335,"list , pushed his glasses up on his nose , and",-12.760741,27.268808
0,0,0.002987164305523038,iam,7659,"Jochai ( Tanis 6a ) "" if Israel does not fulfil",18.508673,-18.529366
1,1,0.999930739402771,emuru,9423,It was a novel experience . Alastair was,-9.895717,4.0500426
1,1,0.5255296230316162,emuru,9198,""" Good-bye , Morfydd . "" He sought to enfold her in his arms . But he was too late .",-7.4388437,-55.94262
1,1,0.9999980926513672,emuru,7964,ago to hear of a school who tried a six-,-11.684293,-8.894433
0,0,2.1302590539562516e-05,iam,8141,"often start off the "" local "" herring ;",20.071411,-3.1153738
1,1,0.9999970197677612,emuru,10218,"Young Gubbins shrugged . "" I didn't see his",14.133912,-13.049177
1,1,0.999271810054779,emuru,8596,but all the Chelsea philosopher did in return was to,-9.780188,-36.318203
0,0,3.802470018854365e-05,iam,9484,Tartaro at a few minutes past ten on the,29.593725,12.824435
1,1,0.9999986886978149,emuru,9951,""" The mine-workings lie north of the town , """,-20.947153,-3.327527
0,0,0.0007618701201863587,iam,9907,"in , Johnny . "" "" I know . But if lead starts",-7.3729544,23.237268
0,0,1.9850160981604859e-07,iam,8169,Let us consider first what would,21.113077,9.449187
0,0,2.1179794202907942e-05,iam,9195,"a promontory , a mass of clean rock crowned with",6.5834093,35.689034
0,0,0.00012040988804074004,iam,7997,"I would not want to either , but if she wants to get through",8.988214,23.329199
1,1,0.999930739402771,emuru,7526,present state of the Gospel is the result of an accident-prone history . The,-4.950569,-29.639246
1,1,0.9999326467514038,emuru,9280,"Llangrwl , and his dear Morfydd quietly",-12.180725,-0.04706232
1,1,0.9999926090240479,emuru,9439,"capped summit of Mont Blanc , seven miles",10.695036,-8.011214
0,0,1.0578064575383905e-05,iam,9487,movements of the Bentley . It had passed,23.28366,8.569068
0,0,3.44981781381648e-05,iam,8010,of that passage makes it clear that these are,-25.611853,23.390617
0,0,6.204401437059914e-10,iam,7739,that is hurled against us . The Salt-water,-1.5681851,37.74767
0,0,1.5832014241823344e-06,iam,8893,a rule that all gifts should be submitted for approval to,16.10307,27.153248
0,0,6.618059433805001e-09,iam,8345,"evening meal . Later came the thrifty peasant ,",32.736984,19.45431
0,0,0.0004243974108248949,iam,10099,"lifeline and Gay got up quickly , mana-",10.262857,-13.781579
0,0,3.2203872706304537e-06,iam,10231,looked distinguished when he frowned ; boyishly,-1.6629812,17.402925
0,0,2.8743326652147516e-07,iam,9350,Flor were listening .,-2.5563302,10.886228
1,1,0.9973859190940857,emuru,10113,"weakly , "" you don't know Gavin . "" "" I 've only met him",-13.02245,-27.196974
1,1,0.9996148347854614,emuru,8297,which might relate .,-0.04447278,-11.668842
1,1,0.9999834299087524,emuru,10248,"he told her , and suddenly seized her in an embrace",-18.999834,-18.820988
0,0,4.7361094213105304e-11,iam,8641,the story of the prelude to the,20.121614,29.383959
1,1,0.9999589920043945,emuru,9070,"was a Static Mib , the middle-income-bracket equivalent",-4.369575,-21.089626
1,1,0.9894486665725708,emuru,10283,he put back his professional,3.6962364,-37.993492
0,0,1.529238397779409e-05,iam,9571,"mounting exasperation . "" Very well ! "" He",26.76758,18.72417
0,0,0.001074095955118537,iam,7894,They drag themselves around and can become,3.4376838,26.571705
1,1,0.9992825388908386,emuru,10359,"patronizing word , ' she replied . ' I despise",-7.6763167,3.4171138
1,1,0.9994552731513977,emuru,7733,Derush ; ( 4 ) Leaning-back represents Saud .,-20.265593,-8.668578
0,0,1.6367135424744106e-09,iam,7804,table which was handy for the most improbable uses .,-7.348089,42.644875
0,0,2.796326725729159e-08,iam,8514,specifically national . The art and,-6.9354067,32.694862
1,1,0.9997509121894836,emuru,8862,"with a book on the life of Marx ,",-5.488387,-57.347435
0,0,1.9328059863710223e-07,iam,7879,veritable surge of energy . Many a girl who,17.87187,33.638588
1,1,0.999998927116394,emuru,8433,"and he knew how to do it , too : - When the",-16.721634,-0.12457301
0,0,2.7236682242914867e-08,iam,9405,had no place here .,13.862433,20.755999
0,0,0.000925361062400043,iam,7941,Can we then frame some ' rules ' which may enable us to live life,-17.622574,-30.229681
0,0,1.3274171578814276e-05,iam,8104,"they migrate easterly to the Norwegian side , or westerly , until",7.3493667,-29.439642
0,0,6.320593354258719e-11,iam,7533,"he has not , until now , been able to exhibit exactly",2.3886297,35.397118
1,1,0.999849796295166,emuru,9709,Buck would be wetter if he,11.6306,-18.051601
1,1,0.9929486513137817,emuru,8623,the longbows of yeomen could pierce the,-10.07827,-28.465979
0,0,2.621162731308857e-10,iam,9452,scanner could be adjusted to cover any,20.57175,18.045528
0,0,0.00013406926882453263,iam,8363,It is a far enough cry from the primitive,-8.885043,31.946102
1,1,0.9999990463256836,emuru,7905,made this century is the way in which illness,25.028542,-12.975354
0,0,2.5380624720128253e-05,iam,10328,"up from that first ideal , and how",-4.9531493,14.307407
0,0,2.784456398785551e-07,iam,7748,without which Society cannot make progress . And we drink,8.117276,27.56607
1,1,0.99964439868927,emuru,8248,"of a railway will be worse than Ipecacuanha , """,-20.361425,-3.7298677
0,0,0.00641660438850522,iam,10162,"she felt happier . Gay loved them for their warm sympathy ,",8.356607,-36.427235
0,0,0.00034807721385732293,iam,9475,"on the bridge over the Po , barely forty miles to port .",27.154686,16.172182
0,0,2.8743428970301466e-08,iam,9113,"by training , and suspected that the points he made",3.5759604,32.63678
1,1,0.9999972581863403,emuru,9061,"had contacts in political circles , a school-",-24.469378,-13.931466
1,1,0.9994893074035645,emuru,10323,"given her . ' I 'm sorry , darling . '",-18.79841,-15.918981
1,1,0.9999986886978149,emuru,8747,London was again in turmoil ; but this time,18.139153,-26.503365
0,0,6.607224349863827e-05,iam,8067,The Gemara continues with a saying of the,-9.524823,22.868174
1,1,0.9999842643737793,emuru,9308,he suggested hopefully .,-0.12486348,0.27478513
0,0,3.324840065488388e-07,iam,8201,man had been seen fleeing from Vauxhall station on,-1.1022301,32.940254
0,0,9.958047719749175e-09,iam,9000,move about pretty freely without,10.575189,41.672504
1,1,0.9999375343322754,emuru,10009,"in London . Very strange his eyes looked . Mad ,",-7.676955,-26.29037
0,0,8.357752813026309e-05,iam,9434,""" Good luck , Air Marshal , "" she said gently . "" I 'll",-17.415745,-31.213137
1,1,0.9999991655349731,emuru,8901,"I found myself deeply involved . At first , the main work was to help",-2.1834078,-13.104805
1,1,0.9998619556427002,emuru,10120,who doesn't care two jots for your feelings .,-1.3977026,-48.27297
1,1,0.9998762607574463,emuru,9618,""" For all your good opinion of yourself ,",-8.793546,0.12832691
1,1,0.9999980926513672,emuru,7528,"original was written on a roll , or codex , which fell into disorder or was",-2.1035726,-17.672976
0,0,1.084490293123963e-07,iam,9889,usual and in fact had applied all the usual specifics,2.0215468,35.799812
0,0,0.001402336172759533,iam,10175,"Sometimes they talked on the theme of "" when we get married "" ,",6.4893665,22.793839
0,0,6.054998448234983e-05,iam,9686,shoot the craft in under the outer,-12.951718,32.926888
0,0,1.7867627377654571e-09,iam,9014,foot to Dan's house . Dan came,-18.386356,20.681053
0,0,2.6153356884606183e-06,iam,8778,"At one and the same time , therefore , occur the beat",6.5760436,32.44977
1,1,0.9964228272438049,emuru,10338,"' Good heavens , darling , why on earth",-14.649351,6.2563486
0,0,6.3641856229423865e-09,iam,10250,receive a sharp slap for his pains .,-4.388935,36.433826
1,1,0.9979950189590454,emuru,8169,Let us consider first what would,10.998079,-3.6140163
1,1,0.9999368190765381,emuru,10335,no matter how one might want to,-19.007603,10.743237
1,1,0.9999486207962036,emuru,9183,"any rate they remained with us , perhaps",-10.4362335,-27.872557
0,0,7.1287395257968456e-06,iam,9793,"drop the rank - such a mouthful ! "" "" You 're",-10.112777,35.73866
1,1,0.9999681711196899,emuru,8460,ethereal enjoyment to the grosser pleasures of the,7.6350884,-14.603063
0,0,2.558498302107637e-08,iam,10031,"taxi , and then found that in",-8.7749815,43.302307
0,0,1.0296523214492481e-05,iam,9840,"said John , "" but you can pay for my drinks",28.647257,17.438658
1,1,0.9998856782913208,emuru,9505,""" I caught him just as he was going to the",-14.404999,-8.005755
1,1,0.9956120252609253,emuru,8636,without a large-scale and concentrated invasion .,-9.921654,-26.289303
1,1,0.9999977350234985,emuru,8524,typically French .,-18.971619,-7.7165422
1,1,0.9996979236602783,emuru,7692,your heart and with all your soul and with all your might,-10.5422945,-46.729923
1,1,0.9998424053192139,emuru,7993,the washing on a Monday .,-4.223667,-55.490585
0,0,2.0561411417929776e-07,iam,8589,"sole , a baked leg of mutton with oyster & veal stuffing and a",21.818853,19.89534
0,0,4.399266617838293e-05,iam,10272,badly - at any price . I hope,21.171953,5.0943274
1,1,0.9996631145477295,emuru,7755,brought out from under the burdens of Egypt ?,8.555599,-22.506119
1,1,0.9998546838760376,emuru,9132,deeper layers in the human psyche which are,15.759882,-20.033113
1,1,0.9999184608459473,emuru,8183,"field of disturbance , or bow wave . This suggests",4.864829,-22.899515
1,1,0.9999375343322754,emuru,7560,"original of the Gospel , whether written on a roll or codex ,",-1.8329659,-21.944883
0,0,0.0003725460555870086,iam,9449,turned the scale slowly to cover the,19.562222,-13.708779
1,1,0.9991869330406189,emuru,10366,"His digressions too , seemed to have no other",4.83832,-19.965908
0,0,7.176747021730989e-05,iam,9380,think and plan and know . Those who know,-15.921606,25.497883
0,0,0.011746522039175034,iam,9721,few moments later the yawl was upside,22.42344,-7.6784205
1,1,0.9999995231628418,emuru,9041,the Avenue from its many tributary streets . It might have,-1.3836946,-36.504124
0,0,9.449937351746485e-05,iam,7761,the throne . He was quite prepared to be,-2.1422012,7.1213927
0,0,4.1795232391450554e-05,iam,8842,"Conrad Noel , the eloquent leader of",19.986732,8.809131
0,0,1.776209865056444e-05,iam,8102,spawning herring are always found .,-17.674994,-29.031242
1,1,0.9998892545700073,emuru,7778,himself immortal by becoming associated with,-12.510527,8.027804
1,1,0.9997376799583435,emuru,9230,"the title of "" First Woman to Enter Space . """,-14.998972,5.2998023
1,1,0.9999915361404419,emuru,9457,the tiny white figure of 8.5 against which the needle,-21.818285,-23.665478
0,0,4.881978155069078e-11,iam,8614,considerable skill at the siege of Limoges .,23.449451,29.263474
0,0,6.538354682561476e-06,iam,9427,be waiting for you at the Hotel Roma at six this,28.94565,12.833065
1,1,0.999182403087616,emuru,10182,Little Phelpham .,7.274513,-7.9320946
0,0,4.148815060034394e-05,iam,9242,"But nonplussed , the conductor was . A",-11.115501,24.024982
0,0,0.0012845436576753855,iam,8873,"co-operated , we made the little side chapel a place",2.017061,42.25631
1,1,0.7573120594024658,emuru,10123,"fine girl , intelligent , and pretty , and I had",-7.0959206,-55.62583
1,1,0.9995942711830139,emuru,8077,"the potentialities of the craft , and crochet was",-13.148707,-3.8943448
0,0,7.296024895353526e-11,iam,9804,he was on the verge of a new chapter in,-3.9173,40.215775
1,1,0.9999992847442627,emuru,9897,his surviving submarines a good deal harder than,-21.987152,-10.782638
1,1,0.9990196228027344,emuru,10034,off the plane with him were talking .,21.544596,-8.798708
0,0,6.505816259050334e-07,iam,8274,"24 , 1905 , a Sunday , Sub-Inspector Peacock , of",31.296421,25.814135
0,0,1.3080483918237462e-10,iam,8922,"currence , while ' General Adam was at Corfu the whole",19.620686,20.112658
1,1,0.999377429485321,emuru,7556,about one third of a page of Souter's print .,-8.617255,8.709926
1,1,1.0,emuru,10200,"he shrugged diffidently , "" I like the work . One gets plenty",-6.95879,-36.83588
0,0,4.576898027242038e-10,iam,9162,can you . Look over there . ' He pointed to the,15.941527,24.034801
0,0,2.6317864012526115e-06,iam,7990,it added immensely to the interest,23.74863,7.444791
1,1,0.999893069267273,emuru,9857,give me a ring at this number and I 'll,1.1150367,-14.791907
1,1,0.9998983144760132,emuru,9279,""" Afternoon , Mr. Roberts , "" he called , polite ,",-13.879319,5.9651966
0,0,5.470658834383357e-06,iam,7954,he was a little more systematic . To drift,12.370471,-3.4710171
1,1,0.9999973773956299,emuru,8453,By delicate application of odours and richly-distilled,-6.5779076,7.7082825
0,0,3.738825034815818e-05,iam,8372,"tongues ; unreasonable surfeit , too , in the",-7.6047797,30.94525
1,1,0.9996365308761597,emuru,8382,"out of Italy into France , we are told ,",2.166111,-6.921269
0,0,3.8796835188925627e-10,iam,9161,shadows beyond the river . ' Something moved . ',-3.5691717,34.514633
0,0,0.00020587466133292764,iam,10357,miraculous recovery and Sandra would,-10.081134,11.797077
1,1,0.9999808073043823,emuru,9106,"say a word about it , Lester wants his",17.873362,-24.27214
1,1,0.9945835471153259,emuru,9623,"man was , she thought impatiently ,",-1.2610307,-26.459417
0,0,1.4677346449332163e-08,iam,8251,proposed to build the Box Tunnel .,11.22926,11.680395
1,1,0.998681366443634,emuru,9487,movements of the Bentley . It had passed,23.37878,-20.149141
1,1,0.9999947547912598,emuru,10014,"the fourteenth century . """,2.7285857,-3.288656
1,1,0.9967218041419983,emuru,9486,previous night . He worked out the distance,-11.438908,-31.777166
0,0,3.139242821248445e-08,iam,8649,"war , there was a constant stirring of",-1.9005901,30.818861
0,0,6.592021861706598e-08,iam,7540,Gospel represents the work of generations of,16.00199,25.080212
0,0,2.1947160178115155e-07,iam,9431,sounded so charming and appeared to be so,19.34639,12.389924
1,1,0.9999994039535522,emuru,9648,rocks in an' out o' de water .,-1.9751403,-11.55683
0,0,5.7939830711006834e-09,iam,9433,efficient .,30.026308,20.702387
0,0,6.025110633345321e-05,iam,8906,in the winter of 1914 and 1915 the matter of War Pensions,4.7464786,20.705177
1,1,0.998113751411438,emuru,8243,them was one of the most dangerous jobs con-,-19.793781,-29.553347
1,1,0.9999867677688599,emuru,10330,He looked nervous . It had been,14.062496,-26.648756
0,0,7.939958369604372e-13,iam,8610,on land . Gaunt was compelled to give up his search for,24.382994,27.693886
1,1,0.9999730587005615,emuru,8987,people - who are probably falling all over them-,-8.703012,-48.313564
1,1,0.9999978542327881,emuru,9245,""" Where are we going ? "" he echoed Cadwallader .",-24.898125,0.6023657
0,0,3.90570686903402e-10,iam,10267,hospital .,20.683054,7.729062
0,0,1.3132693311490584e-05,iam,8280,the Feathers Hotel to await identification .,2.0610769,14.719572
0,0,3.1905653941066703e-07,iam,7557,manuscripts . A common size of column would hold,-4.2855105,30.518614
1,1,0.9997603297233582,emuru,9175,would be inopportune ; and with the idea came,-11.380644,-38.584713
1,1,0.9997425675392151,emuru,8221,"description , but the man was not traced .",-23.540405,-5.8697186
1,1,0.9999103546142578,emuru,7516,"has rung a couple of times , calls from",-24.706657,-9.378648
0,0,2.3231945078805438e-07,iam,7925,"in one place , their lives were of one",24.399197,13.435229
1,1,0.999498724937439,emuru,7800,"by Calvinists and Puritans , and the sentiment was",-19.298538,-4.5395083
1,1,0.9983624815940857,emuru,7897,and is in fact no differently regarded than,25.640186,-12.389776
0,0,7.45412125979783e-06,iam,8030,known comment on the verse ; quoted by,-17.294989,27.681026
0,0,6.234204761312867e-07,iam,8838,"the Church Socialist League , genuinely advocated",26.633076,16.052898
0,0,1.622708805371076e-05,iam,9692,"reached the pier , the judge on legs",10.10313,-32.939648
1,1,0.999974250793457,emuru,8769,ventricular content .,-26.386436,-8.373838
0,0,0.0013623014092445374,iam,7810,but to a child they are very real . Not that I am suggesting,-7.470522,-32.623325
1,1,0.9999390840530396,emuru,9452,scanner could be adjusted to cover any,17.455496,-14.316596
1,1,1.0,emuru,9327,"Stared back did Price the Provisions , unwinking .",-12.297717,-14.113146
1,1,0.9996868371963501,emuru,9723,"down , exposing its shallow keel .",7.707301,-0.43389058
0,0,1.5817042822163785e-06,iam,7771,minor except for the new section on the Sacraments,31.8204,16.900549
1,1,0.9999402761459351,emuru,7996,"- you must , for example , do your shopping on the morning of",11.311287,-12.925463
1,1,0.999995231628418,emuru,10187,"word shouted into her very soul a horn of warning , and",-6.4157777,-36.500763
1,1,0.9999533891677856,emuru,9864,lying in pairs alongside the jetty at Fort Blockhouse .,5.9770927,-22.963608
1,1,0.999967098236084,emuru,8595,"Wagner was a highly practical feeder . He ate very fast ,",-10.707429,-41.057735
0,0,1.7034651023095648e-07,iam,8890,such a beautiful building with suitable fittings ; I made,5.58384,17.91101
0,0,9.293403735455286e-08,iam,8488,If that country had not been for so long a battlefield red,-5.3409476,36.225895
1,1,0.9996762275695801,emuru,8444,to their aid .,-8.33776,-23.084784
1,1,0.9990710020065308,emuru,9812,"bit of a humorist , aren't you ? "" said",-5.279605,-54.679188
0,0,0.00021122577891219407,iam,9815,"right ? "" "" Who told you ? "" "" Little bird .",-12.133342,34.488358
0,0,8.414779586018994e-06,iam,8656,ceptions of governmental duties must be,-20.455832,16.303307
0,0,0.0010632671182975173,iam,10086,as Gay drew out a chair and sat,3.8017354,30.1785
0,0,1.2127401305406238e-08,iam,7914,far greater simplicity than their successors .,9.608936,41.455456
1,1,0.9999784231185913,emuru,9574,You made some sort of a protest to Graybury .,10.230962,-15.360721
1,1,0.9999333620071411,emuru,10319,She went back to Philip . But,12.664381,-14.48716
0,0,3.424627720960416e-05,iam,7733,Derush ; ( 4 ) Leaning-back represents Saud .,-0.17726454,28.995274
1,1,0.9931193590164185,emuru,9232,the fact that the green earth was falling,-18.43513,-24.519703
0,0,2.9979044029460056e-06,iam,9782,"Commander , "" he said . "" Now what about that",-11.990198,38.661304
0,0,7.004653639341996e-07,iam,8493,Foodlore reflects much more of national temperament,-2.426303,20.97404
0,0,0.0009195576421916485,iam,8096,"movements , although primarily",20.74529,-2.4619951
1,1,0.9994432330131531,emuru,7785,just learning to read . James was followed by,0.08493818,-43.798622
1,1,0.9999228715896606,emuru,8465,clarifying the functions of the brain . It,-10.562523,-36.62458
1,1,1.0,emuru,9382,are slaves to it . Only an outcast is free . Because,-14.632595,-9.650981
1,1,0.9999899864196777,emuru,10364,purpose than the throwing of dust in his,16.208048,-11.713737
1,1,0.9998804330825806,emuru,9348,"When you come here , when you come to the True",-18.079626,4.7989664
0,0,2.505354927961889e-07,iam,9811,""" You know a great deal about me , """,-17.552647,31.590761
1,1,0.9992978572845459,emuru,8587,on the table cloth to examine the marks on the back,0.7948542,-38.22844
0,0,6.820209819125012e-05,iam,9167,"to other day , my lord . A being of whom",-25.444016,15.072363
1,1,0.9993731379508972,emuru,8108,miles farther south before they,-9.575131,-2.0227013
1,1,0.9999995231628418,emuru,9300,his Eth . Morfydd thought of Dai . The,17.76131,-22.691626
1,1,0.9999927282333374,emuru,9662,with part of that howling northwest gale .,-15.612131,-12.425883
0,0,0.00019314500968903303,iam,9498,"To Beryl , at least , this was anti-climax with a",-20.934128,23.643684
0,0,3.361608469276689e-05,iam,9454,"Plain of Lombardy ; to the right , Turin ; to the",13.896084,-22.828035
0,0,6.005345198900613e-07,iam,8305,So the body of this small girl with the blue eyes and,16.820213,29.366182
1,1,0.999727189540863,emuru,9353,"Lily-yo said , doubtingly . The Captive with the",-6.4274273,-7.9136662
0,0,2.401444362476468e-06,iam,8175,"for an unknown period of time , until",-3.1469944,23.718962
1,1,0.9999915361404419,emuru,8576,been blind to the charms of turbot and,-22.049345,-0.25944218
0,0,0.0001458460174035281,iam,10276,words . ' I wonder you dared trust,19.508835,-2.0612726
0,0,9.75031070993282e-07,iam,8014,"R. Joshua b. Levi . ) Finally , we note that",-17.765312,27.318531
0,0,4.449447260412853e-06,iam,8006,"too , are necessary , but a careful examination",-7.0251584,20.309208
0,0,0.0013747889315709472,iam,9658,Around that rounded rocky promontory where the,18.082443,12.551005
0,0,3.510587021082756e-06,iam,9959,we figured would lead to the miners' camp .,-15.135577,20.856525
0,0,0.0001478949998272583,iam,7998,sit down quietly and make a list of everything she has got to,7.438021,-29.341703
0,0,7.906911037025566e-08,iam,8445,confine the resources of the table to the gratification,18.89948,16.0613
1,1,0.9999452829360962,emuru,9666,"by trying to come home now , even if he did promise ?",-22.661795,14.539164
1,1,0.9917764663696289,emuru,9027,gave the impression of having been thought out and,-10.628122,-25.657368
1,1,0.9999722242355347,emuru,7799,"with James and Charles , the Puritans argued ,",-19.444677,-4.3135333
1,1,0.9999420642852783,emuru,10138,He 's getting on well but is pretty helpless still with his,-13.278605,-35.235535
1,1,0.9999998807907104,emuru,7660,"the wish of the Lord , failing to serve the",-16.418694,-7.3556085
0,0,3.3343212635372765e-08,iam,9241,his ticket-punch nervously . Peered out of,16.123383,10.513598
1,1,0.9999986886978149,emuru,8461,board . The gratification of the sense of smelling,-15.356253,-4.783147
1,1,0.9999467134475708,emuru,9284,"Joy . At last he caught up Mr. Roberts ,",4.5879436,-3.420153
1,1,0.9999916553497314,emuru,8937,"made a will in Augusta's favour , she had",3.2299535,-7.059237
0,0,9.954202045969751e-11,iam,7511,offering to drop by for a chat .,19.3422,32.81585
1,1,0.9999960660934448,emuru,8359,admittance into an acquaintanceship far more,5.7256947,-20.251799
1,1,1.0,emuru,8856,elections . In the Sheffield Trades and Labour,-3.8504674,-20.70918
0,0,0.0014252695254981518,iam,9394,"asked . ' What else ? Flor and Lily-yo , you arrive",12.994453,-22.362005
1,1,0.9999507665634155,emuru,7917,that it taxes the mind . Two hundred,8.885054,-7.2685003
0,0,0.011409133672714233,iam,8822,"on West Street , where a successful Sunday",-14.606374,-29.261772
1,1,0.9998595714569092,emuru,10299,when you reach your parents',4.1177545,-3.0301056
0,0,5.357045917975256e-09,iam,7878,tiredness - such as when your wife mentions,13.820408,35.17552
0,0,6.581430511687358e-07,iam,7578,"the roll , a sheet could easily be glued on .",30.05851,15.024042
0,0,2.1712541486973436e-11,iam,8729,"of Canterbury and York were to pay ten marks ,",6.780795,40.52031
0,0,7.135061252938613e-08,iam,8837,"subjects , for being well acquainted",23.893805,9.9954
1,1,0.9999767541885376,emuru,8641,the story of the prelude to the,-8.396253,-5.6122627
0,0,0.0002443630073685199,iam,10235,Nigel often had to think hard to sort,14.947436,-3.2818816
1,1,0.999929666519165,emuru,9194,far from our minds that at any moment we were,-22.039394,-9.624883
0,0,0.0001536661002319306,iam,8018,The sugya is built around the saying of,3.9285667,-17.661753
0,0,0.0008901007822714746,iam,8854,work . The British Socialist Party endea-,-6.1377068,9.685372
0,0,4.746462309412891e-06,iam,10243,""" You just gave it back to me . "" "" I",11.783936,28.529161
0,0,1.784335108823143e-05,iam,9968,shack and as we got near someone inside bawled,-20.28658,17.280142
1,1,0.999998927116394,emuru,8313,"evening at about seven o'clock , telling her room-mate , Emma",-10.648175,-16.526728
1,1,0.9987058639526367,emuru,9750,than her usual cordiality and flashed a warning,19.370771,-14.26363
1,1,0.9997913241386414,emuru,8281,"Was it a case of suicide , where some unhappy soul",-19.909481,-10.382626
0,0,6.324531121038035e-09,iam,9042,"been a normal business-day bustle , except for two anomalies .",14.386475,15.685964
1,1,0.9982879757881165,emuru,9947,"into draws , circling a big mesa by a",-13.573937,-1.6318945
1,1,0.9999808073043823,emuru,8217,for a man who had been seen leaving the train,-24.237326,1.2441765
0,0,3.220252983737737e-05,iam,9067,"furniture in the second year , "" she moaned . She",-13.030926,30.808273
1,1,0.9999905824661255,emuru,9365,young . You may be able to have babies . Some of those,-16.200205,-7.3225064
0,0,0.00020571651111822575,iam,10058,sitting just inside having coffee .,16.00095,-0.5744412
1,1,0.9999610185623169,emuru,7683,""" And then the Lord's wrath be kindled against you , and he",-9.890902,-24.415833
0,0,6.94881018716842e-05,iam,9495,"own veranda , that he had taken the liberty of",-15.521541,26.823881
1,1,0.9996116757392883,emuru,9605,your knowledge of all the affairs of the,-3.085138,-27.065224
0,0,1.3389511877903715e-05,iam,8564,intellectual faculties . Bunyan's break-,-3.0261064,44.859394
0,0,3.3238187313600065e-08,iam,7510,other chums sniffing the wind and,25.081337,30.453218
0,0,0.0007259650737978518,iam,9107,"That 's how he got the votes , that 's how",1.5199599,13.640942
1,1,0.986050546169281,emuru,8340,borrowed straight from the prehistoric . How,-5.0994453,-32.50502
1,1,0.9998742341995239,emuru,7476,such as a chair and a motor-car . The idea is to see what happens when,14.097135,-26.576393
0,0,5.167301878827857e-06,iam,9340,"' But we - ' ' Stop your stupid talk , woman ! ' ' We are - '",13.522719,17.780165
0,0,1.250292314125545e-07,iam,8342,Suffice to say that few of us stop to marvel at,29.433052,23.380415
1,1,0.9998530149459839,emuru,10154,rather a sense of relief now that she,10.24377,-20.530678
1,1,0.9997667670249939,emuru,7865,than when they went to bed . We may begin,0.8191194,-10.390834
1,1,0.9998294115066528,emuru,8283,had walked deliberately into the blackness and,-3.7011726,-11.903896
1,1,0.9999476671218872,emuru,9615,I doubt it . He 's about as easy to push around,2.449609,4.9794397
1,1,0.9993208646774292,emuru,9519,earned gratuity to his native village at the,-7.7347593,-52.958252
1,1,0.9999997615814209,emuru,10202,"suppose , to meet me for supper somewhere ? "" she had",-8.991403,2.078014
0,0,0.11823980510234833,iam,9050,little sorry if we were not back for Christmas,14.34028,-6.606742
0,0,7.111685408744961e-05,iam,10135,"feeling self-conscious and awkward , sure that",-11.51249,20.617226
1,1,0.9999898672103882,emuru,7961,the pressure on over-crowded trains .,-4.672736,-26.910263
1,1,0.9821213483810425,emuru,8165,"be by actual contact , or by sight reaction to the disturbed",8.509107,-17.509714
0,0,1.0177352294249431e-08,iam,7701,"bind them to have the vision and then "" And 1ye",30.218506,25.078405
1,1,0.99769127368927,emuru,10093,felt wretched beyond words .,-5.8637123,-52.009758
0,0,5.3170671890256926e-05,iam,9929,"Dan ? "" "" Know what ? "" "" That he 's dead , """,-0.5180507,14.566451
1,1,0.9999988079071045,emuru,8261,sounds in a confined space combine to produce a,-21.113956,-10.190357
1,1,0.9610273838043213,emuru,9932,leading to the ridge . I followed . From the,-5.2108817,-53.839424
0,0,0.00013742709415964782,iam,9639,"And then she received a jolt . Old Hubert , standing",-7.860983,28.64211
0,0,7.17370539859985e-07,iam,7935,and to do so inevitably builds up tensions which,29.786503,15.181654
1,1,0.9999223947525024,emuru,9555,to say - and all you can do is to find,-6.9323936,-12.643871
0,0,0.00020557257812470198,iam,7992,into a dull routine . I have great,22.130255,-4.957242
1,1,0.9998260140419006,emuru,9129,"to be diverted , however , with the single exception of one",-3.833174,-32.736195
0,0,1.6170836261153454e-06,iam,8112,other banks are most of them,-16.141977,28.217978
0,0,5.344262532513966e-11,iam,8730,the Duke of Lancaster and the Archbishops,6.340487,41.127113
1,1,0.9999018907546997,emuru,9094,"duties and his wife , in the manner of middle-brow",17.07455,-12.071672
0,0,2.049447944685312e-09,iam,9616,an attempt to show my lady-love that I,2.9828207,6.7718754
1,1,0.9998772144317627,emuru,7693,"in the first part of the Shmah , we have first "" and",-7.737035,-27.642202
1,1,0.9014001488685608,emuru,9282,He had seen no sign of an accident .,-8.953633,-55.469017
0,0,1.6472787933707878e-07,iam,8287,thrust in her mouth like a gag .,14.67481,9.676557
1,1,0.9997561573982239,emuru,9746,man who was staring moodily into a gin,-16.26393,-20.62368
0,0,1.2052489561931168e-10,iam,8307,"identify her as his sister , Mary Money , aged twenty-two .",21.621376,27.971075
1,1,0.9999665021896362,emuru,7758,"James had grown up in Presbyterian Scotland ,",13.103411,-20.074509
0,0,2.8203029955875536e-07,iam,8316,"Hone , that she was going for a walk , but would not be",9.395165,33.135696
1,1,0.9999325275421143,emuru,8397,that amazing epoch of grossness and,-10.590407,-22.128162
1,1,0.9999735355377197,emuru,10327,said instinctively : ' I told him,9.176715,2.2347126
1,1,0.999976396560669,emuru,9170,"' Bottle-Foot , my lord . ' ' Bottle-Foot ? ' His lordship",12.015568,-23.353418
1,1,0.9990517497062683,emuru,8791,"' And while the heart is slowly dying ,",8.09508,-7.629071
1,1,0.9999979734420776,emuru,10360,the deceit . The lies . ',13.666082,-14.998489
1,1,0.9997140765190125,emuru,8845,"Christianity , common ground could be found .",-13.470008,-30.380976
0,0,1.473001454144196e-08,iam,8794,ventricular one slowly and,16.210432,10.915046
1,1,0.9996480941772461,emuru,7578,"the roll , a sheet could easily be glued on .",1.795633,-23.489332
0,0,9.559598765918054e-07,iam,10115,"heart out over ? "" Doc nodded towards the door . "" You",7.953615,19.69444
1,1,0.9997044205665588,emuru,7844,should pass from Him . Jesus shows us,0.93569326,-21.04317
0,0,7.222482508950634e-06,iam,10204,""" Bless you ! I hope Luke is suitably grateful , darling . "" "" Oh , well , """,20.38202,0.45278502
0,0,2.1269343051244505e-05,iam,9875,through the open windows of the Captain's house . It,1.370735,27.676369
1,1,0.9999988079071045,emuru,9478,"conference in Bruce Denton's office , been whisked",-10.990722,-14.747844
0,0,4.183731405760227e-08,iam,10056,"can't find a table for two . """,17.770838,1.8652979
0,0,2.5661633117124438e-05,iam,7649,"shall come to pass , if 1ye shall 1hearken",1.3415227,16.494106
1,1,0.999830961227417,emuru,10001,Mr. Copthorne was on dry land in a church,-9.83354,-43.60404
0,0,0.0031622645910829306,iam,9055,Then he would go back to Plato for a final spell of,10.272119,-15.427522
0,0,1.9988810890936293e-06,iam,8768,or in flagging warmer ones . At the time of its movement,-22.939798,31.029604
1,1,0.9962835907936096,emuru,7808,"to face their fears , to see through them and come out on the",-7.029939,-30.800459
1,1,0.9999659061431885,emuru,9953,"rough country , sliding on shale , climbing down",-18.275661,-15.494477
1,1,0.9999997615814209,emuru,8184,Then they stop swimming and are caught . In,22.502565,-12.415311
0,0,0.0007831547991372645,iam,8220,"defective , and , despite his claim to infamy ,",1.1942118,17.431099
1,1,0.9999349117279053,emuru,7581,Against these advantages the codex was fragile and,1.348748,-23.530493
1,1,0.9999983310699463,emuru,8127,the robin who gets back exactly may be,0.044683073,-48.25727
0,0,3.364661438354233e-07,iam,8121,"the drift , it probably has a survival value",15.958172,-5.2909923
0,0,5.031362434237963e-06,iam,10318,"where was happiness , or",19.07541,7.5882006
0,0,4.17547063591428e-09,iam,9033,at home . Steve switched on Dan's,-7.317591,29.11884
0,0,1.3012854083171987e-07,iam,9647,"3"" He powerful anxious , poor Mistah Piers .",-13.529763,23.225218
0,0,8.042269996622053e-07,iam,7494,"C O believed him . Courtenay played the part with a gawky ,",-7.40436,24.62548
0,0,1.5019011812000826e-07,iam,9206,damn bus .,-16.989414,31.45264
1,1,0.9998733997344971,emuru,9290,"he found was Morfydd's mam , working",-9.79581,3.9192045
1,1,0.9350605607032776,emuru,7920,"In other ways , too , life for the ordinary",-21.939201,-24.079857
0,0,0.00013536940969061106,iam,8905,' Coulsdon and Purley Patriotic Fund ' in whose counsels and committees,5.720119,20.433985
1,1,0.9999829530715942,emuru,10336,Her eyes darkened in torment . ' Are,11.441464,-14.804338
1,1,0.9999039173126221,emuru,7762,"spoiled that . The Puritans had high hopes , for",-0.5455978,-22.32128
1,1,0.9997902512550354,emuru,9440,no permanent image .,-7.5557694,1.6251538
0,0,7.173121412051842e-05,iam,10120,who doesn't care two jots for your feelings .,-6.6117587,23.582592
0,0,3.2320669561158866e-05,iam,7969,which it engenders . But I am not arguing,-5.778481,29.739174
1,1,0.9567651748657227,emuru,8174,it reaches them . They move away before,-0.26385045,-30.599289
1,1,0.9999216794967651,emuru,9446,ground immediately ahead .,-6.243056,-21.53012
0,0,2.9598531909869052e-05,iam,9578,thoroughly enjoying Forrest's company in,23.221144,-5.764436
1,1,0.9866061806678772,emuru,10294,' I will leave you the necessary pre-,23.231705,-20.245306
1,1,0.9999843835830688,emuru,10337,touched him after the cold wind,11.421663,-1.9908022
0,0,1.7097327997817047e-07,iam,8361,programme of entertainment almost,-1.3364018,20.730494
0,0,4.001773561412847e-07,iam,9772,"yourself , "" she said with mock severity .",24.118835,-0.6689759
1,1,0.9999970197677612,emuru,9488,him at the temporary bridge over the,2.1847768,-36.110977
1,1,0.9999953508377075,emuru,9992,"be open . It was . He entered , and seated himself",-18.660496,-16.804996
0,0,0.0002817594213411212,iam,9357,"fleshless jaw said , ' The grub of the tigerfly thinks",3.994939,11.449774
1,1,0.9999428987503052,emuru,8744,baronage with rarer luxuries than those,-8.134554,-4.508446
1,1,0.9999979734420776,emuru,8061,a familiar interpretation which had,-2.7628636,-18.982779
0,0,6.01333349434241e-12,iam,8423,"length subside , He throws a bed of glowing",24.401468,25.401855
0,0,6.987536937952399e-11,iam,8158,in the constancy of this great herring fishery .,25.977062,21.78211
1,1,0.9999986886978149,emuru,9633,"toothless mouth stretched in a wide grin , told her",-22.599827,19.395002
1,1,0.9985427856445312,emuru,8205,Day by day the police followed up likely and even unlikely,-13.609534,-29.269503
1,1,0.9997602105140686,emuru,7921,work . The only connexion is the,-7.701134,-14.651554
0,0,9.735317263448451e-08,iam,8923,to Douglas Kinnaird saying that it was incorrect,24.767742,17.096352
0,0,9.949724699254148e-06,iam,8417,"would , because Esau sold his birthright",-10.596392,30.3858
0,0,0.0011628612410277128,iam,7752,people . ( 1 ) I will bring you out from under the,-8.078152,18.163103
0,0,1.5491481430984777e-09,iam,8635,"Brittany was compelled to attack via Calais ,",30.395706,20.028946
0,0,9.699245850924854e-09,iam,9179,"strange , the unwelcome , the almost",28.20136,15.927129
1,1,0.9999353885650635,emuru,9847,disposed towards each other .,-8.146077,-12.019833
