true_label,pred_label,prob_fake,source,idx,text,tsne_x,tsne_y
0,0,0.005857524462044239,iam,7957,commerce may be kept going - though if ever,-23.056644,27.876081
0,0,0.0017404385143890977,iam,9341,"' Be silent , woman , and listen , ' Band Appa Bondi said .",-18.7771,-5.7660723
1,1,0.9997904896736145,emuru,8143,"Easterly winds , on the other hand ,",28.99821,21.757128
1,1,0.9924197793006897,emuru,10368,"just dusty-grey but muddy , slimy even .",-10.3489685,-37.35003
0,0,5.851748596796824e-07,iam,8651,needed taxation in order to supplement,41.317566,-3.7965074
0,0,2.93422033337265e-07,iam,9756,glance at him . Evidently the other occupant,-18.863249,28.659771
1,1,0.9983053207397461,emuru,7811,that children should be molly-coddled - they must be made,32.390804,14.788318
0,0,2.2728030671714805e-05,iam,8369,The truth is that good food offers a,-9.276413,-10.264224
1,1,0.9999988079071045,emuru,8669,was quite alien to mediaeval thought - its,6.404903,17.975943
1,1,0.9996100068092346,emuru,10289,coronary . And in that second,52.50966,2.609739
1,1,0.9999939203262329,emuru,10203,"Junior Medical Officer . "" You won't be free about nine , I",14.244088,6.2679534
0,0,1.671088466537185e-05,iam,9447,make a direct comparison between the radar,-23.610386,-30.300724
0,0,0.0003931844257749617,iam,7551,"bar , and there are cases where spacing is used as",19.509472,-12.555047
0,0,0.0014383147936314344,iam,9614,"with Sir John ? "" she enquired cuttingly .",-10.24058,9.315809
1,1,0.9983273148536682,emuru,7499,"The film replaced "" What 's My Line ? "" and "" Be My",17.805048,27.848701
0,0,8.976483513833955e-06,iam,9523,ignorant child .,7.9341908,37.078995
0,0,7.500856736442074e-05,iam,9234,Morfyyd Owen was already qualifying for,-11.595093,10.658265
0,0,5.243206032901071e-06,iam,9777,"strangers - that 's right , John , isn't it ? "" "" My",35.898224,-9.692684
1,1,0.9307629466056824,emuru,7983,sympathy with the young wife,41.46654,-7.493677
1,1,0.9921626448631287,emuru,9077,not submerged beneath a deep natural atmosphere .,30.219273,16.277975
0,0,1.1851400216755792e-07,iam,9300,his Eth . Morfydd thought of Dai . The,-33.999393,-25.868605
1,1,0.9998680353164673,emuru,7761,the throne . He was quite prepared to be,4.221821,-0.5941837
1,1,0.9998776912689209,emuru,7794,mutual . But Laud was no Romanizer . One of his,17.213,3.4860454
0,0,1.1964422128585284e-06,iam,7790,Prayer Book in 1637 . Significantly this made,-7.516057,7.440529
0,0,4.216290562908398e-06,iam,8366,"banquets of later days , when the table",7.7444153,-23.593748
0,0,6.225403922144324e-06,iam,8816,"and Red Flag badge , thus presenting a much",-28.37869,-24.11129
0,0,2.263482201669831e-06,iam,7574,information is contemporaneous with the New Testament .,-28.584719,-11.03899
0,0,3.136800387437688e-06,iam,10043,laid his hand on hers . Gay smiled at him,20.313478,-22.364777
1,1,0.9965535402297974,emuru,8107,In this 200-fathom trench the herring do not touch the bottom .,34.38902,13.035509
1,1,0.9898675680160522,emuru,9612,But Forrest might at least have tried . He 's,27.239416,19.331322
0,0,0.002635418903082609,iam,8034,need for the text of the angel are quoted,-6.830542,1.8118705
0,0,0.001998250838369131,iam,10194,liked during his off-duty periods,-10.703441,-26.64409
1,1,0.9998985528945923,emuru,9672,black eyes showing any emotion . With a,5.4805865,-3.12602
0,1,0.9771252870559692,iam,8862,"with a book on the life of Marx ,",51.96589,0.0200356
0,0,6.846908462421197e-08,iam,7515,and who is now being pluckily convivial,13.238978,-31.201447
1,1,0.9990822076797485,emuru,8517,"science of cookery , however , is",-30.129635,3.1568751
1,1,0.9901302456855774,emuru,10282,"And as he spoke , the thought",-0.0115433615,32.02241
0,0,0.0031411410309374332,iam,7709,"are used on Passover , to depict the "" time of our freedom "" .",-29.80523,-15.180675
1,1,0.9997742772102356,emuru,8766,"such as serpents , frogs , and the like .",17.930668,32.5167
1,1,0.9996495246887207,emuru,8279,"The Merstham Tunnel , on the London-to-",-3.8338938,-1.0237634
0,0,7.228121830848977e-05,iam,8078,revived with designs suitable for contemporary,24.040756,20.184937
0,0,0.005600638221949339,iam,9343,"rays , not seen or felt , which change our bodies .",-1.7508256,-29.827576
1,1,0.9999051094055176,emuru,8476,"alive , dipped in treacle and swallowed",-0.7335452,25.82198
1,1,0.9988621473312378,emuru,8332,would not do ; nothing an American would not,17.395344,4.614903
0,0,2.789418545035005e-07,iam,9674,"Willie Kim was speechless , only his slant",-24.845213,-5.8187666
1,1,0.9966742992401123,emuru,9626,on the estate was a major error :,50.39143,0.1991219
1,1,0.999996542930603,emuru,10050,"would never be jealous again , would even take Larry's advice and",22.637081,1.1243031
0,0,1.6294028455376974e-06,iam,8344,ladies toying with these primitive morsels in the,11.097481,-20.159338
1,1,0.9999428987503052,emuru,7504,strike . It showed Britain today through the eyes,15.402977,3.028005
0,0,6.761527401977219e-06,iam,7915,to live a day at a time . Even those who,-2.234687,2.7404747
0,0,5.700829206034541e-05,iam,7491,"him of his ugly battle-dress , to leave him for",-26.953661,-8.281515
1,1,0.990282416343689,emuru,8707,officials had formerly made private bargains,29.2827,21.905573
0,0,0.001749961986206472,iam,8207,named Brown .,-39.16988,-10.432803
1,1,0.9999732971191406,emuru,8204,"which to proceed , and the inquest was",16.996563,-7.178432
0,0,6.186539280861325e-08,iam,8653,taxation not merely for defence and,15.0791235,-30.377056
0,0,4.216117758915061e-06,iam,10049,"moon was just rising over the rocks , then",-32.161922,-9.069047
0,0,9.338853487861343e-06,iam,9237,""" Where are we going , Mam ? "" inquired little",-11.86342,11.259391
0,0,8.570370846427977e-05,iam,8773,contraction of the ventricles . Going on in Chapter Three,8.999129,-33.816067
0,0,5.528415204025805e-05,iam,9862,""" Ever been to Fleet Street ? "" asked Bawley .",-6.0555,-9.065996
1,1,0.9973360896110535,emuru,7953,aimlessly along is more wearying than any-,-9.1190405,32.380035
0,0,0.0003783597203437239,iam,9857,give me a ring at this number and I 'll,14.872668,-15.538367
1,1,0.9999024868011475,emuru,8655,"crown lands , the fees of feudalism",-5.6975837,-30.4964
0,0,0.00031673721969127655,iam,8237,yet so strange were the circumstances that it was,6.5155225,-21.38075
1,1,0.9995119571685791,emuru,8650,those in authority to find some simple,9.371944,32.34811
0,0,7.324953230636311e-07,iam,8248,"of a railway will be worse than Ipecacuanha , """,-15.509535,-5.1158094
1,1,0.7653086185455322,emuru,8634,"Calais , Cherbourg , Brest , Bordeaux and Bayonne ,",9.01331,35.21195
0,0,0.008090043440461159,iam,9937,"unreadable as a rock . "" Let 's get over to the",35.851295,-8.0143
1,1,0.999902606010437,emuru,8028,texts to support the thesis of R. Joshua b. Levi .,25.564594,2.1639674
1,1,0.9951977133750916,emuru,9221,precious than jewels . Though Mofydd Owen,44.353226,3.35692
0,0,4.3031670315940573e-07,iam,8540,waxed enthusiastic about Bouilla-,-31.298628,-22.981863
0,0,0.001348195131868124,iam,9035,"Finally , being so obviously on their own ,",30.89312,12.507823
0,0,0.0007836508448235691,iam,9626,on the estate was a major error :,-4.5308995,-14.086288
1,1,0.9999045133590698,emuru,9307,On the back seat Stan Hayball embraced,-2.1798682,-9.786062
1,1,0.9997090697288513,emuru,8822,"on West Street , where a successful Sunday",36.739876,9.117995
1,1,0.9990894794464111,emuru,8946,"over his head and yawned agape ,",-28.766676,-1.3896313
1,1,0.98490309715271,emuru,7992,into a dull routine . I have great,21.41522,21.80049
1,1,0.9986988306045532,emuru,8486,"it and dry it , in which form , dusted",-10.194688,-36.954964
1,1,0.9999868869781494,emuru,9636,"would be 3"" plenty , plenty sad "" not to be back",13.920107,-7.3454204
0,0,2.3117868295230437e-06,iam,9210,"reasonably . "" Start running punctual and where are you ? People get",-9.876244,-24.020498
0,0,0.009284630417823792,iam,9787,""" Oh , the Press , "" said Seaweed . "" Down here on business , Mr.",-16.000746,-9.903063
1,1,0.9999810457229614,emuru,8066,' The Holy Spirit manifested itself in three places :,19.460861,10.834808
0,1,0.6382728219032288,iam,9197,"trees and bushes , that stood well out over the lake .",-36.9537,-15.346739
1,1,0.9998601675033569,emuru,7542,written in Greek . A modern text of the,10.119875,32.723526
1,1,0.99754399061203,emuru,10291,will contact your new doctor,-27.853792,14.89492
1,1,0.9999828338623047,emuru,7971,"As it is , with so much of our life already",12.919821,10.263484
0,0,2.8451820980990306e-05,iam,7840,the way to face life . To see all the latent,-19.557053,-6.5985017
1,1,0.9978988170623779,emuru,8701,"first , the Church , which wisely followed the lead",24.170702,15.664822
0,0,0.0009452772210352123,iam,8122,be accidental . Yet there will always be some,-23.944706,-11.161364
0,0,0.0002013592456933111,iam,9183,"any rate they remained with us , perhaps",-0.18638177,-18.830957
0,0,0.0007798196747899055,iam,10209,dancing with a blonde at eight-thirty that,-14.7125,-4.9208856
1,1,0.9988560676574707,emuru,7654,"Then the whole earth will be His Altar . "" And it",19.987656,7.5592365
0,0,0.0009996460285037756,iam,9196,"was impatient for it . This afternoon , then , we climbed",-22.366283,-9.473395
0,0,3.987510694969387e-07,iam,8466,"According to Pliny , and others , certain herbs",-8.843852,-18.670898
0,0,0.00045031518675386906,iam,7734,how to live and accept all the bitterness,-28.914188,-20.381989
0,0,2.0809800844290294e-05,iam,8396,delicacy - sought inspiration at last from,-6.5443316,-36.616684
0,0,1.0285059943271335e-05,iam,8640,then the primary essential to the success,22.005459,-23.756287
1,1,0.9957811832427979,emuru,9201,""" Good-bye , Dai , "" said Morfydd , smiling from the bottom step .",-5.8386846,17.786165
0,0,3.254875628044829e-05,iam,10192,Now Nigel had every right to go where he,-24.491554,-16.974216
0,0,3.2980790365400026e-07,iam,8988,"know . Now , because of prior hypnosis we have es-",19.36911,-23.893387
0,0,0.3884039521217346,iam,8266,victim was a woman .,-38.297462,-17.56966
0,0,1.2218606570968404e-07,iam,8959,apartment he garaged his car and then stood,12.648435,-21.551228
0,0,9.11194638320012e-06,iam,9105,"as a statesman . """,-10.140426,0.18118426
0,0,1.1518662176968064e-05,iam,8189,essential to catch round fish whose,-32.85326,-20.386585
1,1,0.9998444318771362,emuru,9580,"from him to fondle Judy , who , sensing something",41.421413,-7.8093014
1,1,0.9994663596153259,emuru,8519,proportion as exists among her,29.134153,-9.848896
1,1,0.9999340772628784,emuru,8446,they broke fresh ground and called another sense,16.437576,15.725872
1,1,0.9999920129776001,emuru,7705,back .,-26.840403,2.1852808
0,0,3.248642997277784e-06,iam,9238,""" Damned if I know , boy , "" said the driver .",-9.623047,4.6554728
0,0,2.223578849225305e-05,iam,7912,held a high and responsible office lived in,14.373552,-33.64619
1,1,0.999998927116394,emuru,10288,of Philip lying in the other,-10.196867,-39.619244
1,1,0.9993938207626343,emuru,8128,But this southerly migration is not,-22.949219,31.074509
1,1,0.9962387084960938,emuru,8869,"This opened up a new interest , and we plunged",36.879807,16.301687
1,1,0.9999814033508301,emuru,8481,Among the natives of Northern Australia lizards,-5.405368,21.245813
0,0,3.3176814184798786e-08,iam,8458,fainting appetite and added a more exquisite and,-37.834526,-26.112186
0,0,6.41769147478044e-05,iam,9621,""" You think you could have carried more weight",6.0876865,-12.899657
1,1,0.9999489784240723,emuru,9199,heart that Morfydd was leaving him as surely as she was leaving Dinas .,36.774506,10.670996
0,0,0.00033311868901364505,iam,9339,the Heavy World become changed . Some die . Most live,2.2533128,-18.535767
0,0,2.50191192208149e-07,iam,9491,miles .,-33.006004,-23.140028
1,1,0.9980607628822327,emuru,9902,"for a hold-up as any , "" he said , reining in",3.3850517,29.533209
0,0,0.005119278095662594,iam,9403,with their wings soon died away as the wonderful,18.40381,5.9357886
0,0,0.002075595548376441,iam,9087,One wondered if this greater awareness of the physical cosmos might,23.748198,22.035238
0,0,2.3291642719414085e-05,iam,10268,"They often had such a rendezvous , for",-23.425074,29.467228
1,1,0.9998925924301147,emuru,9589,"You see , it was , apparently , through a mistake",29.839767,0.1489731
1,1,0.9999659061431885,emuru,8554,"household . Thackeray , of course , waxed enthusiastic",11.403123,-1.3766658
1,1,0.9998936653137207,emuru,9745,"famous Portsmouth hostelry , second only in historic",19.782928,17.88926
0,0,0.0003081688191741705,iam,9668,being flung against the huge boulders did the judge,-12.198594,-31.237514
1,1,0.9996565580368042,emuru,10345,then Philip was so certain that Nicholas,-3.562506,-3.9389682
0,0,0.03161785379052162,iam,8238,hazardous business .,51.432808,-0.38276836
1,1,0.9965730905532837,emuru,8758,The only concession made in view of the,-9.0502205,-28.489824
1,1,0.7689924240112305,emuru,9906,But I reckon they 'll be too busy shooting at,52.291008,1.3788407
0,0,0.0025027343071997166,iam,9902,"for a hold-up as any , "" he said , reining in",-9.252371,-36.28956
0,0,1.9411181710893288e-05,iam,8173,"it , swimming at the same speed",-10.511751,8.8489895
1,1,0.8068192601203918,emuru,9651,did not act as though he found it necessary,0.16240342,34.27524
0,0,0.00033240363700315356,iam,7798,led us to believe . Laud was enthusiastically hated,-13.354428,13.306336
1,1,0.9994109869003296,emuru,7806,a sense of reverence . The Prayer Book was to be respected,17.955359,7.740709
1,1,0.9999943971633911,emuru,9926,down with a shotgun outside the Palace,-3.0839443,-28.25239
0,0,1.8663403125174227e-06,iam,9152,"if you ask me . Might be jaguar , might be ...",-26.210142,-18.717476
1,1,0.9947848916053772,emuru,9603,Beryl tried to suppress the thought that this was,0.8708668,20.183031
0,0,1.8394288758827315e-07,iam,8567,and a bowl of milk .,17.042622,-24.765553
0,0,6.292189209489152e-05,iam,8008,the comment of Rami bar Rabh is quoted,-3.6554856,-36.31455
1,1,0.9888948202133179,emuru,8809,12 o'clock at night . At that time pastries and buns,11.361727,28.672066
0,0,0.007484671659767628,iam,10096,with the cigarette packet which lay on the table,-3.6134198,35.727802
0,0,9.250800303561846e-08,iam,7544,text with absolute precision .,10.635898,-23.41423
0,0,4.7533114866382675e-07,iam,8298,"Both her wrists bore the marks of severe bruising ,",-22.210047,-22.494387
0,0,9.816930105444044e-05,iam,7952,we would find life considerably less exhausting,-15.372739,31.880621
0,0,0.002925280947238207,iam,8229,"a verdict of "" wilful murder against some person or",21.226114,25.671991
1,1,0.9829838275909424,emuru,7933,"homes . It is easy , desperately easy , to lead",-29.160719,0.7370323
1,1,0.9979636669158936,emuru,8986,"take charge , as it were , of the minds of the",28.858252,3.0491242
0,0,3.537395969033241e-05,iam,9064,a Mocrat Senator with a seat on the,-26.747442,-22.188808
0,0,7.196075785032008e-06,iam,10074,seeming to clutch her heart . Gavin was,-37.140697,-10.196147
1,1,0.9997664093971252,emuru,9499,asking Jack - as a representative of the Vallin family -,-4.09438,27.09963
1,1,0.9999622106552124,emuru,7817,unnecessary its fears were .,21.67807,13.24805
0,0,2.43943231907906e-05,iam,9198,""" Good-bye , Morfydd . "" He sought to enfold her in his arms . But he was too late .",-15.959147,24.480478
0,0,2.1814123556396225e-06,iam,8692,means of that ' staple ' system which ensured that,22.75116,-24.777
0,0,1.6241563571384177e-05,iam,7571,The other form of book was the codex . In this the,-14.928233,-31.429691
0,0,0.0016741498839110136,iam,7985,To have order does not mean getting,-17.461626,18.465752
1,1,0.9999086856842041,emuru,7500,British personalities . Among them - Professor,2.5892694,28.548143
1,1,0.9943572878837585,emuru,9997,"boy , then a young youth . He saw himself refusing",0.99052507,34.124527
0,0,0.0009157245513051748,iam,9874,talkative lady Madeleine respected her husband's,-19.763899,-16.263575
1,1,0.9999353885650635,emuru,9675,""" My God ! "" the judge cried out . "" The boy",18.430182,12.369523
0,0,1.800435347831808e-05,iam,10143,broken arm .,-28.994427,-25.185076
0,0,8.79408253240399e-05,iam,8504,"and of Goja : it is vivid , highly coloured , sometimes",-21.99784,-28.312773
1,1,0.9768872261047363,emuru,7773,able to render an account of their faith according,32.802635,9.054384
0,0,5.0015351007459685e-05,iam,7896,"inability to deal with life , especially under",-19.103287,35.37279
0,0,3.778173049795441e-05,iam,9925,With something of a start I remembered the,-34.59057,-3.7181802
0,0,0.001990186283364892,iam,7600,enlarged to become reservoirs or cisterns in,-15.247788,28.189568
0,0,0.0003315063950140029,iam,8808,dously hard work was if anything intensified . George used to,22.72332,5.7981663
1,1,0.9906858801841736,emuru,9839,"Service matters . """,-6.8179364,-5.747295
1,1,0.9999780654907227,emuru,8532,and aesthetic as well as physical . There is the same finesse,23.30278,3.2777462
0,0,3.2731977128719336e-09,iam,8479,peoples have a high opinion of the octopus,14.768573,-26.604918
1,1,0.9997416138648987,emuru,10008,"hunted eyes , as if the poor fellow had rocks in",4.427417,13.812413
0,0,0.00034856406273320317,iam,8241,"The next female fatality occurred eight years later ,",-8.749469,0.48666647
0,0,9.143057582150504e-07,iam,8429,"how to do it , too : - When the languid flames at",-30.56422,-26.68384
1,1,0.9997237324714661,emuru,9252,"he cried . "" Never mind your immortal",-8.065936,-21.649998
0,0,5.393789251684211e-05,iam,8255,"immersion in gloom , and the clash of reverberated",-17.750801,-7.374619
1,1,0.9999964237213135,emuru,7959,it becomes possible to work out a system,-5.7408214,29.809732
1,1,0.9999113082885742,emuru,10285,room filled him with a re-,-20.988474,12.862309
0,0,3.015607944689691e-05,iam,9778,printed at the head of most naval articles,-27.884373,13.44184
1,1,0.9977268576622009,emuru,7616,Such a Shamir possesses the real acid,18.801104,-3.1298676
1,1,0.9999864101409912,emuru,8052,whether the Heavenly Court concurred,-4.073955,-7.8556266
1,1,0.9982648491859436,emuru,9736,"what he likes . Anyway , why pick on you to succeed",13.85371,-7.431713
0,0,0.0001652241771807894,iam,7715,"so are we deficient without spiritual knowledge , and to",-9.021954,-14.502299
0,0,0.08637414127588272,iam,8673,"booty , a new group of Lords might oust",53.113686,0.6737487
0,0,3.3272681321250275e-06,iam,10197,"found they were off duty together , and",-7.9723806,1.9629158
1,1,0.9998310804367065,emuru,10030,went quickly back to fetch them .,3.5722253,3.7640538
1,1,0.9993959665298462,emuru,10190,when she was not free ; this much they had,21.341932,0.46847507
1,1,0.7076634764671326,emuru,9825,"John flushed . "" I 'm not in need of charity . "" "" Come",-3.2683911,-36.5544
0,0,2.464414319547359e-05,iam,7917,that it taxes the mind . Two hundred,-25.206175,25.439909
1,1,0.9989523887634277,emuru,10103,and no doubt he would come back soon and,-8.863244,22.71119
0,0,8.922924621401762e-07,iam,9590,hardly have spoken with more contempt .,19.22879,-28.055216
0,0,4.380549944471568e-05,iam,8370,"dishes , and for all the blossoming of the",-14.182042,-17.47331
0,0,9.01249165963236e-07,iam,9059,"salary raise , on the expectation of which they",-35.361496,-5.274292
0,0,0.0007101044175215065,iam,8140,but quite apart from this wind effect,-13.817599,27.2978
0,0,6.177389150252566e-05,iam,9347,"stubbornly , throwing himself down . But Lily-yo and",0.6168233,-15.656284
0,0,9.03172985999845e-06,iam,8341,the progress of civilisation which allows a dish,24.125256,-14.005715
0,0,6.814298103563488e-07,iam,8192,"small , a matter of a foot or two . With round",-32.357475,-8.2392235
0,0,0.007373003289103508,iam,9408,"Motion there was , but motion without event - except",11.055109,18.428574
1,1,0.9999980926513672,emuru,9878,"silences , for she knew they betokened a worry of",25.23251,13.710541
1,1,0.9985461235046387,emuru,9253,very moment when we should be,5.1492047,10.524411
1,1,0.9999934434890747,emuru,8020,already in the hands of the Redactors .,-7.061007,-26.69546
1,1,0.9998218417167664,emuru,8389,nowadays their simplified meals would seem quite,10.129063,-4.201725
0,0,8.455183706246316e-05,iam,8379,"generously enough in his own fashion ,",-24.290247,-27.386639
1,1,0.9999909400939941,emuru,9107,"That 's how he got the votes , that 's how",13.713453,14.958053
1,1,0.9953677654266357,emuru,9306,"Megan Thomas sat tight-lipped , nursing",-24.919914,12.796487
1,1,0.9983774423599243,emuru,8072,One can remember with horror the pictures of the,25.528427,18.035517
0,0,8.456240720988717e-06,iam,9013,a new and strange phenomenon .,-7.9256625,-2.7307973
0,0,2.2059515686123632e-05,iam,10180,"evening , "" If we get married , old girl , you 'll have to stop",-40.204712,-1.076182
0,0,0.00036090039066039026,iam,7975,By this means they avoided each,-3.8036962,7.919214
1,1,0.9987977743148804,emuru,8956,side to side .,19.203596,32.122025
0,0,2.311497155460529e-05,iam,8364,meal-times of a simpler world to the,-26.469757,-29.266378
1,1,0.9999867677688599,emuru,9115,so sharply in international politics were as abstract,18.16414,1.8478149
0,0,1.7645601474214345e-05,iam,7950,the end of the day with far less strain if,-17.993773,35.16341
0,0,0.03698711469769478,iam,7626,The action of the Shamir writes books and their,-14.434528,-9.576599
1,1,0.9999902248382568,emuru,10075,the terrace thinking that perhaps Gavin,18.38148,31.594675
0,0,0.002370353089645505,iam,9994,and forks and tidying up implements . It might,-19.109549,-26.62306
0,0,2.4262844817712903e-05,iam,8016,R. Joshua b. Levi . The proof text for the,-19.955496,-20.695719
0,0,6.865956038382137e-06,iam,7966,for this . I know how much of a drag it can be,-33.52655,-10.871523
0,0,7.317824497476977e-07,iam,8254,gave others a feeling of danger . A medical journal,-20.323668,-12.531032
1,1,0.8331032395362854,emuru,7475,"playwright Arnold Wesker . "" Instead , Muggeridge's appointment",36.633236,15.2514105
1,1,0.9998798370361328,emuru,8960,A superfluous precaution for there was no other car,17.230574,33.843166
1,1,0.9998571872711182,emuru,7915,to live a day at a time . Even those who,7.601557,23.123343
0,0,7.40642353775911e-05,iam,9274,regarded this possibility with,-31.656534,18.75469
1,1,0.9999916553497314,emuru,8018,The sugya is built around the saying of,21.893782,-0.93613803
1,1,0.9999542236328125,emuru,7676,"aside , and serve other gods , and worship them "" ,",1.6185683,-7.9038706
0,0,8.660719686304219e-06,iam,9371,well we can - think . This tribe of the True World,-24.446981,-6.1266894
1,1,0.9999899864196777,emuru,8965,The set lighted-up but gave only a low,7.589761,0.7152963
0,0,0.00011497371451696381,iam,10216,""" No , "" she told Phil Gubbins , a junior",-21.596083,33.925438
0,0,1.2148779205745086e-05,iam,9871,"any time - knock twice and ask for Bawley , what ? """,-23.686882,-22.934061
0,0,0.00023520666582044214,iam,8952,"transcendent event , the exalted desire of all",-0.70553756,-0.053111967
1,1,0.9996525049209595,emuru,9711,"inches . Maybe big one four feet ,",-31.483307,-13.24495
0,0,4.382055465157464e-07,iam,8654,the private wealth of the monarchy,16.439667,-31.551405
0,0,7.577635869893129e-07,iam,9419,Alastair was a bachelor . All his life he had,-14.7408285,6.7868643
1,1,0.9998723268508911,emuru,9630,Their air of smiling somnolence showed them,16.416748,1.8789945
0,0,0.0005403434042818844,iam,7627,"diamond that incises the hardest rock , the hardest",-20.219097,-27.055578
0,0,0.014331868849694729,iam,8197,the victim and inspecting at Waterloo the carriage,-33.29208,14.852407
0,0,9.82404799287906e-07,iam,7528,"original was written on a roll , or codex , which fell into disorder or was",-29.240046,8.774287
0,0,1.0306091098755132e-05,iam,9549,""" And I 'm heartily sick of being constantly called",-35.86279,3.311835
1,1,0.9984949827194214,emuru,9703,drag the boat ashore and turn,-0.98410577,34.49134
1,1,0.9984194040298462,emuru,9332,"Mutinous dog , thought the Rev. Edwards , who hadn't",-6.489154,-29.755863
1,1,0.9985902905464172,emuru,9361,babies may be born with wings . ' The Captive with,-3.3747122,-29.859507
0,0,0.0004877631727140397,iam,8938,"Then , abruptly , he drew himself up",-30.238857,-8.98943
0,0,0.0015721815871074796,iam,9574,You made some sort of a protest to Graybury .,-25.937271,23.393414
0,0,1.7508388339138037e-07,iam,8477,"from eating it fresh , squash it , press",15.919222,-24.419254
1,1,0.9999768733978271,emuru,8309,"The girl , who was described as being "" always bright and",-12.002076,17.647722
0,0,5.825994321639882e-06,iam,8367,groaned under its load of complicated,-30.264105,-11.591681
0,0,3.271626525247484e-08,iam,8722,attempt to apply a sliding scale to the,-10.577432,-13.045293
1,1,0.9999760389328003,emuru,7801,"Forever associated with Charles is Archbishop Laud ,",-1.7755466,-7.360369
1,1,0.9986183643341064,emuru,9210,"reasonably . "" Start running punctual and where are you ? People get",10.894556,21.500582
0,0,0.00021084625041112304,iam,7956,out for forty years I find difficult to understand .,-22.8826,28.826721
1,1,0.9999171495437622,emuru,8034,need for the text of the angel are quoted,14.76349,-4.8843436
0,0,8.557574619771913e-05,iam,10068,"then caught her breath , a cold hand",-39.57637,-24.086786
1,1,0.9999841451644897,emuru,8479,peoples have a high opinion of the octopus,9.449399,3.3881452
0,0,0.0003242184757255018,iam,9607,between what a senior and a junior,20.40132,-20.982327
0,0,2.2768459473354596e-07,iam,9007,ting how the Thetan machinations had been,-9.185144,7.118153
0,0,0.0008774105226621032,iam,7504,strike . It showed Britain today through the eyes,-21.717543,-21.600517
0,0,5.06255730670091e-08,iam,10121,thought you were sensible too . Don't,-39.8125,-16.98206
1,1,0.9979846477508545,emuru,10022,"led the way in . "" The stained glass",-24.03552,19.937191
1,1,0.9995656609535217,emuru,9674,"Willie Kim was speechless , only his slant",14.932774,10.540661
0,0,0.0001675320672802627,iam,10291,will contact your new doctor,-26.832342,8.994347
0,0,2.0089025838387897e-06,iam,9781,"otherwise than take it . "" Pleased to meet you ,",-16.238266,-10.629465
0,0,1.8703742625802988e-06,iam,7782,"definite . It was at this time , too , that King James made",8.257023,-26.23202
1,1,0.9999802112579346,emuru,8118,accidental . Being contranatant or against,-18.664516,13.123782
0,0,4.221736890031025e-05,iam,8788,"thus synchronous with cardiac systole but ,",-15.686255,0.49981156
1,1,0.9998422861099243,emuru,9563,to understand all the whys and,-25.31287,7.3673544
1,1,0.9997796416282654,emuru,8588,dish in which it was served . He turned # it over,24.265314,0.28782767
0,0,0.006485378369688988,iam,9995,His curious headgear fell off . Strange things,3.3321471,26.826982
0,0,0.00018379824177827686,iam,7601,orchards to the vital question of water,-15.150965,30.141403
0,0,0.00017224835755769163,iam,9946,colour drawing . Between us and that lay,-1.1435542,-18.979832
1,1,0.9992895126342773,emuru,9238,""" Damned if I know , boy , "" said the driver .",6.309042,11.349563
0,0,1.1017425549653126e-06,iam,9510,north of the island .,14.683367,-23.423018
0,0,8.746279490878806e-06,iam,9868,"Master bloody Munyard . "" THERE were six submarines ,",-12.490085,-16.29982
0,0,0.007468797266483307,iam,9823,"why should you ? "" "" I see . "" John took the",17.016035,-11.476171
0,0,6.344330904539675e-05,iam,8196,"in which she had died , there was nothing on",-29.796144,-18.43124
0,0,3.996558370999992e-05,iam,9298,"when he went to Morfydd's house , all",-30.56092,19.595648
1,1,0.9999362230300903,emuru,8970,"Deadly stillness , deadly portent !",44.284946,1.6331996
0,0,1.1272692972852383e-05,iam,7749,""" four cups "" to thank the Lord our God for the "" four",-27.494974,-22.347414
0,0,8.251992767327465e-06,iam,10342,of suspense . ' It will be interesting,-13.740016,24.97458
0,0,4.132755009322864e-07,iam,9687,end of the wharf . But by pressing,-33.35117,-7.9179416
0,0,0.0002882514090742916,iam,9285,walking very dogged towards Llangrwl .,-30.754744,17.978909
1,1,0.9811785817146301,emuru,9748,and tonic .,13.585775,28.24692
1,1,0.9995001554489136,emuru,9046,"But not for long , for soon pedestrians and cars flocked upon",26.001171,6.2211447
1,1,0.9999995231628418,emuru,9787,""" Oh , the Press , "" said Seaweed . "" Down here on business , Mr.",13.337984,-9.923156
1,1,0.8600894212722778,emuru,8343,meat or fish burnt and roasted in the,8.103144,34.734993
1,1,0.999997615814209,emuru,7714,to learn . Education is always the most important task .,12.629268,1.8812852
1,1,0.9969651103019714,emuru,8775,contraction of the heart and the apex beat occur in,16.311556,2.9322822
1,1,0.9996412992477417,emuru,8046,original question and answer and this is quoted,23.611908,-3.0871034
0,0,4.826056283491198e-07,iam,8524,typically French .,-31.582687,-24.963482
1,1,0.9999998807907104,emuru,9501,vengeance . She had expected to be met with violent,15.459294,7.3307405
1,1,0.9987820982933044,emuru,10309,"fided in her , given some expla-",-2.4214838,28.626923
0,0,1.0513749657548033e-05,iam,9291,But disappointment awaited him . A,-22.033615,-18.548746
1,1,0.9998124241828918,emuru,8120,"that find it if enough are travelling , just as",-26.84518,19.322899
0,0,0.0005525388987734914,iam,10298,scription for the sedatives . You,-3.784105,11.488816
1,1,0.9954674243927002,emuru,9625,to have been guests at yesterday's,26.829695,2.9800637
1,1,0.9991779923439026,emuru,8811,Soon they were good enough to sing at meetings .,20.458584,-5.5525427
1,1,0.998384952545166,emuru,8182,was actually just off the bottom and was,-28.343288,24.208384
0,0,0.0017957935342565179,iam,9342,and grow wings . Between the worlds are many strong,-17.716177,3.4655578
0,0,2.517764414733392e-07,iam,8507,melody . The paprika and caraway perfume,-31.411722,-24.900831
0,0,0.0004672610084526241,iam,10310,nation . Now there was no-,-18.56053,19.284204
0,0,0.05941770225763321,iam,7691,"the problem of life cannot be solved . "" Therefore shall 1ye lay",-15.088834,-7.566405
0,0,0.00010418779856991023,iam,10036,the excitement of meeting,-34.99946,5.369117
0,0,4.819571586267557e-06,iam,9213,""" Left here all right , "" said Ifor . "" Two-thirty-five , on the dot . "" "" It 's",-20.195757,-20.99011
0,0,0.0023036871571093798,iam,7580,might be bulky . It is sometimes possible to tell,22.949354,-13.171053
0,0,5.305301601765677e-05,iam,8024,( This is probably to be understood as a well-,-19.28605,-19.111063
0,0,2.585144613931334e-07,iam,9448,"left , Milan . The directional angle of the",20.435114,-27.328825
0,0,4.55382905784063e-06,iam,8984,selves in their zeal to get their orders and to carry,14.559046,-19.561031
0,0,0.002759729279205203,iam,8174,it reaches them . They move away before,-3.757576,7.6121483
0,0,0.007962710224092007,iam,8999,they will promptly give us their hypnotic,21.538301,19.007011
0,0,7.76129490986932e-06,iam,7737,"principle and this gives us "" a wink "" ( Remez )",-27.578007,-13.229748
1,1,0.9999936819076538,emuru,10035,"pocket-book , with a sick feeling",-3.0889807,28.833096
1,1,0.999359667301178,emuru,9613,"pretty spineless ! """,28.781485,15.426153
0,0,1.221673414875113e-06,iam,8473,A number of newly-born white mice served,8.59647,-29.142443
0,0,1.878921580100723e-06,iam,9832,""" Tell me who the little bird was . "" "" Can't",13.06481,-18.019318
1,1,0.9717994928359985,emuru,8865,"After the First World War , 1914 , I did not visit",21.027376,8.690856
0,0,5.375143246055814e-07,iam,8485,"and the Chinese . The Celestials , apart",13.059975,-18.413673
0,0,0.0015770888421684504,iam,8600,"The same man went to see Carlyle , and , after mentioning",15.704761,-21.224903
1,1,0.9976932406425476,emuru,9044,"They followed him to a city bus stop on Carling Avenue , where",23.536497,-0.65599895
0,0,1.6348274584743194e-05,iam,8775,contraction of the heart and the apex beat occur in,-20.494007,-4.8804994
0,0,1.9401169993216172e-05,iam,8395,intelligent selection and comparative,-26.245972,-25.331114
1,1,0.9938926696777344,emuru,10181,been standing in for Luke Parsons at his surgery in,35.837917,8.189723
1,1,0.999948263168335,emuru,9562,""" Oh , drop that nonsense , Piers !",3.9793844,6.275271
1,1,0.9998823404312134,emuru,8907,Chairman of the local War Pensions Committee . This,20.887306,3.2228956
0,0,7.179528438427951e-06,iam,7738,represents Remez ; ( 3 ) Dipping-in represents,-30.14287,-16.456783
0,0,1.1933087989746127e-05,iam,9155,"feeling , like I always get when something",-25.586603,-10.64556
1,1,0.9999860525131226,emuru,7853,"Toyohiko Kagawa . Loving Saviour , who experienced",-26.66519,20.412397
1,1,0.9997660517692566,emuru,9977,was never long on patience .,-0.65905565,-25.790485
1,1,0.999568521976471,emuru,7856,we are with Thee .,13.481842,9.372475
0,0,0.0006968709058128297,iam,10069,hers in an intimate way .,-16.208038,-25.930176
0,0,0.0007930407882668078,iam,9057,"Heaven alone knew when , if ever , he would be",-10.56747,25.528053
1,1,0.9997853636741638,emuru,8372,"tongues ; unreasonable surfeit , too , in the",1.4978644,-9.911722
0,0,2.728784784267191e-05,iam,9146,carefully casual . ' The servants are all on,-11.741689,35.077713
1,1,0.9994633793830872,emuru,9173,"to watch Mr Septimus more closely , Mrs",30.136238,5.0865927
0,0,1.1577095392567571e-05,iam,8855,their candidate must go forward in the,-13.69189,5.738593
0,0,1.0757516974990722e-06,iam,8217,for a man who had been seen leaving the train,11.543952,-27.088167
0,0,2.4641392883495428e-05,iam,8206,a detailed account of his movements on the 11th . The dead,-25.925732,-14.692432
1,1,0.960921585559845,emuru,10371,"the result being somehow as ineffective , not",6.726022,-13.062778
0,0,0.029187804087996483,iam,9382,are slaves to it . Only an outcast is free . Because,-19.25691,-4.710778
1,1,0.9999862909317017,emuru,10175,"Sometimes they talked on the theme of "" when we get married "" ,",28.639755,5.162271
1,1,0.9966639876365662,emuru,8029,There is no reference to the Mishnah here,11.522467,-8.860393
0,0,6.0292539274087176e-05,iam,9353,"Lily-yo said , doubtingly . The Captive with the",-18.253437,-20.961885
0,0,5.8375294429424684e-06,iam,8461,board . The gratification of the sense of smelling,-30.233767,-24.029175
1,1,0.9988778233528137,emuru,7775,verily and indeed taken and received by the,23.513332,1.657871
1,1,0.9995948672294617,emuru,7591,"cannot think of an author , Mark for example ,",18.914848,16.335016
1,1,0.9998854398727417,emuru,9943,"a vast stretch of hills , canyons , buttes and",-0.6981775,-6.260494
1,1,0.989463210105896,emuru,9265,"is it ? "" "" Mutual recriminations will get",-28.31613,15.055536
1,1,0.9995754361152649,emuru,9757,"gin ? "" He turned to Seaweed -",0.5272253,-9.6479025
0,0,1.6016819870401378e-07,iam,8787,"ception , the more distal arteries pulsate",-13.840698,-0.1258019
1,1,0.9976102113723755,emuru,7468,She plays the possessive mother of a man whose hobby revolves,-2.4980917,36.075672
0,0,8.126770580929588e-07,iam,7512,arrived two hours earlier by appointment,-21.233164,-4.0981455
0,0,3.5857001421391033e-06,iam,8981,"them out . Just what these orders will be , we don't",24.505516,-21.162708
0,0,2.1274997763498504e-08,iam,8724,But this time there was a very interesting,11.07775,-28.276592
1,1,0.9999433755874634,emuru,9731,""" So there you are , my dear . "" Peggy 's eyes filled",22.111776,0.09615242
0,0,0.0024603630881756544,iam,9572,"the matter because , very naturally , you were",-17.059902,-23.22255
1,1,0.9998668432235718,emuru,8185,Cover in the fast-moving trawl is considered,11.409811,9.990622
0,0,0.00021687506523448974,iam,10108,down to the beach . Gay closed her eyes for a,-17.979855,-19.001396
1,1,0.9999344348907471,emuru,9988,were going on in his bewildered brain . When,-17.616503,10.168535
1,0,0.44911861419677734,emuru,8282,"doctor , the woman , young , small , and rather plump ,",40.315937,4.1821547
1,1,0.9999614953994751,emuru,9921,After all it 's them we 're supposed to be,-4.596307,-26.901333
1,1,0.9978790283203125,emuru,8186,reaction to disturbance would be upwards .,-30.583061,1.8869439
0,0,9.502725220045249e-07,iam,8117,The details are harder still to see .,-19.721432,26.119036
1,1,0.9999908208847046,emuru,7495,Northern defiance . The cameras played continuously on his,24.460447,0.91670436
1,1,0.999289870262146,emuru,9072,"evening , when he had been left to cook his own meal .",14.479589,37.308907
1,1,0.9993541836738586,emuru,8311,long brown hair in a bun at the back of her head,5.7520337,19.270704
1,1,0.999998927116394,emuru,8499,aromatics where the paprika insinuates its perfidious,20.871508,10.038433
0,0,9.2632171799778e-06,iam,7861,only a disturbed tossing and turning,-34.559517,-10.611743
1,1,0.9999082088470459,emuru,8954,upward and shook his head slowly from,11.127,17.398464
1,1,0.9989250302314758,emuru,9095,we might get GO a bit better if he entered politics .,-6.058253,31.172813
1,1,0.999944806098938,emuru,9821,"he said . "" Expense account . You 're a married",29.14923,4.879483
1,0,0.42367222905158997,emuru,9206,damn bus .,52.746838,0.7756905
1,1,0.9996315240859985,emuru,7835,frightening possibilities and yet by facing,24.065737,4.97472
0,0,3.7896948924753815e-05,iam,8832,One of the students was young,-5.186223,10.229828
0,0,6.913495599292219e-05,iam,8346,How many centuries later did the mercenary in,-8.12296,12.365262
0,0,1.1278973033768125e-05,iam,9286,the bus . He passed The Traveller's,-31.488148,17.720055
0,0,5.338606570148841e-07,iam,10055,"Lilyan remonstrated . "" They want to be",-35.063282,5.8520174
0,0,6.768009939150943e-07,iam,8734,Again the resentment was widespread and,-12.275383,-13.138572
0,0,0.00014358246698975563,iam,8002,matter on hand .,-18.970938,18.165531
1,1,0.9999450445175171,emuru,8746,those charged with the crime . It is clear,16.499832,8.697413
1,1,0.9978164434432983,emuru,7859,"we face life boldly , many of the shadows are",31.629862,-1.3862828
1,1,0.9973042011260986,emuru,9712,"man at catch 'em than Injun , Judge .",8.460061,23.78023
1,1,0.9896416068077087,emuru,7643,"language . The Shamir is the "" seventh "" and",35.07312,17.980389
1,1,0.9983981251716614,emuru,8024,( This is probably to be understood as a well-,9.350552,-7.085462
0,0,7.889978803632403e-08,iam,8329,nothing the Chinese would not eat .,19.622974,-26.118486
0,0,0.0006850348436273634,iam,7484,essay on soldiering which stated that a fighting,-5.487358,-33.337196
0,0,2.094714727718383e-05,iam,8871,a village choral society and conduct it .,20.62617,-20.80569
0,0,2.274832695547957e-05,iam,8355,always been strong in mankind . The sharing of,25.879734,-22.089481
1,1,0.9591004252433777,emuru,8166,aware of the moving footrope before,3.5276213,11.453962
1,1,0.9996629953384399,emuru,7890,a burden to their families and their friends .,-11.975967,14.970924
1,1,0.9998339414596558,emuru,7480,"success last night in I T V's "" Private Potter , "" his",8.770515,14.854425
0,0,5.9369253904151265e-06,iam,9561,"look as though it was only what you expected of me ,",15.785273,-23.288975
1,1,0.9996405839920044,emuru,7529,showing that such changes are part of a,17.163998,12.576459
0,0,1.146351860370487e-05,iam,8576,been blind to the charms of turbot and,-39.29098,-10.408414
1,1,0.9981166124343872,emuru,10217,Nigel from the back . D.j. and all .,-20.52348,31.658415
0,0,7.114389063644921e-06,iam,8323,would not eat .,-27.659336,-24.826187
0,0,0.00018157385056838393,iam,8079,overcrowded and over-embellished drawing-rooms,23.006294,20.40043
0,0,0.0002061992126982659,iam,8125,are drifted back into the normal home,-25.606937,26.973011
1,1,0.9999668598175049,emuru,8586,Dante Gabriel Rossetti had simple tastes in food . At one,31.74417,18.319895
1,1,0.9999966621398926,emuru,8503,Schnitzel as well as dishes and stews heightened with,13.905918,-1.3256752
1,1,0.9997738003730774,emuru,8454,"perfumes , these refined voluptuaries aroused the",-26.13078,2.1714485
0,0,2.7404288630350493e-05,iam,9763,""" Make it a large one , darling . I know the naval",-18.973906,28.406445
0,0,2.3332127341291198e-07,iam,8155,"is strongest at spring tides , when without",-32.029922,-17.838202
1,1,0.9911879301071167,emuru,8688,journeymen and small tradesmen of the,29.153124,-9.8884945
0,0,0.0007198646198958158,iam,7482,"date . "" ACTOR Tom Courtenay was an outstanding",-1.4718851,-17.05824
1,1,0.9999912977218628,emuru,7756,"eating Matzos in Egypt and the "" Feast of Matzos """,18.484215,9.533893
0,0,1.2413838135216793e-07,iam,8751,the suggestion that the rich should help,-15.452389,-13.157349
1,1,0.9999600648880005,emuru,9098,"plump hand towards her grand pianos , etc :",12.576253,12.73443
0,0,7.896745955804363e-05,iam,8403,"Does one , however , know who first thought of boiling",-7.694418,-32.158447
0,0,8.500117019138997e-07,iam,9503,"coming back from Barbados so soon . "" Beryl",15.325708,-28.534744
0,0,0.0020292133558541536,iam,10012,been attending some kind of fancy dress do,-25.976213,25.418718
0,0,9.254838673200538e-09,iam,10128,married life going to be like ?,10.754143,-22.83772
1,1,0.998779833316803,emuru,9899,thinking what a skill he had for reading,14.328161,22.613901
0,0,1.318524709859048e-06,iam,8720,borders between private and public purse were,1.0895795,9.6497755
0,0,0.025624848902225494,iam,10142,I can for him so that she can get out to do her shopping .,31.940067,4.5738215
0,0,0.030743341892957687,iam,8165,"be by actual contact , or by sight reaction to the disturbed",-9.236744,-6.4280643
0,0,0.000650486268568784,iam,9982,"observed Dan , shifting about in his saddle . He",-17.646103,-10.844777
0,0,0.008568843826651573,iam,7459,"I don't think he will storm the charts with this one , but it 's a good start .",-13.823887,-9.94201
0,0,0.000782521499786526,iam,8172,that of flat fish on the bottom .,-20.34919,14.646862
1,1,0.9976193308830261,emuru,7866,"the mind . Very few people , under normal",-29.070131,1.1402043
1,1,0.9999985694885254,emuru,8031,by the Gemara in support of R. Joshua b.,23.70174,10.876513
0,0,0.00015115980932023376,iam,7907,"months , even a Prime Minister could go to",-22.510185,-4.4744506
1,1,0.8890110850334167,emuru,8935,"hollow , and the news that Byron had left",9.873526,35.121414
0,0,2.581431999715278e-06,iam,7905,made this century is the way in which illness,-28.973188,27.923138
1,0,0.4283713102340698,emuru,8765,In Chapter Two he gauged the nature of the heart's movements,-8.4913025,-14.719364
1,1,0.9995643496513367,emuru,10342,of suspense . ' It will be interesting,18.87201,15.796814
1,1,0.9988161325454712,emuru,7880,"the washing-up - while others , if they",22.195576,14.3100605
1,1,0.9998346567153931,emuru,9538,on his taking her out in the jeep -,4.588028,24.28615
1,1,0.9999954700469971,emuru,8474,like a prairie oyster is considered a,-1.8498358,25.441256
0,0,8.195110240194481e-06,iam,8512,"essentially French , and , irrespective of",-34.154953,-17.454868
1,1,0.9999980926513672,emuru,9130,neurosis and not in some eruption from those,30.745348,-0.42102316
0,0,3.8743084473935596e-07,iam,8325,told us that there was nothing an En-,11.078615,-27.82859
1,1,0.9997833371162415,emuru,8591,"with Dickens says the menu was Whitstable oysters , a brown",31.092333,-0.42015898
0,0,8.076197991613299e-05,iam,8351,than mere converse has always been there .,-11.194166,11.367555
1,1,0.9993534684181213,emuru,7647,come across human Shamirs and they leave,30.684914,6.7940607
0,0,0.005838194862008095,iam,8771,"of the apex , the thickening of the heart walls , and",-18.029806,-4.81659
0,0,8.476155812786601e-07,iam,10022,"led the way in . "" The stained glass",12.44699,-21.876091
0,0,6.192395289872366e-07,iam,9086,allies being more inferior than formerly to W.C.U. in the,-20.463215,35.508446
1,1,0.9810466170310974,emuru,8106,echo-sounders . Bottom crowding comes when they cannot reach,-5.14686,-23.176353
0,0,0.0007356387213803828,iam,9733,sick . Just because he 's an Honourable he can do,-9.550569,-29.908812
1,1,0.9965656399726868,emuru,7862,which causes them to wake feeling worse,14.430806,27.258324
0,0,1.7106866607718985e-06,iam,9518,"Jack and Blanche were quick to sympathise , and to",17.797546,-22.532967
1,1,0.9997208714485168,emuru,10268,"They often had such a rendezvous , for",-21.757545,18.756914
0,0,2.061108119733035e-07,iam,10037,Gavin and the girl who had got,-8.267943,5.673351
0,0,4.423496946515115e-08,iam,8736,far away from the capital in a town with,12.478842,-30.848333
1,1,0.9402909278869629,emuru,9212,"supposed to leave at two-twenty . "" "" Who says so ? "" "" Your timetable . """,51.17878,0.69701415
0,0,4.054496912431205e-06,iam,8660,social services . A mediaeval oligarchy,-20.079496,2.7633202
1,1,0.9998651742935181,emuru,9820,man with a couple of kids . Can't go wasting,18.02806,31.059824
1,1,0.9999724626541138,emuru,8950,hands together between his knees and leaning,19.88172,2.8689485
1,1,0.9981614947319031,emuru,7901,great deal of tiredness which comes from,-16.032307,34.562836
0,0,0.0010723118903115392,iam,8239,were many people who believed that to travel,17.44644,-11.557768
0,0,4.355251348897582e-06,iam,8592,which he washed down with beer . A writer who had dinner,-18.386246,-11.847975
1,1,0.9743583798408508,emuru,7966,for this . I know how much of a drag it can be,17.177032,10.913097
1,1,0.9977878332138062,emuru,9422,faith which he was placing in her and,0.39755732,23.297363
1,1,0.9999904632568359,emuru,9792,"his glass . "" Fill it up , darling . Accuracy above",43.566525,1.9092709
0,0,0.00317981350235641,iam,9255,"folded it , and glanced idly out of the",2.2698226,6.529937
1,1,0.9987672567367554,emuru,9583,have had it in for Guy .,-0.9053857,-36.16364
1,1,0.9999107122421265,emuru,7658,mind together we cannot solve the further,10.959015,33.77711
0,0,0.0067292870953679085,iam,9046,"But not for long , for soon pedestrians and cars flocked upon",30.441786,2.7910652
0,0,2.094051978929201e-06,iam,8843,"socialism . With such men , who had the",18.156929,-20.433788
0,0,0.0014114697696641088,iam,9360,as we are . Some may be born right . ',-11.800087,-33.19878
0,0,1.4448260117205791e-06,iam,8055,part of the verse .,-11.980954,-33.23623
0,0,1.107534444599878e-06,iam,8511,possibly comparable alone to a gypsy,-34.809845,-12.381108
1,1,0.9919590950012207,emuru,9023,Dan paced the floor . He seemed completely unaware,18.385046,3.7133832
1,1,0.9997926354408264,emuru,8736,far away from the capital in a town with,8.027288,-3.3660479
1,1,0.9999451637268066,emuru,9793,"drop the rank - such a mouthful ! "" "" You 're",26.054102,-4.482744
0,0,4.522714789345628e-06,iam,10313,"the word . Nicholas , Philip ...",-8.809977,9.559862
1,1,0.9997369647026062,emuru,8880,"church was , it had its own atmosphere , and for centuries",24.050709,7.2049294
1,1,0.9999216794967651,emuru,7507,Shelagh Delaney and Alan Sillitoe attacked,8.257776,26.735125
0,0,0.0005261000478640199,iam,8023,because the Mishnah deals with the,-37.33873,-8.628781
0,0,0.00017907185247167945,iam,10170,""" There are all sorts of wonder-",-29.950287,0.58232355
1,1,0.9973466396331787,emuru,8080,numerous other crocheted pieces . It was some years,-12.521631,18.45041
1,1,0.9984803795814514,emuru,9659,"triangular sail , and to the judge's frightened eyes , so",33.43623,10.872776
0,0,2.5568246201146394e-05,iam,9935,country that lay all round Gilburg Crossing .,-28.438501,-8.741475
0,0,0.00041229056660085917,iam,7922,"piece . Now a man may live twenty ,",2.4780998,10.813551
1,1,0.9619916677474976,emuru,9836,"Regard this as a softening-up process , and",35.100067,18.098785
1,1,0.9974875450134277,emuru,8977,overtone that sang in his ears with an,-4.284218,-30.298824
1,1,0.9999788999557495,emuru,8580,of having his turbot removed first .,16.828068,24.181616
0,0,3.3513304515508935e-05,iam,9258,"Rev. Edwards . Now he put down his paper ,",-26.056555,12.78231
1,1,0.9993723034858704,emuru,9568,""" If you want my true opinion I 'll give it .",29.71872,-2.9870996
0,0,1.677180807746481e-05,iam,7849,"dwells in my hand , Knows this",-7.185391,12.0667095
1,1,0.9995900988578796,emuru,7861,only a disturbed tossing and turning,11.421938,12.602505
0,0,0.0006088532973080873,iam,7890,a burden to their families and their friends .,-23.357979,24.806164
0,0,8.525507291778922e-05,iam,7507,Shelagh Delaney and Alan Sillitoe attacked,-11.4395275,-3.1425898
1,1,0.9996678829193115,emuru,9737,dockyard and now that she 's ready for sea he goes,-5.9558353,-29.17562
0,0,0.00561897037550807,iam,10184,"with it was coupled a disembodied fragment of information ,",27.83621,11.263288
1,1,0.9999048709869385,emuru,8323,would not eat .,-3.4186583,-26.579058
1,1,0.9999874830245972,emuru,10197,"found they were off duty together , and",17.703894,32.557243
1,1,0.9875184893608093,emuru,8953,mankind through all ages ! The Kingdom of the,6.3947053,-8.1272545
1,1,0.9999723434448242,emuru,9250,"his head . "" God bless my immortal soul , """,15.67806,-3.1196673
0,0,0.003388425800949335,iam,9941,The air was fresh and clear and you,-10.581346,-31.525377
0,0,2.8247275167814223e-06,iam,8913,life .,-32.25838,-18.134151
0,0,0.005870267283171415,iam,8847,mined and obdurate in their attitude that,2.5464177,-22.15587
0,0,0.003962131217122078,iam,9593,"flamingoes our first morning on the island . """,25.481535,-16.318209
1,1,0.9993120431900024,emuru,7989,who does not always want to do,19.200436,17.154165
0,0,2.3231346858665347e-05,iam,9387,"come to you , Lily-yo , ' Band Appa Bondi added .",18.412302,-15.612757
1,1,0.9999563694000244,emuru,8414,we hear of the fleshpots of Egypt,17.422262,33.33011
1,1,0.9709197878837585,emuru,7904,"physical illness . There is , nevertheless , a",-16.10305,35.441483
1,1,0.9999775886535645,emuru,8985,""" The Thetans , "" he said , "" are presumably here to",43.315617,2.39205
0,0,7.450099019479239e-06,iam,8823,the members . The B.S.P. also rented pleasant rooms,-4.5764785,9.648508
1,1,0.9992075562477112,emuru,8832,One of the students was young,18.62729,17.795622
0,0,1.7431528931410867e-06,iam,7527,"accidentally damaged . An editor , who was not the author , made what he",19.881721,-19.206501
1,1,0.9999468326568604,emuru,7899,"of the mind is no longer feared or shunned ,",-6.5853243,31.455511
0,0,0.004831908270716667,iam,7707,Charauses ( a kind of fruit mixture in likeness of the,5.7115774,34.703217
0,0,0.016707617789506912,iam,9344,"' We know much , ' repeated the Chief Captive . ' Some",-30.648266,-2.8899577
1,1,0.999976634979248,emuru,10226,"suddenly in an upsurging of relief , "" that stupid",-29.364376,13.209683
1,1,0.9979378581047058,emuru,8249,sorts of horrible illnesses brought on by the,1.3774972,-7.6482596
0,0,1.719480314932298e-05,iam,8431,except by roasting and boiling . When,-23.76558,-20.821411
0,0,4.9648300773696974e-05,iam,9402,new flesh and tendon strengthened . To sail up in the,-9.840891,-4.1038017
0,0,1.0427418146718992e-06,iam,7477,will be with Sir Roy Welensky the Premier of the Federation,-11.771952,7.181785
1,1,0.9999579191207886,emuru,9936,""" Fenton or Somers , "" he said . "" Or the Town",-3.6973898,-26.00195
0,0,1.1407225883885985e-06,iam,8392,"of gorging the eye with magnitude ,",-25.302074,-26.667498
0,0,3.5070199828624027e-06,iam,9667,empty his lungs of stifling air and refill them,-2.21037,19.38158
1,1,0.9998530149459839,emuru,9397,We need such memories . So we ask you to go,43.6185,3.1874363
0,0,7.730376339054601e-09,iam,8714,"It was , therefore , a complicated and not very",25.373737,-27.781662
0,0,0.041321564465761185,iam,9375,Captives rule the True World ? ' Lily-yo asked,9.152767,-7.7095294
1,1,0.9955861568450928,emuru,8920,"When he saw Trelawny's printed letter , Lord Sidney wrote",35.29222,12.056987
1,1,0.9999803304672241,emuru,9527,it out with Piers when a reasonable,-36.105984,-1.8848068
0,0,3.3649771467025857e-06,iam,9483,He was able to trace the course of the river ; he,-10.603354,-5.4879036
1,1,0.9999814033508301,emuru,9159,"imagine the Christian martyrs twisting and shrieking ,",13.177325,15.239677
0,0,1.0017028984066201e-07,iam,7843,has something important to do with our,-19.336294,-7.050387
1,1,0.9983364939689636,emuru,8948,"thrust out , arms dangling loosely .",14.479611,22.5307
0,0,0.00028097821632400155,iam,7853,"Toyohiko Kagawa . Loving Saviour , who experienced",-22.111095,27.45915
0,0,3.7027748476248235e-05,iam,9996,Walking out of the chapel later on . Continuing,23.243612,-25.537413
0,0,0.14739568531513214,iam,7460,"CHRIS CHARLES , 39 , who lives in Stockton-on-Tees , is an accountant .",7.82287,-32.808437
1,1,0.9999868869781494,emuru,9999,dly decadence and absorption in debase-,-19.589636,7.5525575
1,1,0.9943298101425171,emuru,7765,remained . Other changes in the Book were equally,40.667732,3.2214196
0,0,0.002186398021876812,iam,9973,go and tell Nick Dowd we 've come to talk,-26.31648,-22.742447
0,0,0.00246663810685277,iam,9269,Morfydd Owen was silent . But she,-30.010572,15.178649
0,0,7.080247451085597e-05,iam,8846,Just as the Labour Party had fought the,-32.101,-12.381303
0,0,6.9399893618538044e-06,iam,8869,"This opened up a new interest , and we plunged",19.491814,-22.13755
0,0,3.5846497326019744e-07,iam,8483,definitely a delicacy while Mediterranean,-11.971945,-19.84575
1,1,0.9999632835388184,emuru,9660,close to the rocks that it would be dashed,12.575412,24.276705
0,0,0.03065645322203636,iam,7731,"more of the Torah and the Oral Tradition , our inheritance .",-31.034575,-10.033342
0,0,0.0004940220387652516,iam,8179,that the wave might be transmitted by the,-17.220207,34.87662
0,0,0.0032678451389074326,iam,8868,Towards the end of my five and a half years',-6.715665,-35.176727
1,1,0.9999243021011353,emuru,9547,"to make the presentation , I run the damned",-15.8756695,21.464664
0,0,2.0364932424854487e-05,iam,8534,The French have an inborn appreciation of good food and,-37.189034,-27.90924
0,0,5.388998943089973e-06,iam,8848,There was no abatement in political,-30.140978,-5.720794
0,0,8.938530471347406e-10,iam,8738,most notorious third poll-tax was agreed,-30.605616,-28.108309
0,0,0.0006219625356607139,iam,9022,"decided upon . Inside they sat down unbidden , while",3.7814426,-15.969886
0,0,0.0017410590080544353,iam,7648,"diligently unto my commandments , which I command",-11.110683,26.734324
0,0,4.120828180020908e-06,iam,9512,"had had a thoroughly good time , and it would take them",16.974155,-22.870846
1,1,0.9875227808952332,emuru,9465,miles from their destination .,-20.542664,31.460844
1,1,0.9999988079071045,emuru,10024,"flights back . """,7.8124447,0.7348791
0,0,0.0024032918736338615,iam,8009,"( Actually , the Mishnah quotes two further proof",-8.808436,-9.765139
0,0,0.0003797151439357549,iam,8803,He was a socialist and believed in the right,-17.327948,27.455566
1,1,0.9996337890625,emuru,8179,that the wave might be transmitted by the,-15.793274,36.0362
1,1,0.9960553646087646,emuru,8708,There were two other sources of public revenue -,23.549623,18.151812
0,0,4.78650053992169e-06,iam,10101,"dance , "" Doc's cheery voice came as a",-2.7328002,15.86694
0,0,0.011015602387487888,iam,8763,"from the dissection of living animals , showing how these move-",29.894348,6.7681546
1,1,0.9859154224395752,emuru,8619,"When all seemed to be going well , a sortie surprised",21.77881,5.092273
1,1,0.9995133876800537,emuru,7549,impossible to say .,25.899446,6.8007307
0,0,1.20779414247707e-10,iam,8743,merchants who could tempt court and,13.357288,-29.531761
0,0,0.0001640879490878433,iam,8849,"Council meeting on October 16 , 1912 , George",-32.845257,-14.490841
1,1,0.9951426982879639,emuru,9657,"of a mile and a half , came the yawl under her full",33.511833,-1.6416379
1,1,0.972429633140564,emuru,9254,"window . Looked again , eyes starting from",40.20485,-8.007303
1,1,0.9998929500579834,emuru,7740,the literal meaning of Pesach which,17.73996,2.7287745
0,0,2.61593686445849e-06,iam,8565,bowl of milk .,-37.254204,-8.894402
1,1,0.9997438788414001,emuru,9972,We didn't approach unchallenged . Just short,-4.6965337,-28.70104
0,0,6.876589031890035e-05,iam,10141,"it ran . "" Your cards are lovely . I rang up Miss Harland",-1.2017674,-15.815635
0,0,3.58620627594064e-06,iam,9531,them . But next morning she insisted,20.313606,-23.807814
0,0,0.00021500966977328062,iam,10005,"saw himself as a sulky , ugly , malformed , repressed",-22.910297,24.82586
1,1,0.9974532723426819,emuru,10010,"He didn't know what to make of it , but it",16.7315,-5.424029
0,0,4.685684689320624e-05,iam,7650,"your soul . "" This may seem very good , but there",16.688316,-18.690859
0,0,4.700296631199308e-05,iam,7495,Northern defiance . The cameras played continuously on his,-18.105928,-32.73676
1,1,0.9999974966049194,emuru,8534,The French have an inborn appreciation of good food and,20.34865,-1.3668902
0,0,2.7519770355866058e-06,iam,8505,"streaks of poetry , meat disguised under heavy and vehement",-26.59769,-29.999378
1,1,0.9999322891235352,emuru,7523,Fourth Gospel by explanations based on assumed textual dislocations . The,-0.98987204,34.47418
1,1,0.9999997615814209,emuru,10028,There were few passengers on the plane and Gavin was,9.576177,0.42590714
0,0,5.59191585125518e-06,iam,9652,except in moderate compliance with his father's,-9.779229,13.268312
0,0,6.174696409289027e-06,iam,9131,GO ; but the reason probably lay in elementary,-21.2485,-10.388252
1,1,0.9995006322860718,emuru,8022,"From the above it follows that here , once again ,",15.020098,-2.5268774
1,1,0.9999924898147583,emuru,7571,The other form of book was the codex . In this the,-4.7873836,-26.456957
0,0,0.002991804853081703,iam,9356,Where are your souls ? ' Lily-yo and Flor looked at,6.4397984,33.991886
1,1,0.9999912977218628,emuru,9456,at the speed recorder . It seemed almost incredible that,3.1805003,-0.8890212
0,0,0.0007577777141705155,iam,8853,"Liberals , they were going to fight the Labour",-4.4851456,6.028039
1,1,0.9999792575836182,emuru,8788,"thus synchronous with cardiac systole but ,",11.482258,26.19965
1,1,0.9786341190338135,emuru,10056,"can't find a table for two . """,4.873421,27.26204
0,0,1.64816028700443e-05,iam,8086,is always from the north ) .,-19.588377,28.413979
0,0,5.0411261327099055e-05,iam,8053,to the discussion but because it was,-19.828167,-16.419697
1,1,0.9958415627479553,emuru,7934,the office or works wonder what they,1.8935043,-1.9538556
1,1,0.999665379524231,emuru,9220,"some dreadful ravine , or beset by",4.9779997,6.191496
0,0,5.9720878198277205e-06,iam,9214,"the mask , now , Ifor did . "" Dai Pugh , "" he bellowed . "" Leap on your bicycle",-25.526934,-19.267355
1,1,0.9999933242797852,emuru,10085,that he had only met a few minutes before .,-5.6139536,-1.8919859
1,1,0.9996341466903687,emuru,10210,"hours . If they get in before eight-thirty , even",22.25671,28.287355
0,0,4.843341685045743e-06,iam,9768,the lounge or return to his bedroom .,-18.53316,29.803427
1,1,0.9984486103057861,emuru,9174,Caine too and Mr Gilberto who would ...,10.177296,-9.613305
1,1,0.9997437596321106,emuru,7664,"gratify selfish aims , then each man will gather-in",21.39757,6.5025268
1,1,0.9998335838317871,emuru,8558,as well as the foods for which they have,5.645695,-0.43481496
0,0,7.829485548427328e-05,iam,9662,with part of that howling northwest gale .,-10.111654,-30.065735
1,1,0.9999743700027466,emuru,9065,"friend of hers having married Lester Peron ,",22.794888,26.897669
0,0,2.654663512657862e-05,iam,10061,"alone . "" "" I 've booked a table at the",-35.320892,6.5513463
0,0,2.533016640882124e-07,iam,9169,"afraid , with a hoof shaped like the heel",-14.895675,-36.581932
0,0,0.0002679478784557432,iam,8253,"said , "" the deafening peal of thunder , the sudden",-25.933916,-8.283941
0,0,8.324299415107816e-06,iam,9299,The conductor switched on the lights .,-34.81307,-20.20263
0,0,5.190328806747857e-07,iam,8535,things that are typically French .,-27.8616,-29.642183
1,1,0.9996222257614136,emuru,9548,"to account for my manners , "" he retorted .",-1.5997728,-27.218166
0,0,4.242861564307532e-07,iam,8962,abroad ; and no pedestrian to cross his path nor to wait,19.587263,-23.019373
1,1,0.967041552066803,emuru,8699,When the King and his Council required additio-,35.043262,14.684652
0,0,0.00013313839735928923,iam,8970,"Deadly stillness , deadly portent !",-29.741182,-13.117902
0,0,0.007274060510098934,iam,10225,"mouth , an act of devotion he didn't over-indulge .",-10.953651,-36.429222
1,1,0.9913296699523926,emuru,8807,were sold at 32 pieces for one shilling .,30.984488,5.8122716
1,1,0.9999929666519165,emuru,9739,bombs during the last war . Having deposited his,13.283781,6.867942
0,0,8.947800233727321e-05,iam,8001,thing at a time . A list or a plan enables us to,-23.824118,25.140045
1,1,0.8786580562591553,emuru,8256,darkness .,-4.2538934,26.113815
1,1,0.9999908208847046,emuru,10149,to the man she had spent so much time,19.432661,9.460055
0,0,0.004644177388399839,iam,9573,"sake show a glimmer of reason , "" was his",-9.976931,-31.823797
0,0,0.0006684844265691936,iam,9934,"Marshal , "" I added . His face was fixed ,",21.534405,31.21029
1,1,0.9983627200126648,emuru,9420,obvious that she did not fail to appreciate the,0.06652348,30.958881
0,0,1.7851316442829557e-05,iam,7933,"homes . It is easy , desperately easy , to lead",-34.36401,-11.490435
0,0,0.0022931788116693497,iam,10283,he put back his professional,-25.133621,10.06757
1,1,0.9980979561805725,emuru,8065,on the saying of R. Joshua b. Levi which,-5.628095,-3.953565
1,1,0.9999972581863403,emuru,9108,to him as those a lawyer makes in a court,4.5379486,22.359024
1,1,0.9999372959136963,emuru,8525,The French have an inborn appreciation,18.142738,-8.400367
1,1,0.9999505281448364,emuru,9495,"own veranda , that he had taken the liberty of",-4.2522793,-28.102026
1,1,0.9998778104782104,emuru,7944,write out all the necessary jobs waiting to,-14.741654,32.646748
1,1,0.997421145439148,emuru,7608,with all his might and studies the,30.82959,8.64753
1,1,0.9996891021728516,emuru,9145,"whose presence I could almost smell ,",16.368864,0.27845666
1,1,0.9992800354957581,emuru,8810,"mix 100 stone of bread in 12 hours , and Kate served in the",1.8165346,-12.228295
1,1,0.9988671541213989,emuru,8059,become so well known that it was,8.021368,15.590079
1,1,0.8313337564468384,emuru,8803,He was a socialist and believed in the right,20.365616,19.363144
0,0,2.1909903807681985e-05,iam,10360,the deceit . The lies . ',-34.30297,-22.856905
1,1,0.9989210367202759,emuru,9363,' You see . You needed them no more . You are still,11.98168,14.915094
0,0,1.1737894055841025e-05,iam,9831,"nothing to tell me , yet . But we 'll be meeting",-7.077529,0.9056293
0,0,6.401697874025558e-07,iam,9583,have had it in for Guy .,-20.426462,-14.203493
0,0,2.5506230940663954e-06,iam,10253,"enquired , combing his thick , tawny hair . "" To bring",-29.288076,-5.8819313
0,0,5.6162090913858265e-05,iam,7679,"that your heart be not deceived , and 1ye turn",1.7721418,-22.13639
1,1,0.9870253205299377,emuru,7821,the harvest of which may still be being,-12.634371,19.339739
0,0,1.0405375405753148e-06,iam,9624,"and warm sympathy , as she explained",18.19868,-22.396975
0,0,2.3071570467436686e-06,iam,9809,trifle too comfortable and humdrum .,-24.688759,-8.304816
1,1,0.9999735355377197,emuru,10286,"icy politeness , such withdrawn",-10.194693,-39.30957
1,1,0.998457670211792,emuru,7930,a ' double ' life without ever deliberately,11.617938,10.411687
1,1,0.999733030796051,emuru,8027,actual practice of greeting by the divine,21.743185,-1.8824333
0,0,0.00159002048894763,iam,7519,the Synoptics can be reasonably solved by paying due regard to the time and,-8.203982,26.211071
1,1,0.9999512434005737,emuru,9102,we came through to 4makrodeb status and,21.143824,30.653889
1,1,0.9997928738594055,emuru,9371,well we can - think . This tribe of the True World,0.791042,-29.557188
0,0,2.7787917744603874e-08,iam,7926,pipeline of the railway on which they,18.226324,-17.98139
0,0,2.0817715551402216e-07,iam,8497,"fire , aerian creams , ingenious pastries and a",-26.612339,-30.696339
0,0,9.346282240585424e-06,iam,9780,nature - I assumed that you both knew who I,-18.39582,-22.68293
0,0,0.00034624399268068373,iam,8036,The question and answer with regard to the,-4.6542826,-14.1014385
1,1,0.9996278285980225,emuru,8341,the progress of civilisation which allows a dish,36.79182,15.681264
1,1,0.9998956918716431,emuru,7685,"yourself , under such conditions the goods are your gods .",29.812597,8.148801
0,0,0.000529073120560497,iam,9904,"morrow as likely as not . "" I paused . "" Miss",-8.155972,-30.519537
0,0,0.0016714001540094614,iam,9962,opened out into a wide shallow draw .,-15.252962,-29.174875
0,0,4.255495878169313e-05,iam,7924,travel day by day .,-5.8266582,8.440639
1,1,0.9995822310447693,emuru,9763,""" Make it a large one , darling . I know the naval",15.777276,12.591066
0,0,0.0036086556501686573,iam,9109,But privately he turned out to be as friendly as,-25.208557,-1.448372
0,0,0.00010040169581770897,iam,8068,"Palestinian teacher , R. Eleazar ( 3rd Cent. ) :",-31.493979,-2.6823332
0,0,0.00013490385026670992,iam,9908,""" Yes , "" he said . "" I know . "" "" No harm must come",-23.12288,-21.211536
0,0,7.085200195433572e-06,iam,10158,""" That is a pretty dress , "" Lilyan commented , obviously sensing",9.0175,-21.38112
0,0,7.618380095664179e-07,iam,8582,without going through the formality of having his turbot,-9.949609,-23.446655
1,1,0.9999985694885254,emuru,10225,"mouth , an act of devotion he didn't over-indulge .",21.054844,0.6029246
0,0,1.014378540276084e-06,iam,9648,rocks in an' out o' de water .,-26.93681,-18.27326
0,0,2.9345606890274212e-05,iam,9093,"country lawyer , and we were very small 4microdebs , weren't we ,",-22.216827,24.429142
1,1,0.9993500113487244,emuru,8007,elsewhere .,-1.0472728,-30.869257
1,1,0.9932998418807983,emuru,8951,""" They have come ! "" he said reverently , gripping his",27.671452,5.995714
0,0,2.3715936549706385e-05,iam,9872,a substantial breakfast . Although usually a very,-12.601373,-16.353456
0,0,0.00416909996420145,iam,8754,Trebling the rate was arrived at by a simple,27.626692,-19.539783
1,1,0.9916763305664062,emuru,8618,comparing the failure of a subsidized duke,12.483008,-5.0497417
0,0,0.0014003643300384283,iam,9577,"idyllic surroundings . "" "" How dare you say",42.5013,0.016439006
1,1,0.9999265670776367,emuru,9642,We all know how Balicou Island dangerous,-2.550143,-3.0716457
0,0,0.0023501114919781685,iam,8226,"Perhaps the news of their search got around ,",-17.637047,0.15348385
0,0,0.009141690097749233,iam,7699,"ne through the mill , we need not teach them",28.1179,2.5232356
0,0,0.021995149552822113,iam,8107,In this 200-fathom trench the herring do not touch the bottom .,30.38755,13.274896
1,1,0.9998829364776611,emuru,8975,almost painful sharpness . He reversed and,28.978548,7.0091724
0,0,8.755208909860812e-06,iam,9741,"empty , save for the lady known by all habitue",-17.244938,-17.037413
0,0,5.971590333331278e-09,iam,7838,"lives and that the nearer we get to Him ,",-22.002932,-2.6185086
1,1,0.999932050704956,emuru,7734,how to live and accept all the bitterness,12.3165,-0.21988963
1,1,0.9994475245475769,emuru,8301,no letters or papers found on her to assist identi,15.207883,11.444472
1,1,0.9998788833618164,emuru,8262,"The first was that of Mr Gold , in the famous",-17.256792,3.215227
0,0,2.2525539407070028e-06,iam,7947,"be done and then work quietly through them ,",-24.149223,26.776503
0,0,0.00014631291560363024,iam,9771,"What are you waiting for , darling ? The officer is",-21.654839,24.704163
1,1,0.9999727010726929,emuru,9013,a new and strange phenomenon .,-4.9388447,-25.223288
0,0,0.19093793630599976,iam,8993,There can be little doubt that if the,-7.434715,29.34628
1,1,0.9997352957725525,emuru,10126,"Gay , and don't even contemplate throwing",22.9412,15.772665
0,0,5.2935927669750527e-05,iam,7974,started day one again and so on .,-6.560888,7.0919023
0,0,4.886545411864063e-06,iam,9091,"wives , romanced about him in his absence . "" Lester was a",-20.398354,35.303097
1,1,0.9935989379882812,emuru,7951,"if she made a list , followed a routine of work",-18.614464,32.62151
0,0,8.322569192387164e-05,iam,9893,must continue as before . During this period the Captain,-29.274265,-5.0417485
1,1,0.997441291809082,emuru,7826,of twelve or thirteen under the,-17.763802,22.282429
1,1,0.9999485015869141,emuru,9305,"Rev. Edwards , standing at the front ,",-3.9818356,-7.210192
0,0,6.35307014817954e-06,iam,8552,"saffron , Soles , onions , garlic , roach and dace .",-36.993507,-13.296334
0,0,1.5054618529575237e-07,iam,8662,Social service as a function of government,16.729141,-31.816072
1,1,0.999993085861206,emuru,10025,"taxi . "" Just a moment , darling , "" Gavin pressed her",24.58828,7.9715466
1,1,0.9688886404037476,emuru,9772,"yourself , "" she said with mock severity .",12.85521,6.576851
0,0,8.75422301760409e-06,iam,8020,already in the hands of the Redactors .,-22.967302,-18.537422
1,1,0.9999263286590576,emuru,8528,"writers , music composers and other",9.868354,9.967035
0,0,1.7710210897803336e-07,iam,8706,"at ' colloquies of merchants ' , and whose",25.521029,-27.78708
0,0,0.0022861300967633724,iam,9388,Flor - this other man creature is plainly useless -,-10.129174,-6.110482
0,0,3.827173955528451e-08,iam,10129,glad to be able to occupy herself .,-9.0489,-18.768938
1,1,0.9996715784072876,emuru,8569,it # impaired the intellectual faculties . Bunyan's,34.48773,9.382249
1,1,0.9999531507492065,emuru,10027,"hand and smiled . "" I want to check up on the",15.925502,5.0641727
0,0,0.0001341947354376316,iam,8777,"and of the artery-like vein , and expulsion of the",9.260838,-34.236504
1,1,0.9999988079071045,emuru,8574,in food . At one dinner he is said to have,9.679585,9.389384
0,0,0.0011896130163222551,iam,7463,""" My September Love , "" the big David Whitfield hit of 1956 .",-21.854416,-8.371436
1,1,0.9999842643737793,emuru,8544,"could outdo ; Green herbs , red peppers ,",1.7378734,-4.8331594
0,0,2.3957938537932932e-05,iam,8216,"a dark moustache , and wearing a frockcoat",8.598514,-24.97343
1,1,0.9725468754768372,emuru,9005,"some weakness , and find a way of fighting",-13.2457,7.9768424
1,1,0.999993085861206,emuru,8407,his birthright to him for a mess of pottage - and,8.656707,-1.7478865
1,1,0.9998935461044312,emuru,7487,affairs . The Wesker interview will be seen at a later,27.95268,-5.24012
1,1,0.9969450831413269,emuru,8344,ladies toying with these primitive morsels in the,4.879757,30.791725
0,0,6.786410722270375e-07,iam,8633,of the French war was a navy in unquestioned,23.227682,-21.880552
1,1,0.995144248008728,emuru,7807,Or when he found cock-fighting going on in church ?,-5.8680024,17.768887
0,0,0.00041849378612823784,iam,8089,"helped and hindered by water flow ,",-21.4563,26.318657
1,1,0.9999957084655762,emuru,8905,' Coulsdon and Purley Patriotic Fund ' in whose counsels and committees,22.352077,27.375355
1,1,0.9999769926071167,emuru,10082,decided to go back and join Lilyan and,-6.5346336,-25.44609
0,0,0.0011873047333210707,iam,10080,"Gay stood irresolute for a moment , half",-20.496813,-12.366061
0,0,1.9955892639700323e-05,iam,10213,very evening ?,25.584347,-20.385435
0,0,0.000743881450034678,iam,8812,"evening , when George went to speak at Malin Bridge ,",-3.8789027,34.371834
1,1,0.9990181922912598,emuru,9590,hardly have spoken with more contempt .,26.987997,-0.7378258
0,0,1.5895533778120807e-08,iam,8324,dance ; nothing the German would,-28.516499,-27.960106
1,1,0.9999138116836548,emuru,7679,"that your heart be not deceived , and 1ye turn",1.9617012,-4.446153
1,1,0.9999608993530273,emuru,7497,"scene , ranging from pubs , the Eton wall game ,",19.161242,9.636926
1,1,0.9999997615814209,emuru,8428,"Anyhow , Homer does not seem to have known any",6.3542304,18.252352
0,0,6.153339199954644e-06,iam,10097,ging a smile .,35.84167,-8.561024
1,1,0.9999436140060425,emuru,9887,though in peace time these happenings are few and,25.907227,2.8779693
0,0,0.00015360808174591511,iam,10256,"what you 'd get , "" she flashed at him , and",-22.998278,-11.977389
1,1,0.9998812675476074,emuru,9345,things we will tell you . All who make the journey from,15.261467,19.306131
1,1,0.9945411086082458,emuru,8691,"None of these classes , except the yeomen , paid or",-13.34814,21.543633
0,0,0.0007373951957561076,iam,10368,"just dusty-grey but muddy , slimy even .",-1.6650367,14.903297
0,0,2.0157576727797277e-06,iam,8282,"doctor , the woman , young , small , and rather plump ,",15.50977,-17.891022
0,0,4.1143601265503094e-05,iam,7800,"by Calvinists and Puritans , and the sentiment was",-11.66498,25.757402
1,1,0.9999903440475464,emuru,8886,"warming up by constant prayer and worship , and we",7.647425,22.701345
0,0,0.0011166491312906146,iam,8111,shoals that gather at the Knoll or,-14.786163,27.690266
1,1,0.9997724890708923,emuru,7814,"that their fears are groundless , indeed to us they appear laughable ,",39.989697,1.7043846
0,0,0.004550643265247345,iam,9426,so much confidence in her . Once again,1.9478395,16.780998
0,0,5.7939956604968756e-05,iam,7616,Such a Shamir possesses the real acid,7.24921,-9.75987
1,1,0.9998762607574463,emuru,10083,"Larry's advice flashed through her mind ,",-1.6352414,-3.8808877
0,0,0.00015671389701310545,iam,8066,' The Holy Spirit manifested itself in three places :,-9.404754,-3.6475081
1,1,0.9996379613876343,emuru,8539,baisse and sang - This Bouillabaisse,-14.456823,37.360504
0,0,0.0004279391432646662,iam,9136,"had to get to pay off their college bills , were naturally",2.9201636,9.638134
1,1,0.9762606024742126,emuru,8709,excess of the rate for native merchants .,-12.891379,20.491594
1,1,0.8734613060951233,emuru,7822,"into themselves , so that they become",-4.060576,-11.741655
1,1,0.9999980926513672,emuru,8530,the gusto which they derive from gastronomy is intellectual,17.81879,-0.010812503
1,1,0.9998797178268433,emuru,8023,because the Mishnah deals with the,-7.178002,-26.566044
1,1,0.9993420243263245,emuru,8649,"war , there was a constant stirring of",10.321293,-2.8160374
0,0,0.011969351209700108,iam,7706,And the tsitsits had a message sealed inside the knots,17.278976,-2.211115
1,1,0.9870660901069641,emuru,7772,to the Catechism following ' were added . But Confirmation,41.15819,2.831761
0,0,8.319008770740766e-07,iam,8234,have been very thankful that the science of,-11.531357,1.4051248
0,0,2.390576128163957e-07,iam,8527,There is the same finesse about their,-40.419746,-15.191449
0,0,0.015568285249173641,iam,9569,""" As your employee it 's not my business",5.9054737,33.642063
0,0,3.24394968629349e-05,iam,8354,"persisted down the ages , the motive that preserved",-15.702357,16.893263
1,1,0.9999189376831055,emuru,8882,for prayer and quiet . In time we received similar,11.202249,26.20226
0,0,1.8238576870999168e-08,iam,8725,scale of payments was fixed for the,-30.399899,-29.525509
0,0,2.300855157955084e-05,iam,9479,"thought he could recognise the route of N12 ,",13.813828,-14.996996
1,1,0.9995372295379639,emuru,8777,"and of the artery-like vein , and expulsion of the",7.973304,9.598622
1,1,0.9999889135360718,emuru,9116,which had grown up during the Moon's,13.219487,2.6820102
1,1,0.9999690055847168,emuru,9233,away at a rate of knots .,6.693291,21.102097
0,0,0.0004572163161356002,iam,7940,necessary weariness . ( a ) Order makes for a decrease in tiredness .,32.297478,-4.401703
0,0,0.004880906082689762,iam,7976,Monday was day six and Tuesday,2.158002,11.821771
1,1,0.9999845027923584,emuru,7673,seeking self .,-28.829,2.2094595
1,1,0.977501392364502,emuru,9845,we give him the publicity . ' The Honourable,33.397545,1.7371329
1,1,0.9957882761955261,emuru,9721,few moments later the yawl was upside,-21.76568,31.632374
1,1,0.9998995065689087,emuru,9449,turned the scale slowly to cover the,1.8234047,-12.7736845
0,0,0.00037458346923813224,iam,10230,""" What about it , my sweet ? "" "" Well , "" she laughed",-15.437259,-8.204726
1,1,0.9999721050262451,emuru,8890,such a beautiful building with suitable fittings ; I made,28.806831,8.480494
1,1,0.9999997615814209,emuru,8555,in France as is tea drinking among ourselves and it is,19.152903,0.7256085
1,1,0.999998927116394,emuru,9203,Dinas Motor Omnibus Co. to ask what had happened to their,38.42868,11.8595
0,0,0.0019282940775156021,iam,10305,felt that part of her was leaving,-26.802002,10.459011
0,0,0.00032482395181432366,iam,7795,"the Jesuit , Fisher . But anyone who was friendly",-3.9691448,-33.5425
1,1,0.9999513626098633,emuru,8192,"small , a matter of a foot or two . With round",16.845106,35.14605
1,1,0.9999961853027344,emuru,9990,outbuilding where the grave digger kept his spades,-8.132857,-28.240358
1,1,0.9974543452262878,emuru,7530,how this enlargement was effected nor has he,-2.530681,-29.832417
1,1,0.9865573048591614,emuru,8296,forthcoming about any carriage with an open,18.680096,13.208018
0,0,4.690158220910234e-06,iam,9201,""" Good-bye , Dai , "" said Morfydd , smiling from the bottom step .",-25.359201,-18.168116
1,1,0.9999440908432007,emuru,8908,task involved a very great deal of detailed work for,19.765457,-0.9811746
1,1,0.9890444278717041,emuru,7696,"they may be as frontlets between your eyes . "" First to",27.708672,5.2072506
1,1,0.9999408721923828,emuru,9014,foot to Dan's house . Dan came,14.7442045,-0.819731
0,0,3.4953934573422885e-06,iam,8557,"food , believing that it impaired the",-30.56462,-23.642252
0,0,2.6311840883863624e-06,iam,9474,along which he had motored so desperately little,-7.473095,-34.648712
0,0,0.0003743715351447463,iam,9425,she checked back her instructions . It was,38.946262,-5.8574166
1,1,0.9545560479164124,emuru,8093,the Fladen Ground ( where again most big,29.657263,22.070686
1,1,0.9994142055511475,emuru,9510,north of the island .,13.557969,36.601288
1,1,0.9999305009841919,emuru,9573,"sake show a glimmer of reason , "" was his",24.53704,-0.49275988
1,1,0.8826501965522766,emuru,8482,of it in almost any provision shop .,51.598694,0.5842853
0,0,0.016696905717253685,iam,10205,"I 've got to see 'em . If I am free , though ,",-16.59389,-1.4484956
1,1,0.9999924898147583,emuru,9068,"know , I had to send back our bedroom",-1.1259643,-2.5013402
1,1,0.9999762773513794,emuru,7789,became the foster mother of some of the most,15.488907,10.366476
1,1,0.9999587535858154,emuru,7719,the salt-water at the Seder-Table represents the Covenant of the Torah,18.993069,2.5740132
1,1,0.999984860420227,emuru,7631,"Lord , as the waters cover the sea . "" ( Hab. 2 , 14 . )",16.769657,6.3513136
1,1,0.9977255463600159,emuru,9482,of the journey back to the place where every,14.571138,26.536963
0,0,0.0010297740809619427,iam,7596,A natural transition from gardens and,-12.139,10.113624
1,1,0.9996212720870972,emuru,7870,The mind tires first and conveys the impression,-14.6100445,33.077328
0,0,0.019281748682260513,iam,8840,"with them , particularly those who , like the Rev.",-16.107159,18.618013
1,1,0.9999897480010986,emuru,9764,inside a submarine casing to defuse a Jerry,22.098003,17.122927
1,1,0.9998993873596191,emuru,8785,of blood from the wound . Arterial diastole is,23.433542,8.788476
0,0,0.0008811505977064371,iam,10134,to get out her compact and saw Grace's,5.2579203,5.085336
1,1,0.9972829818725586,emuru,7910,sleep in blissful ignorance of what might,1.4080018,2.4344106
0,0,0.000899860926438123,iam,9991,of the church where there was a small open,-14.980927,9.143013
1,1,0.9999853372573853,emuru,7936,need to be handled correctly .,6.94742,3.2089708
0,0,0.02508605644106865,iam,9078,sphere of the sun . A matter which on Earth would hardly,6.551557,28.339966
0,0,0.00010039183689514175,iam,8031,by the Gemara in support of R. Joshua b.,-26.62006,8.277252
1,1,0.9989670515060425,emuru,10228,""" 5Ye-es ? "" he lowered his eyes and kissed her on the",24.57201,-7.178848
0,0,0.00019351369701325893,iam,9984,Mr. Copthorne knew a way round by the side,-26.427763,-26.976608
1,1,0.9968705773353577,emuru,7469,round a doll's house .,-8.043753,20.882278
0,0,3.7893815374445694e-07,iam,8795,"said so . Being a craftsman and a skilled man ,",25.334272,-27.670563
0,0,5.237629738985561e-05,iam,9043,"walked , or drove , or waited as a person possessed of",-21.517067,-13.95912
1,1,0.9958600401878357,emuru,10240,to have an open quarrel,-8.339192,-29.914808
1,1,0.9999183416366577,emuru,9276,"earth , and it seemed to her that she",-1.4702548,-8.896683
1,1,0.99896240234375,emuru,9109,But privately he turned out to be as friendly as,7.589007,33.57088
1,1,0.9999114274978638,emuru,9915,and have a look at the mining camp .,-14.760998,-28.51371
1,1,0.9999133348464966,emuru,7727,"meek : "" But the meek shall inherit the earth ; and shall",14.845426,19.805296
0,0,0.0003867734922096133,iam,9346,tigerfly is not a tigerfly until it changes . So humans,-4.637779,-17.576817
1,1,0.9334810376167297,emuru,8961,loses its beat in death .,-7.16319,15.417304
1,1,0.9999607801437378,emuru,9189,"mood . Even the Indian servants relaxed , knowing ,",29.73716,6.0089407
1,1,0.9939425587654114,emuru,8635,"Brittany was compelled to attack via Calais ,",27.281027,4.138269
1,1,0.9998468160629272,emuru,8245,Some thought that the result would be all,1.9120232,-3.4423528
0,0,1.2229376977757056e-07,iam,9128,step . He looked as if nothing Moke and his,7.330361,37.83933
0,0,2.7414222131483257e-05,iam,8755,"arithmetic which argued that , as the first",-10.891899,-33.31698
1,1,0.9999872446060181,emuru,10204,""" Bless you ! I hope Luke is suitably grateful , darling . "" "" Oh , well , """,34.5217,6.9875655
1,1,0.9999983310699463,emuru,8849,"Council meeting on October 16 , 1912 , George",10.147226,7.2903876
1,1,0.9981061220169067,emuru,8220,"defective , and , despite his claim to infamy ,",16.304012,28.637127
0,0,0.00014558620750904083,iam,9839,"Service matters . """,-18.123098,3.826599
0,0,0.005828504916280508,iam,9719,With four doing the job and the waves,-18.491367,-18.21201
0,0,8.11749941931339e-06,iam,9689,"everything , when he wants to . """,-13.225243,11.099976
0,0,0.0011480154935270548,iam,10347,origin of her recent illness . His notes,-24.506575,9.833454
0,0,5.216458885115571e-05,iam,7993,the washing on a Monday .,-5.950659,11.799651
1,1,0.999518632888794,emuru,9381,command the knives of others . ' ' No hurt will,19.18269,30.016968
0,0,2.382168595715939e-08,iam,10023,and her luggage had disappeared and they were alone,-22.897987,-6.5160537
0,0,8.662401462800062e-09,iam,8739,by a Parliament which met at Northampton .,-30.200472,-28.075922
1,1,0.9996188879013062,emuru,8858,"Alf Barton , who in 1911 was presented",1.971648,20.906685
0,0,4.1686379859129374e-07,iam,8900,"became very urgent , and I was asked to be Chairman",-13.470643,-26.081493
0,0,0.0007902202778495848,iam,9015,nor sound of flying saucers . So they,-14.030374,-22.953472
1,1,0.9999943971633911,emuru,8423,"length subside , He throws a bed of glowing",7.8385754,12.3136635
0,0,1.3138080248609185e-05,iam,8784,"the ventricles , there is often forcible expulsion",-26.857973,-11.963075
1,1,0.9933191537857056,emuru,8037,answer or that our sugya is quoting from,26.374048,0.35448545
1,1,0.9883854389190674,emuru,9007,ting how the Thetan machinations had been,1.148715,21.060093
0,0,2.0699764036180568e-07,iam,9766,"came to the rescue . "" You haven't introduced",-32.867302,-20.774967
0,0,6.73615577397868e-05,iam,8116,and fishing gear leads to an overall,-28.407368,9.456484
0,0,4.335707671998534e-06,iam,8954,upward and shook his head slowly from,-13.764259,-1.156299
1,1,0.9987443685531616,emuru,9961,over a fairly wide area working singly or,35.070114,3.3055086
1,1,0.9939451813697815,emuru,7553,it is now used to mark a paragraph ending . Frequently,25.13497,7.874814
0,0,1.1048948181269225e-05,iam,7724,Tradition .,10.790976,-17.059439
0,0,0.00015081686433404684,iam,9047,"as arranged , but he consoled himself by",-9.216654,25.735382
0,0,6.0163773014210165e-05,iam,8039,quoting a well-known question and,21.990105,-20.377264
0,0,0.06794741004705429,iam,9134,"Stepping out in their white shorts , they looked glad enough",29.603186,14.8400545
1,1,0.9991388320922852,emuru,9103,Sentence Database,10.396933,-7.947966
0,0,9.964803211914841e-06,iam,8065,on the saying of R. Joshua b. Levi which,-3.1819994,-16.591694
1,1,0.9984061121940613,emuru,9002,on her part ; but he thought it a good idea,35.51799,7.634162
1,1,0.9997435212135315,emuru,10305,felt that part of her was leaving,-24.442537,16.016443
0,0,6.600755114050116e-06,iam,8446,they broke fresh ground and called another sense,-30.592215,-17.544474
0,0,1.5142109987209551e-05,iam,9910,men who 'll be after that coach I 'm interested,-18.96798,-22.979195
1,1,0.9988601207733154,emuru,8913,life .,12.881112,19.36925
1,1,0.9999864101409912,emuru,8682,The people - Langland's ' folk ' and Gaunt's,14.650093,1.4647025
0,0,4.496193014347227e-06,iam,9745,"famous Portsmouth hostelry , second only in historic",-16.171211,26.387722
1,1,0.9990383386611938,emuru,9413,"his own life , but Geoffrey's as well , to a strange girl",21.026007,-4.6783876
1,1,0.9999970197677612,emuru,9293,"few lone stars , and the distant earth",-26.017483,15.48262
0,0,4.0423019527224824e-05,iam,8903,co-operation especially with the other Christian communities .,-12.941827,-4.4868655
0,0,5.5034615797922015e-05,iam,8901,"I found myself deeply involved . At first , the main work was to help",-15.179714,0.23613612
0,0,0.00023255775158759207,iam,8973,flying saucer was tilting and dipping over,15.188144,-15.112979
0,0,1.6852360204211436e-05,iam,8596,but all the Chelsea philosopher did in return was to,-5.0161204,4.8757467
1,1,0.9988502264022827,emuru,7695,"shall teach them to your children . "" And as we have go-",34.46642,9.360742
0,0,5.39541979378555e-05,iam,9121,which might in time become social fact,-30.572569,-15.285416
1,1,0.9987150430679321,emuru,8815,they would be there to begin the meeting .,40.415356,-1.6613342
1,1,0.9933041930198669,emuru,8571,"had a great contempt for animal food , believing that",34.069695,-1.9160455
1,1,0.9997134804725647,emuru,7543,which is most likely to have been the original,-2.7427917,31.85998
1,1,0.9814624786376953,emuru,10013,""" You 're very early about , sir , "" he said , trying to",7.3053403,34.264774
1,1,0.9995255470275879,emuru,10131,"letter . She drew it out and opened it ,",16.727406,-7.8821187
1,1,0.9992597699165344,emuru,9591,"dares to stand up to him . """,-18.64159,9.44419
1,1,0.9999769926071167,emuru,9100,"at the same time a door banged - "" but don't",22.57803,9.227201
1,1,0.9996258020401001,emuru,9271,looked down at the fast-disappearing,5.9067254,-7.9416504
1,1,0.9999511241912842,emuru,8550,"The "" pot-au-feu "" is as much a national institution",3.5677257,-8.644124
1,1,0.9999226331710815,emuru,10341,"her word . There was enough evidence ,",4.4697175,5.9397054
1,1,0.9999229907989502,emuru,9039,"First , it was Sunday morning ; and , second , everyone",-2.7174468,-28.009846
1,1,0.9999994039535522,emuru,9738,months ashore while Pericles was refitting in the,-5.6185246,-23.747715
0,0,6.361821647260513e-07,iam,7539,THE Fourth Gospel was almost certainly,-17.972488,-10.162908
1,1,0.9997121691703796,emuru,7544,text with absolute precision .,16.91624,13.546952
1,1,0.9998430013656616,emuru,9942,could see far over west and north for many,-5.0287476,-26.744013
1,1,0.966033399105072,emuru,8633,of the French war was a navy in unquestioned,24.572193,-7.234482
1,1,0.9999924898147583,emuru,10076,"Doc , while she wanted to do no more than",-4.9115868,-1.8838719
1,1,0.9956176280975342,emuru,8720,borders between private and public purse were,6.6233897,-4.282615
1,1,0.9985890984535217,emuru,8754,Trebling the rate was arrived at by a simple,30.582813,-2.3420076
1,1,0.9999614953994751,emuru,8405,"make water hot by dropping a red-hot poker into it ,",10.264859,-1.0414289
1,1,0.9999115467071533,emuru,7726,11 ) . That gives us freedom from want .,4.3568215,-0.8556376
0,0,1.0835781161233626e-08,iam,8536,"The "" pot-au-feu "" is as much a national",-37.124237,-21.318283
1,1,0.9998718500137329,emuru,8326,Italian would not sing ; no music,9.436774,30.045378
0,0,9.22457329579629e-05,iam,8245,Some thought that the result would be all,-24.384937,-12.013025
0,0,1.1233308896407834e-06,iam,8623,the longbows of yeomen could pierce the,23.41377,-22.437534
0,0,2.4255889456981095e-06,iam,7870,The mind tires first and conveys the impression,-12.45735,28.707949
1,1,0.9992918968200684,emuru,9075,"Sally made a mistake about me , "" he said one",16.579199,26.338707
0,0,3.5146880691172555e-05,iam,9251,"Immersed in the Dinas Advertiser , was the",-35.607162,-2.517108
1,1,0.9999710321426392,emuru,9514,express their disgust at Sir John's abominable treatment,52.213665,2.251359
0,0,8.793130291451234e-06,iam,8335,"many centuries ago , in some cave or hilly",-15.603696,16.765453
1,1,0.9996829032897949,emuru,8895,to put beautiful things into a beautiful church,3.6012604,-9.979106
1,1,0.9986633062362671,emuru,8911,"Indeed , for the next seventeen years , during my time at",29.288883,-5.0489097
0,0,0.00012155359581811354,iam,10081,"loved her , was already flirting with a girl",-34.69924,-4.389869
0,0,9.351721928396728e-06,iam,8182,was actually just off the bottom and was,-24.294268,27.175419
0,0,8.403177344007418e-05,iam,10322,what they were saying . Sandra,-0.020955268,-17.23711
1,1,0.999498724937439,emuru,9717,You look . Little one more as fifteen,7.907882,12.126275
1,1,0.9999804496765137,emuru,9890,must present an unruffled appearance and carry on as,24.591724,9.869996
1,1,0.9965782761573792,emuru,10270,"if one walked slowly , between road and",-23.935755,13.636161
1,1,0.993157684803009,emuru,8876,had been a House of Prayer . I could not but feel the,43.99691,3.5701628
0,0,1.969083314179443e-06,iam,8764,"the heart becomes generally constricted , its walls thicken ,",-9.848394,4.197805
1,1,0.9986230134963989,emuru,8085,the herring must continue to migrate over,-18.627985,13.13152
0,0,0.0029934365302324295,iam,9182,Mr Septimus reserved and certainly very,-0.55238354,-16.782227
1,1,0.9974002838134766,emuru,8176,"sea-bed , though the footrope in this case",-2.0922482,28.949387
0,0,3.40725491696503e-05,iam,8191,but more films are needed to prove this .,-35.35882,-9.529812
0,0,5.647980856338108e-07,iam,9070,"was a Static Mib , the middle-income-bracket equivalent",11.5603075,-17.141422
1,1,0.9998958110809326,emuru,7541,scholars who have compared the many manu-,22.769682,15.809778
1,1,0.9999665021896362,emuru,9698,""" Willie , "" the judge said huskily ,",-24.142859,17.671846
1,1,0.999854564666748,emuru,8435,from lifted urns .,12.423524,12.155947
0,0,9.503354704065714e-06,iam,8285,into the path of some train ? This hardly seemed,13.520356,-16.891386
0,0,0.0004660242411773652,iam,7755,brought out from under the burdens of Egypt ?,-4.9879727,-16.550318
1,1,0.9998716115951538,emuru,9028,Heather and Steve tried to make themselves,0.16581422,-3.322735
0,0,7.20007801646716e-06,iam,9294,The beleaguered passengers peered out of,-21.672834,-18.148643
1,1,0.9996685981750488,emuru,8792,"three auricular beats , produce a single",7.378111,-12.999964
0,0,5.23461822012905e-05,iam,7631,"Lord , as the waters cover the sea . "" ( Hab. 2 , 14 . )",-28.77306,-14.246564
0,0,8.97586505743675e-05,iam,9505,""" I caught him just as he was going to the",-18.486893,-15.969826
0,0,5.4115357670525555e-06,iam,9319,"pool and ration our supplies of food , if any . """,12.525165,-25.715433
1,1,0.9999043941497803,emuru,9347,"stubbornly , throwing himself down . But Lily-yo and",22.976206,11.029975
0,0,0.0014618460554629564,iam,8101,gravelly soil of these many roughs where the spring-,-2.9175673,16.116035
0,0,0.003271654015406966,iam,7587,"over the binding , or the whole codex rebound .",22.98521,20.20117
1,1,0.9997346997261047,emuru,7599,supply . The pools are probably natural springs,0.27249333,24.972792
1,1,0.9998414516448975,emuru,10000,baptism according to the sect his parents belonged to .,29.789831,0.7415196
0,0,4.040933276883152e-07,iam,7553,it is now used to mark a paragraph ending . Frequently,12.922719,-26.896027
0,0,0.00014169575297273695,iam,7955,I am more than conscious of this . How anybody,22.487751,21.08387
1,1,0.9645066857337952,emuru,9824,"companion . "" You want me to talk , is that it ? """,-4.2208233,-31.95938
0,0,1.445065481675556e-05,iam,9051,"back on Moon again , and able to do",-13.937506,25.447374
0,0,0.0004480445641092956,iam,7822,"into themselves , so that they become",-20.067974,-3.4676418
1,1,0.999998927116394,emuru,9743,baggage and unpacked his overnight-bag he,27.013758,13.602695
0,0,9.969693928724155e-05,iam,7864,"To others , the long hours of the night bring",-33.329483,-13.823691
0,0,0.0016357563436031342,iam,9369,"itself and declared , ' To be a good shape is not all",-30.1383,-2.786802
0,0,3.564849976100959e-05,iam,8384,"Epicures and gourmands , sated by the unending",-24.013754,-31.807066
0,0,0.0026722345501184464,iam,7986,"It was a little complicated to work ,",-13.436512,27.08149
1,1,0.9979436993598938,emuru,10278,masterfully . ' You wanted it so,-16.328281,12.045267
1,1,0.9999376535415649,emuru,10316,Love . She revolted against,24.535408,-1.2517796
1,1,0.9978639483451843,emuru,10325,talking to Nicholas and wondering,-21.675709,13.472902
0,0,9.862187653197907e-07,iam,7764,"but those hopes were dashed . True , a new Prayer",19.328547,-25.075104
1,1,0.996283233165741,emuru,8115,though somewhat dim picture .,-9.819506,28.744661
1,1,0.9999853372573853,emuru,8512,"essentially French , and , irrespective of",2.2983265,-7.0403337
1,1,0.9934976100921631,emuru,9147,"' Something 's up , ' said Lord Undertone ,",8.282617,-13.868066
1,1,0.9986104965209961,emuru,10259,then regarded the ring which he retrieved,-9.3951645,31.766182
1,1,0.9996682405471802,emuru,9716,"huh ? """,-8.491108,22.788353
1,1,0.9999880790710449,emuru,9795,know how you newspaper people value that commodity ! -,20.678791,-0.54372704
0,0,0.0005027203587815166,iam,8918,throughout . He had no sooner heard from Count Gamba,-26.101952,-7.357699
0,0,1.73629075561621e-06,iam,7568,"was generally a single-sided form of book , and it was not",12.923729,-26.0794
0,0,4.45286204922013e-05,iam,9327,"Stared back did Price the Provisions , unwinking .",-20.159298,-22.82912
1,1,0.9999552965164185,emuru,8941,his toes . He stretched his arms,10.883243,10.957626
0,0,0.0011569749331101775,iam,10210,"hours . If they get in before eight-thirty , even",-4.140705,-19.486912
0,0,0.002549340482801199,iam,8123,fish at a certain spawning ground may,-22.31962,26.855074
1,1,0.9249390363693237,emuru,8998,"I haven't a clue ; but , who knows ,",5.4240837,31.846622
1,1,0.9999986886978149,emuru,8496,than is customarily imagined as well as entering human,19.684677,7.988637
0,0,2.1555051716859452e-05,iam,9220,"some dreadful ravine , or beset by",-23.621778,1.9821678
0,0,6.22928564553149e-05,iam,7569,"overwhelmed Herculaneum and Pompeii in A.D. 79 , his",-10.534943,-29.865267
1,1,0.9999293088912964,emuru,8187,would seem to be even more essential ;,13.103455,9.795706
1,1,0.9998923540115356,emuru,9895,if nothing unusual has happened . Harry Turton had,13.428435,15.677931
1,1,0.9951059818267822,emuru,9006,not have been entirely an objective suggestion,11.337118,-11.954796
1,1,0.9948509335517883,emuru,10002,"canery and corruption , the growth of the dea-",49.893524,1.0376476
1,1,0.9999573230743408,emuru,10260,which had followed her slim young figure,-7.5413237,31.277409
1,1,0.9993430972099304,emuru,8789,one can sometimes see it - so to speak,2.1826038,-11.887131
0,0,0.00021774550259578973,iam,10259,then regarded the ring which he retrieved,-14.201133,31.458714
1,1,0.9991074204444885,emuru,8239,were many people who believed that to travel,9.623878,3.4600384
0,0,6.104792760197597e-07,iam,9547,"to make the presentation , I run the damned",-32.422825,-23.27532
0,0,4.467154326448508e-07,iam,10084,Gavin although he had told her that he,-32.563625,-26.025425
0,0,0.00018708521383814514,iam,8236,solution emerged . There has always been something,7.1586676,-21.234495
0,0,0.0026081744581460953,iam,8593,placing his food in his mouth and gulping it down as,-1.2035723,11.25363
0,0,6.63491562136187e-07,iam,8135,and Suffolk beaches .,-6.825845,9.663454
0,0,6.901130836922675e-05,iam,9324,a great basket .,-13.46003,-14.178574
0,0,1.205441435558896e-07,iam,9275,"fortitude , it now filled her with",-27.718094,-26.98455
0,0,0.0033132678363472223,iam,7750,burdens of Egypt : How was it that Israel was,-4.196415,-32.40631
0,0,0.00012123295164201409,iam,8177,indeed passing over some fish .,-27.540007,8.865253
0,0,3.5218821722082794e-05,iam,8882,for prayer and quiet . In time we received similar,-22.243893,-24.366817
0,0,4.849290235142689e-06,iam,9066,Board .,-36.9673,-13.266574
0,0,0.00015146596706472337,iam,9187,"for such protection as our presence , or Mrs",-28.89309,-13.157475
0,0,2.0398712877067737e-05,iam,7732,( This is the PARDUS . ) Matzo represents,-28.87937,-19.316807
1,1,0.9956910014152527,emuru,9907,"in , Johnny . "" "" I know . But if lead starts",45.06689,3.5698369
0,0,3.49773358720995e-07,iam,7486,first big T V part . The play was a brilliantly-written,-32.323948,-16.413033
0,0,0.0004621621628757566,iam,9943,"a vast stretch of hills , canyons , buttes and",-6.7284856,-33.48596
0,0,0.00020065451099071652,iam,8482,of it in almost any provision shop .,-6.7735043,-32.610184
0,0,0.10837975889444351,iam,9615,I doubt it . He 's about as easy to push around,-0.39415446,14.491978
0,0,1.5859970972087467e-06,iam,10152,her .,-40.51353,-17.960264
0,0,8.82539006852312e-06,iam,9784,one in return and he was lonely .,6.690786,-17.888065
1,1,0.9999936819076538,emuru,8529,"her writers , music composers and other exponents of",-1.183876,-2.5144002
0,0,8.652959877508692e-06,iam,9332,"Mutinous dog , thought the Rev. Edwards , who hadn't",-19.883661,-23.124935
1,1,0.9991304278373718,emuru,9692,"reached the pier , the judge on legs",40.478848,-0.2727551
0,0,1.7983604266191833e-05,iam,8347,gleam and glitter of our latter-day restaurants .,21.536974,-26.766846
1,1,0.9999923706054688,emuru,10055,"Lilyan remonstrated . "" They want to be",-26.74818,18.020065
0,0,6.770081881768419e-07,iam,9277,""" But Eth and me wanted to be",-21.329834,-19.342995
1,1,0.9989917874336243,emuru,9611,"able destination . "" "" There 's a difference",4.6457505,30.878304
0,0,7.452360296156257e-05,iam,9032,turned the tuning knob through all the,-2.324252,-31.604704
0,0,2.5985960405705555e-07,iam,8259,"momentary shudder , or idea of destruction , a thrill",-37.6578,-26.260489
1,1,0.9999985694885254,emuru,8547,prepared at least once a week in every bourgeois,11.972931,-2.3584201
0,0,4.385903594084084e-06,iam,8331,say ; nothing an Italian would not sing ; no,-9.190773,16.482426
1,1,0.9999675750732422,emuru,10011,"his head , so the verger described afterwards .",4.991743,8.0128145
1,1,0.9996011853218079,emuru,9202,"She was already up the bus steps , and the bus was away . And Morfydd Owen",38.874077,12.820775
1,1,0.9999831914901733,emuru,7563,reference .,-7.4524727,-25.24377
1,1,0.9999542236328125,emuru,9813,"ssing . You 're in submarines , aren't you ? """,1.6173383,-29.113827
1,1,0.9995323419570923,emuru,7816,"situation is frightening , and then to face",3.6602955,23.520462
1,1,0.999136745929718,emuru,10358,' You can't forgive him for this -,-27.700998,16.835129
0,0,1.6673687923685065e-06,iam,8494,one of its most classic features to the Turkish rule under,-17.96489,-28.495918
0,0,0.005058172158896923,iam,9729,"said ; "" but I 'd better stop thinking that now .",5.712616,23.814093
0,0,6.157154984975932e-06,iam,9453,particular area within its range . Geoffrey,-13.700296,2.085721
0,0,5.535538889489544e-07,iam,8591,"with Dickens says the menu was Whitstable oysters , a brown",19.753525,-25.908756
1,1,0.9984683394432068,emuru,8119,So the arrival of any particular shoal,-20.00512,10.178357
1,1,0.999924898147583,emuru,10080,"Gay stood irresolute for a moment , half",-4.011661,-4.040891
0,0,2.7660020350595005e-05,iam,9677,"quick shift of tiller , and at the same time",-25.418108,-1.8272189
1,1,0.9999953508377075,emuru,9507,said the first thing that came into her head .,-5.017435,-28.98357
0,0,0.00986135471612215,iam,9942,could see far over west and north for many,3.5958521,1.6980705
1,1,0.9998611211776733,emuru,10141,"it ran . "" Your cards are lovely . I rang up Miss Harland",24.230093,-5.8268986
1,1,0.9999972581863403,emuru,9893,must continue as before . During this period the Captain,9.627067,8.540164
1,1,0.9982931017875671,emuru,8193,"find safety on the bottom , this cover",12.281327,25.256014
1,1,0.9996219873428345,emuru,9733,sick . Just because he 's an Honourable he can do,19.098915,-4.4522395
0,0,0.00010529795690672472,iam,10345,then Philip was so certain that Nicholas,0.48630038,-1.5446913
0,0,0.00043227156857028604,iam,8817,they were able to obtain some respectable,-23.170229,14.787415
1,1,0.9997050166130066,emuru,10215,"NUF 121 . "" "" He probably loaned his car",-27.373491,18.155172
1,1,0.9997301697731018,emuru,9460,was resting could really mean hundreds of knots .,43.066406,1.9001313
0,0,2.5559202185831964e-05,iam,10188,seen in Farlingham on an occasion he had sworn he had,25.144543,-18.741776
0,0,3.8813361413758685e-09,iam,8750,"John de Kyrkby , a Londoner , was one of",-12.655991,-13.545307
0,0,3.5300326999276876e-05,iam,8983,caped Thetan subjugation . This time . But we no,8.566462,-19.797432
1,1,0.9697734117507935,emuru,8437,Above the coals the smoking fragment,-15.7534485,-20.472591
0,0,3.0227491265577555e-07,iam,8476,"alive , dipped in treacle and swallowed",16.22566,-26.407722
0,0,8.77650745678693e-05,iam,7963,A lot of it is inevitable so that industry and,-20.006018,15.568429
1,1,0.9999167919158936,emuru,8967,"... this is BBC calling ... """,17.89193,-1.4679992
0,0,0.0039813523180782795,iam,7717,cure our mental incapacity we should be willing,-14.823737,-16.868967
0,0,0.0008916775695979595,iam,8891,"the architect , himself a fine artist . It is quite possible",19.222143,-12.195178
1,1,0.9997486472129822,emuru,8378,"those days , as ever , ate sparingly , but",7.3371835,21.742628
0,0,3.16969417326618e-05,iam,9725,"and then we 'll all get hold and heave . "" A",-24.07019,22.952742
0,0,0.0001473757001804188,iam,8332,would not do ; nothing an American would not,19.996012,-29.320274
0,0,0.00010485426901141182,iam,7461,Become a success with a disc and hey presto ! You 're a star ... . Rolly sings with,-13.091294,-6.7858987
0,0,1.7225161172973458e-06,iam,7531,The one real weakness of the Commentator's,-18.03622,-14.060967
0,0,1.3228752322902437e-05,iam,9101,"got all these lovely things "" - she waved a",-12.481853,1.117926
0,0,0.0979774221777916,iam,7669,selfish and think only of one's personal advantage to,17.168114,29.209541
1,1,0.9999911785125732,emuru,10071,corner talking animatedly to Simone .,-6.813456,-24.238422
1,1,0.9642869830131531,emuru,9995,His curious headgear fell off . Strange things,38.869545,-4.7895117
1,1,0.9958662986755371,emuru,9998,"on , his leaping mind flashed pictures of chi-",-20.756071,32.619064
0,0,2.4792032036202727e-06,iam,9184,we were all invaded by a most tranquil,5.5646105,-16.750296
1,1,0.9541475772857666,emuru,9679,"corner of the pier by inches , and",3.9362447,-10.633891
1,1,0.9955174326896667,emuru,7781,a Bible translation - the Authorized Version,10.716349,32.761036
0,0,5.391778904595412e-05,iam,9977,was never long on patience .,-16.843363,-28.274572
1,1,0.9999288320541382,emuru,8152,"Herring fishermen call this "" the outset "" . It",16.27142,16.513216
0,0,2.3750633772579022e-05,iam,9956,"four or five mile valley , sandy-floored . It",-28.868074,-8.278805
0,0,9.978022035284084e-07,iam,10241,"joking , Nigel . "" "" You shouldn't joke",-8.332562,-2.7936106
0,0,0.0001697080588201061,iam,10355,"can you ? ' ' Forgive is an unctuous ,",21.949709,-19.016262
0,0,4.172690637460619e-07,iam,9243,depth in this particular instance . Fingered,-8.494751,8.000685
1,1,0.999983549118042,emuru,9408,"Motion there was , but motion without event - except",0.2743916,-11.318433
1,1,0.9986899495124817,emuru,9560,"and his pals down . """,32.762627,10.979956
0,0,8.887112130651076e-07,iam,8910,and a series of excellent Honorary Secretaries . Our,-9.537863,0.69964945
1,1,0.9981091022491455,emuru,8800,"George won many prizes , and though some people",2.2842038,16.563208
0,0,0.00035449443385004997,iam,7563,reference .,-17.226997,-32.535778
1,1,0.9999912977218628,emuru,9079,penetrate beyond the minds of astronomers was of general,28.06755,15.442356
0,0,0.0004997672513127327,iam,8090,great fisheries that depend on them :,-14.624191,27.303461
1,1,0.9999833106994629,emuru,10090,"Simone on to the floor . "" It doesn't mean",-28.226212,18.28495
0,0,8.419049663643818e-06,iam,9785,He held out his hand and John could not do,-23.619188,-10.405079
0,0,3.334130838084093e-07,iam,8629,"battle was no substitute for a sound policy ,",21.519892,-23.683311
1,1,0.9999741315841675,emuru,8216,"a dark moustache , and wearing a frockcoat",24.188456,9.102477
1,1,0.9999665021896362,emuru,9525,For the time being Beryl was content to let,28.995054,18.157806
1,1,0.9994786381721497,emuru,8335,"many centuries ago , in some cave or hilly",39.88115,3.321893
1,1,0.9999066591262817,emuru,9417,which must necessarily be subordinated to his,-11.978742,22.899267
0,0,0.001175591954961419,iam,7591,"cannot think of an author , Mark for example ,",-15.049833,25.14985
1,1,0.9968883395195007,emuru,7592,sheet glued on might have to be gummed on,6.262982,28.597155
1,1,0.9985935091972351,emuru,8373,himself go ; and it was from his simpler,11.021903,15.24543
0,0,0.0003864826576318592,iam,10006,was Mr. Copthorne all right . Perhaps he had,-27.565374,26.231836
0,0,0.003281117184087634,iam,7643,"language . The Shamir is the "" seventh "" and",-7.4494405,-14.932855
0,0,0.0024547954089939594,iam,9896,suitable for such occasions .,6.545433,-25.51803
1,1,0.9999569654464722,emuru,10134,to get out her compact and saw Grace's,-7.8856115,-28.611444
1,1,0.9994683861732483,emuru,7830,later chapter there are some situations,6.1767917,7.283349
0,0,4.522062954492867e-05,iam,8286,He sent word straight away to near-by Merstham,-4.9073014,-33.739998
0,0,0.004793449304997921,iam,7953,aimlessly along is more wearying than any-,-17.75798,27.490519
1,1,0.9941399097442627,emuru,7991,notice in the entrance saying which,-9.774241,28.959011
0,0,0.0010622269473969936,iam,9203,Dinas Motor Omnibus Co. to ask what had happened to their,-28.333181,-2.5090492
0,0,5.086469536763616e-05,iam,7973,knowing exactly what the subject,24.404213,-20.412722
0,0,3.27531379298307e-05,iam,10183,She couldn't remember what they had been talking about or,-13.1105585,29.85228
1,1,0.9967689514160156,emuru,10318,"where was happiness , or",-22.799232,16.906485
1,1,0.997381865978241,emuru,8440,known any way of cooking meat,5.990939,-20.852587
0,0,0.0001974557526409626,iam,8895,to put beautiful things into a beautiful church,-24.961498,-26.816072
0,0,0.0002723331854213029,iam,9235,"But even his imagination , luckily for him ,",-9.722296,27.674662
0,0,0.000569793046452105,iam,8986,"take charge , as it were , of the minds of the",16.407492,-18.05066
0,0,7.403267227346078e-05,iam,9664,""" That boy ! That damned fool boy ! What does he mean",-35.25889,-15.490395
1,1,0.989421546459198,emuru,10152,her .,-24.713032,-4.4287677
0,0,7.781416400121088e-08,iam,10125,yourself away on a chap like that . You 're a,-41.121567,-18.0018
0,0,1.405358580086613e-05,iam,7837,In Gethsemane He prayed that the cup,-22.045416,-5.311319
1,1,0.9996639490127563,emuru,9993,a man was drowning and towards his last,20.826435,-6.5832825
1,1,0.991396963596344,emuru,8238,hazardous business .,1.3616549,-11.07883
1,1,0.9995379447937012,emuru,8336,hold forth from a spear the welcome gobbet of,33.195442,6.8947005
1,1,0.9999933242797852,emuru,8507,melody . The paprika and caraway perfume,2.8324828,-6.708022
0,0,0.007509206421673298,iam,9137,"these young ones , on parade for jobs which they",21.19186,16.459192
0,0,5.959298619018227e-07,iam,8779,less because their pulse is nothing other,-13.000641,-1.415237
1,1,0.9999998807907104,emuru,8501,celebrate the victory against the Turks in 1683 . Spanish,14.768128,3.9271371
1,1,0.9997662901878357,emuru,9526,opportunity presented itself . He must,19.948793,11.648935
0,0,2.1141275283298455e-05,iam,7793,first public acts was a hard-hitting battle with,-18.119713,-16.172333
1,1,0.999225378036499,emuru,7776,( which was never actually authorized ! ) .,4.3033843,-4.6708903
1,1,0.9984369874000549,emuru,8017,reading of the Book of Esther is quoted,10.069474,17.349588
1,1,0.9999830722808838,emuru,9545,"like an ineffective imbecile . """,7.001354,7.0775385
1,1,0.999713122844696,emuru,8879,"chilliness of the new church , beautiful as it was and is .",12.105816,-0.17979643
1,1,0.9929909706115723,emuru,8099,a deep-water channel to the Dogger where,-1.2665727,31.10071
1,1,0.9927719235420227,emuru,9958,We turned north into it and after about four,12.502359,-8.250114
1,1,0.9998946189880371,emuru,8582,without going through the formality of having his turbot,10.87799,21.498045
0,0,6.340728305076482e-06,iam,8368,unlimited in its variety and its presen-,-17.6983,-9.160231
1,1,0.9997983574867249,emuru,7552,the opinion that in the original of the Fourth Gospel,11.167321,8.892443
1,1,0.9999994039535522,emuru,8506,"Quixotic and withal it has a sombre ardour , with",15.881014,25.7485
0,0,0.0002804862742777914,iam,8163,"sand ; or even in the case of flat fish , by vibrations",-10.231912,-15.709246
0,0,0.0004923901869915426,iam,10251,"me up for tea , of course . I just thought . "" "" I 'll see , """,-18.824049,-0.57881886
0,0,0.00045424772542901337,iam,7979,week being the same with a pupil,24.947296,-18.229235
1,1,0.765227198600769,emuru,8581,turned it over on the table cloth to,52.109367,-0.6240455
0,0,6.471125379903242e-05,iam,9119,and counteract the obsession with economics,-22.439463,-5.509268
0,0,9.46546861086972e-05,iam,8246,"by it will be so heartily sick , what with the",-26.694603,-17.384314
1,1,0.9982618689537048,emuru,8989,Thetans discover our mental independence,3.4777548,16.124788
0,0,1.5311879906221293e-05,iam,9588,on Guy's part that we missed seeing the,6.1280575,-15.5776205
1,1,0.9999921321868896,emuru,8614,considerable skill at the siege of Limoges .,12.605485,33.100517
1,1,0.9997865557670593,emuru,7506,to make the strongest criticisms . He said,19.825844,4.1716924
0,0,2.464616409270093e-05,iam,8548,about Bouillabaisse and sang - This Bouillabaisse a,-28.566343,-31.215513
1,1,0.9999891519546509,emuru,8310,remained a mystery until later the following day .,23.344088,13.702476
1,1,0.9998571872711182,emuru,9549,""" And I 'm heartily sick of being constantly called",5.4915776,13.669052
0,0,7.128320430638269e-05,iam,8136,longshore fishings . The surface,-5.1924343,7.5407233
0,0,2.4677963665453717e-05,iam,9901,He rode down to where I was waiting . I was,-28.453732,-6.4125075
0,0,7.238673333631596e-06,iam,8319,rican would not say ; nothing an,-11.609528,-18.492586
0,0,3.1188941647997126e-05,iam,8166,aware of the moving footrope before,-5.3253884,7.3300524
1,1,0.9992521405220032,emuru,10208,replied readily . So how could Nigel have,26.537138,8.5295925
0,0,0.002867436734959483,iam,7760,Book was issued in 1604 but the Puritans,-26.822262,25.85875
1,1,0.9963311553001404,emuru,10037,Gavin and the girl who had got,-24.036772,18.204817
0,0,2.8059979740646668e-05,iam,8397,that amazing epoch of grossness and,-24.40831,-24.578785
0,0,9.344128137911412e-09,iam,7558,columns . This is the invariable practice of ancient,14.081524,-28.850075
1,1,0.9998193383216858,emuru,7774,This indicated how ephemeral in the Church had,4.571165,-3.7810915
0,0,0.0001447506801923737,iam,8170,The evidence suggest that the fish are,-6.7937493,7.9965
1,1,0.9993127584457397,emuru,10205,"I 've got to see 'em . If I am free , though ,",12.253304,29.866718
1,1,0.9913772344589233,emuru,8983,caped Thetan subjugation . This time . But we no,30.57293,4.6745877
1,1,0.9979433417320251,emuru,7836,"finally defeat us . More than that , that God",-20.901026,-6.469318
1,1,0.7101476788520813,emuru,9535,"conversation that evening , for when",10.016507,34.921673
0,0,5.4447344155050814e-05,iam,9338,enjoyed himself so much since reading Treasure,-10.937343,-26.054564
0,0,5.903360215597786e-05,iam,8411,"Does one , however , know who first thought",-24.37641,-25.627232
0,0,6.744030542904511e-05,iam,10261,with some bitterness .,-37.25735,-7.6177225
1,1,0.9997299313545227,emuru,7619,a man is the Shamir that guards him-,32.057087,8.67623
1,1,0.9991993308067322,emuru,7652,serve Him with all your heart and with all,29.73502,10.165043
0,0,4.08289309916654e-07,iam,9769,Seaweed sensed his embarrassment and,-0.2639763,8.214262
0,0,3.612844466260867e-06,iam,8572,A fascinating study also opens up in the dietary,17.708963,-19.544733
1,1,0.9999479055404663,emuru,8922,"currence , while ' General Adam was at Corfu the whole",-4.052171,23.397757
1,1,0.9975983500480652,emuru,9561,"look as though it was only what you expected of me ,",37.24779,10.882097
0,0,2.2003247067914344e-05,iam,9841,"contact , is our Robbie ; he gives us the gen and",-5.6034727,-19.756365
1,1,0.9999966621398926,emuru,8293,occurred before her death was ensured by some,22.683464,11.348524
1,1,0.999923586845398,emuru,9329,""" Intended for Plas Newydd , this lot is . Paid for ,",-22.139862,7.672386
1,1,0.9921252131462097,emuru,8630,obvious morals for those who are judges long,11.484656,-4.3539367
1,1,0.9996888637542725,emuru,8959,apartment he garaged his car and then stood,-7.097101,33.89192
0,0,2.59363714576466e-05,iam,8204,"which to proceed , and the inquest was",6.084526,-22.60706
1,1,0.9865735769271851,emuru,10097,ging a smile .,38.674156,0.82176965
1,1,0.999998927116394,emuru,7690,"up these my words in your heart and in your soul . "" The text",15.835219,29.554302
1,1,0.9999974966049194,emuru,9414,than a couple of telephone calls he was,-12.844919,21.949923
1,1,0.9340143799781799,emuru,7838,"lives and that the nearer we get to Him ,",23.997158,5.203595
1,1,0.999664306640625,emuru,9773,was . I 'm Ian Bawley . Does that mean anything,44.163334,4.4537597
0,0,0.0006729711312800646,iam,9983,""" Oh , "" said the unseen guard . He blew a",-14.196653,-31.603214
1,1,0.9999936819076538,emuru,8999,they will promptly give us their hypnotic,-3.3558903,-11.8185625
1,1,0.9951445460319519,emuru,8162,through or along the bottom . ) But given such a bow,33.177578,6.0229964
0,0,0.00013431649131234735,iam,7967,hardly like to add further to the dullness,-2.5620186,8.162963
0,0,0.0009070708183571696,iam,9972,We didn't approach unchallenged . Just short,-7.4910197,-33.550232
1,1,0.9998657703399658,emuru,9576,I 'll give you credit for that . But you didn't press,-4.370527,28.27642
1,1,0.9997434020042419,emuru,8930,her practically all his money caused it to,33.172882,0.15824394
0,0,8.276204425783362e-06,iam,9656,against them with the lift of the next wave .,15.337988,-22.370646
1,1,0.9998050332069397,emuru,10132,was behaving since they had seen them,-17.772303,17.434704
1,1,0.9802505970001221,emuru,9628,made her send a complacent glance,5.104632,-1.1496568
0,0,6.572755228262395e-05,iam,7899,"of the mind is no longer feared or shunned ,",-19.899906,34.07777
1,1,0.9998295307159424,emuru,8042,the longer sugya which deals with all,-2.768692,-30.771748
0,0,0.004224677104502916,iam,7656,"summons of destiny , to solve the economic",-18.523504,1.1789874
1,1,0.9764963984489441,emuru,7546,paragraphos markings were omitted . C. H. Roberts is of,-26.786995,-0.44333035
1,1,0.9996083378791809,emuru,8656,ceptions of governmental duties must be,22.305529,28.986837
1,1,0.9712820053100586,emuru,9656,against them with the lift of the next wave .,51.14406,1.6080757
0,0,2.486970515747089e-05,iam,8496,than is customarily imagined as well as entering human,-20.908672,-26.27538
0,0,2.2527477995026857e-05,iam,7911,"the village , it was not difficult for anybody",-1.4609648,2.95003
0,0,5.091150796943111e-06,iam,7630,"crushing our soul "" ( see Hab. 2 , 10-11 ) . And it is",-12.313467,3.9781616
1,1,0.99978107213974,emuru,8075,has even stepped into the field of high fashion .,24.45891,18.260891
1,1,0.9999966621398926,emuru,8936,Captain Byron that he had been left,-29.991896,12.217464
0,0,5.576907642534934e-05,iam,9335,"list , pushed his glasses up on his nose , and",-21.337242,-23.129696
0,0,0.0021557083819061518,iam,7659,"Jochai ( Tanis 6a ) "" if Israel does not fulfil",4.6518455,34.760113
1,1,0.99970942735672,emuru,9423,It was a novel experience . Alastair was,-23.987278,7.520064
1,0,0.48810693621635437,emuru,9198,""" Good-bye , Morfydd . "" He sought to enfold her in his arms . But he was too late .",52.918976,1.0188825
1,1,0.9999868869781494,emuru,7964,ago to hear of a school who tried a six-,9.75284,7.660334
0,0,0.00048578798305243254,iam,8141,"often start off the "" local "" herring ;",-19.820362,26.549595
1,1,0.9999946355819702,emuru,10218,"Young Gubbins shrugged . "" I didn't see his",-5.141529,30.682821
1,1,0.9977697134017944,emuru,8596,but all the Chelsea philosopher did in return was to,32.580746,11.979248
0,0,0.00012860009155701846,iam,9484,Tartaro at a few minutes past ten on the,25.335817,-24.676167
1,1,0.9999961853027344,emuru,9951,""" The mine-workings lie north of the town , """,8.789012,-5.304749
0,0,0.0018485983600839972,iam,9907,"in , Johnny . "" "" I know . But if lead starts",-14.470665,-22.14301
0,0,9.267943823942915e-06,iam,8169,Let us consider first what would,-6.6735544,9.062186
0,0,0.001378781395033002,iam,9195,"a promontory , a mass of clean rock crowned with",-36.24123,-15.542201
0,0,0.0001658759283600375,iam,7997,"I would not want to either , but if she wants to get through",-9.609522,-14.591132
1,1,0.9994229078292847,emuru,7526,present state of the Gospel is the result of an accident-prone history . The,30.543865,10.441267
1,1,0.9999414682388306,emuru,9280,"Llangrwl , and his dear Morfydd quietly",-19.89495,6.311172
1,1,0.9998806715011597,emuru,9439,"capped summit of Mont Blanc , seven miles",-16.05575,21.521597
0,0,8.126357715809718e-05,iam,9487,movements of the Bentley . It had passed,-6.5079036,11.628822
0,0,3.421017390792258e-05,iam,8010,of that passage makes it clear that these are,-12.684561,-23.994036
0,0,2.0236227271652751e-07,iam,7739,that is hurled against us . The Salt-water,-29.491861,-29.223606
0,0,0.0005300783668644726,iam,8893,a rule that all gifts should be submitted for approval to,4.137638,-24.218506
0,0,8.503729077347089e-06,iam,8345,"evening meal . Later came the thrifty peasant ,",25.94172,-22.504572
0,0,0.005400505848228931,iam,10099,"lifeline and Gay got up quickly , mana-",-6.341522,26.795532
0,0,1.0807742000906728e-05,iam,10231,looked distinguished when he frowned ; boyishly,-4.129486,-19.5966
0,0,0.0005100580747239292,iam,9350,Flor were listening .,10.666041,-6.4318376
1,1,0.9943333864212036,emuru,10113,"weakly , "" you don't know Gavin . "" "" I 've only met him",26.739584,1.7630403
1,1,0.9829400777816772,emuru,8297,which might relate .,14.294805,30.097513
1,1,0.9999790191650391,emuru,10248,"he told her , and suddenly seized her in an embrace",17.150444,-0.3073477
0,0,1.1382969660189701e-06,iam,8641,the story of the prelude to the,11.770604,-31.081654
1,1,0.9996563196182251,emuru,9070,"was a Static Mib , the middle-income-bracket equivalent",26.36001,10.365068
1,1,0.966620922088623,emuru,10283,he put back his professional,-20.05102,12.611204
0,0,0.00040917235310189426,iam,9571,"mounting exasperation . "" Very well ! "" He",20.742104,-18.820932
0,0,0.001662656432017684,iam,7894,They drag themselves around and can become,-25.692293,-7.2359786
1,1,0.9980360865592957,emuru,10359,"patronizing word , ' she replied . ' I despise",-22.47546,11.553857
1,1,0.9987961053848267,emuru,7733,Derush ; ( 4 ) Leaning-back represents Saud .,10.014823,-2.8114953
0,0,2.37037127703843e-07,iam,7804,table which was handy for the most improbable uses .,-12.180892,-20.120369
0,0,4.74949615636433e-07,iam,8514,specifically national . The art and,-30.512482,-20.28025
1,1,0.9972225427627563,emuru,8862,"with a book on the life of Marx ,",30.182678,-10.74033
0,0,2.208538944614702e-06,iam,7879,veritable surge of energy . Many a girl who,-1.1595979,2.9947789
1,1,0.9999561309814453,emuru,8433,"and he knew how to do it , too : - When the",-26.566189,3.8833525
0,0,9.77056879492011e-06,iam,9405,had no place here .,2.7847838,-19.206284
0,0,0.016833070665597916,iam,7941,Can we then frame some ' rules ' which may enable us to live life,27.995972,-2.1460752
0,0,8.328657713718712e-05,iam,8104,"they migrate easterly to the Norwegian side , or westerly , until",31.869665,-6.380902
0,0,2.6867965630117396e-08,iam,7533,"he has not , until now , been able to exhibit exactly",-35.66387,-28.265081
1,1,0.9949381351470947,emuru,9709,Buck would be wetter if he,4.488479,27.486336
1,1,0.9560695886611938,emuru,8623,the longbows of yeomen could pierce the,28.83854,5.817791
0,0,1.2592742848482885e-07,iam,9452,scanner could be adjusted to cover any,11.186437,-19.81488
0,0,0.00567668117582798,iam,8363,It is a far enough cry from the primitive,-24.624636,-25.573547
1,1,0.9996398687362671,emuru,7905,made this century is the way in which illness,-18.577414,34.12666
0,0,2.033880809904076e-05,iam,10328,"up from that first ideal , and how",-7.7387695,-8.846913
0,0,5.3593144002661575e-06,iam,7748,without which Society cannot make progress . And we drink,-15.53005,-8.907861
1,1,0.9994997978210449,emuru,8248,"of a railway will be worse than Ipecacuanha , """,8.311451,-4.884804
0,0,8.197387069230899e-05,iam,10162,"she felt happier . Gay loved them for their warm sympathy ,",36.883736,-13.609521
0,0,0.005838463548570871,iam,9475,"on the bridge over the Po , barely forty miles to port .",20.306787,-17.088245
0,0,7.208446959339199e-07,iam,9113,"by training , and suspected that the points he made",-35.272045,4.592891
1,1,0.9999963045120239,emuru,9061,"had contacts in political circles , a school-",11.090041,5.544736
1,1,0.9997081160545349,emuru,10323,"given her . ' I 'm sorry , darling . '",15.194811,-1.6552212
1,1,0.999729573726654,emuru,8747,London was again in turmoil ; but this time,13.192986,32.430984
0,0,0.00027529013459570706,iam,8067,The Gemara continues with a saying of the,-19.781565,-18.319832
1,1,0.9999439716339111,emuru,9308,he suggested hopefully .,-26.003023,15.566988
0,0,4.213135071040597e-06,iam,8201,man had been seen fleeing from Vauxhall station on,-25.4538,-14.819679
0,0,1.496169079473475e-05,iam,9000,move about pretty freely without,6.858509,-29.495615
1,1,0.9996187686920166,emuru,10009,"in London . Very strange his eyes looked . Mad ,",29.744677,12.825274
0,0,0.0004065279208589345,iam,9434,""" Good luck , Air Marshal , "" she said gently . "" I 'll",26.991165,-2.2401805
1,1,0.9999545812606812,emuru,8901,"I found myself deeply involved . At first , the main work was to help",14.377674,30.71554
1,1,0.9999574422836304,emuru,10120,who doesn't care two jots for your feelings .,40.843586,-7.7890425
1,1,0.9991379976272583,emuru,9618,""" For all your good opinion of yourself ,",-19.093079,9.328895
1,1,0.9999744892120361,emuru,7528,"original was written on a roll , or codex , which fell into disorder or was",-3.578205,31.921314
0,0,8.111919669318013e-06,iam,9889,usual and in fact had applied all the usual specifics,-36.150864,-27.747007
0,0,0.0018037621630355716,iam,10175,"Sometimes they talked on the theme of "" when we get married "" ,",-11.778544,-9.218126
0,0,0.0003507967630866915,iam,9686,shoot the craft in under the outer,-25.110073,-22.164833
0,0,6.020839009579504e-06,iam,9014,foot to Dan's house . Dan came,-11.36976,-29.318121
0,0,0.000244271446717903,iam,8778,"At one and the same time , therefore , occur the beat",-40.52388,-20.006401
1,1,0.9911925196647644,emuru,10338,"' Good heavens , darling , why on earth",-4.2329636,-7.3213596
0,0,2.581084856956295e-07,iam,10250,receive a sharp slap for his pains .,-26.92443,-28.95397
1,1,0.9919058084487915,emuru,8169,Let us consider first what would,-27.508627,23.034502
1,1,0.9997901320457458,emuru,10335,no matter how one might want to,-7.69718,-27.67023
1,1,0.9996974468231201,emuru,9183,"any rate they remained with us , perhaps",28.200045,6.488014
0,0,0.00015179820184130222,iam,9793,"drop the rank - such a mouthful ! "" "" You 're",-27.938202,-22.673748
1,1,0.9995753169059753,emuru,8460,ethereal enjoyment to the grosser pleasures of the,6.5093307,12.59554
0,0,9.112407497013919e-06,iam,10031,"taxi , and then found that in",-11.570784,-18.983746
0,0,0.0009276632918044925,iam,9840,"said John , "" but you can pay for my drinks",21.744997,-17.177969
1,1,0.9999157190322876,emuru,9505,""" I caught him just as he was going to the",5.997387,-2.4898977
1,1,0.9969322681427002,emuru,8636,without a large-scale and concentrated invasion .,27.397501,7.1024494
1,1,0.9999972581863403,emuru,8524,typically French .,7.949183,-1.4388388
1,1,0.9958180785179138,emuru,7692,your heart and with all your soul and with all your might,18.61747,-3.6601205
1,1,0.9837011694908142,emuru,7993,the washing on a Monday .,21.721304,-5.4059205
0,0,1.9609558876254596e-05,iam,8589,"sole , a baked leg of mutton with oyster & veal stuffing and a",13.425599,-21.080873
0,0,0.002007200149819255,iam,10272,badly - at any price . I hope,-10.648744,14.641428
1,1,0.9952686429023743,emuru,7755,brought out from under the burdens of Egypt ?,8.729967,26.064983
1,1,0.9956042766571045,emuru,9132,deeper layers in the human psyche which are,0.94458413,31.638906
1,1,0.9998961687088013,emuru,8183,"field of disturbance , or bow wave . This suggests",22.748093,17.907671
1,1,0.9992697834968567,emuru,7560,"original of the Gospel , whether written on a roll or codex ,",24.59909,11.377991
0,0,7.06120699760504e-05,iam,9449,turned the scale slowly to cover the,-9.540538,34.999855
1,1,0.9996022582054138,emuru,10366,"His digressions too , seemed to have no other",1.9031795,4.8816977
0,0,6.908795330673456e-05,iam,9380,think and plan and know . Those who know,-34.46991,-3.6424015
0,0,0.004352638032287359,iam,9721,few moments later the yawl was upside,-14.81809,29.597971
1,1,0.9999810457229614,emuru,9041,the Avenue from its many tributary streets . It might have,31.737164,1.681761
0,0,0.00026953310589306056,iam,7761,the throne . He was quite prepared to be,-29.121088,6.56186
0,0,0.00023687137581873685,iam,8842,"Conrad Noel , the eloquent leader of",-7.7504907,9.397524
0,0,0.006988049950450659,iam,8102,spawning herring are always found .,30.014818,-2.15942
1,1,0.9999020099639893,emuru,7778,himself immortal by becoming associated with,4.2475386,-4.4089622
1,1,0.997511625289917,emuru,9230,"the title of "" First Woman to Enter Space . """,-3.553858,-7.106386
1,1,0.9999908208847046,emuru,9457,the tiny white figure of 8.5 against which the needle,17.518097,-4.8116403
0,0,2.8730053003300782e-08,iam,8614,considerable skill at the siege of Limoges .,15.35932,-30.96542
0,0,0.00016967732517514378,iam,9427,be waiting for you at the Hotel Roma at six this,-1.8499117,10.767297
1,1,0.9979264736175537,emuru,10182,Little Phelpham .,-9.665059,20.296085
0,0,0.0004911813302896917,iam,9242,"But nonplussed , the conductor was . A",-21.049452,-15.581322
0,0,0.04076743870973587,iam,8873,"co-operated , we made the little side chapel a place",-38.934937,-8.234338
1,1,0.7363091111183167,emuru,10123,"fine girl , intelligent , and pretty , and I had",52.510067,0.8872789
1,1,0.9962201714515686,emuru,8077,"the potentialities of the craft , and crochet was",19.371023,-6.719452
0,0,1.4975055862009867e-08,iam,9804,he was on the verge of a new chapter in,-32.8833,-29.10321
1,1,0.9999958276748657,emuru,9897,his surviving submarines a good deal harder than,11.851196,-2.544123
1,1,0.9762152433395386,emuru,10034,off the plane with him were talking .,-21.872643,31.556849
0,0,0.0002898315724451095,iam,8274,"24 , 1905 , a Sunday , Sub-Inspector Peacock , of",22.60263,-12.2042675
0,0,4.5339632492868986e-08,iam,8922,"currence , while ' General Adam was at Corfu the whole",11.264295,-21.951157
1,1,0.9425403475761414,emuru,7556,about one third of a page of Souter's print .,-27.42535,-0.6449376
1,1,0.9999988079071045,emuru,10200,"he shrugged diffidently , "" I like the work . One gets plenty",40.496445,8.253214
0,0,5.5835329249021015e-08,iam,9162,can you . Look over there . ' He pointed to the,5.548014,-26.2968
0,0,8.607975178165361e-05,iam,7990,it added immensely to the interest,-6.280412,12.648255
1,1,0.9969701766967773,emuru,9857,give me a ring at this number and I 'll,-7.00519,-14.820641
1,1,0.9995736479759216,emuru,9279,""" Afternoon , Mr. Roberts , "" he called , polite ,",-4.240121,-6.057467
0,0,1.289690044359304e-05,iam,7954,he was a little more systematic . To drift,-27.152866,24.483826
1,1,0.999963641166687,emuru,8453,By delicate application of odours and richly-distilled,-28.160458,1.1091046
0,0,0.00010038187610916793,iam,8372,"tongues ; unreasonable surfeit , too , in the",-29.021809,-19.212368
1,1,0.9999290704727173,emuru,8382,"out of Italy into France , we are told ,",19.138084,34.013325
0,0,9.145159651779977e-07,iam,9161,shadows beyond the river . ' Something moved . ',-29.8087,-26.764719
0,0,0.0006377410609275103,iam,10357,miraculous recovery and Sandra would,-32.658714,0.76009834
1,1,0.999816358089447,emuru,9106,"say a word about it , Lester wants his",13.356221,31.00365
1,1,0.9809951186180115,emuru,9623,"man was , she thought impatiently ,",17.718605,14.239732
0,0,2.402564132353291e-05,iam,8251,proposed to build the Box Tunnel .,-7.9509764,-18.015892
1,1,0.9776777625083923,emuru,9487,movements of the Bentley . It had passed,-17.406208,13.764266
1,1,0.9999854564666748,emuru,10014,"the fourteenth century . """,-19.91616,10.721529
1,1,0.9871277809143066,emuru,9486,previous night . He worked out the distance,31.080708,3.779506
0,0,1.2287799108889885e-05,iam,8649,"war , there was a constant stirring of",-28.193478,-15.0134945
0,0,6.129158009571256e-06,iam,7540,Gospel represents the work of generations of,6.760593,-25.445433
0,0,1.5623052149749128e-06,iam,9431,sounded so charming and appeared to be so,-6.226877,5.302179
1,1,0.9999839067459106,emuru,9648,rocks in an' out o' de water .,-4.162777,23.564882
0,0,6.400412075890927e-06,iam,9433,efficient .,22.788996,-23.834148
0,0,7.108451973181218e-05,iam,8906,in the winter of 1914 and 1915 the matter of War Pensions,-13.14706,-6.1952243
1,1,0.9985623955726624,emuru,8243,them was one of the most dangerous jobs con-,26.324926,-4.338381
1,1,0.999868631362915,emuru,10330,He looked nervous . It had been,2.1413245,29.918701
0,0,1.0498434122041544e-08,iam,8610,on land . Gaunt was compelled to give up his search for,16.351645,-29.31957
1,1,0.9998688697814941,emuru,8987,people - who are probably falling all over them-,28.125565,1.1913606
1,1,0.999943733215332,emuru,9245,""" Where are we going ? "" he echoed Cadwallader .",3.565126,-11.122565
0,0,2.7373297939448094e-07,iam,10267,hospital .,-7.886831,10.206001
0,0,6.643825327046216e-05,iam,8280,the Feathers Hotel to await identification .,-16.05868,0.8392708
0,0,2.9661738153663464e-05,iam,7557,manuscripts . A common size of column would hold,-31.137829,-16.23911
1,1,0.9964147806167603,emuru,9175,would be inopportune ; and with the idea came,30.144667,4.096634
1,1,0.999357283115387,emuru,8221,"description , but the man was not traced .",9.952834,-8.289606
1,1,0.9989913105964661,emuru,7516,"has rung a couple of times , calls from",9.869025,0.424717
0,0,0.00012679323845077306,iam,7925,"in one place , their lives were of one",15.899934,-18.846127
1,1,0.9994509816169739,emuru,7800,"by Calvinists and Puritans , and the sentiment was",6.9097,-5.9124546
1,1,0.9519133567810059,emuru,7897,and is in fact no differently regarded than,-19.391909,33.94776
0,0,6.5200597418879624e-06,iam,8030,known comment on the verse ; quoted by,-17.769188,-21.81417
0,0,1.389706721965922e-05,iam,8838,"the Church Socialist League , genuinely advocated",19.71338,-17.907532
0,0,0.0018339003436267376,iam,9692,"reached the pier , the judge on legs",41.504936,-2.1286404
1,1,0.9997045397758484,emuru,8769,ventricular content .,8.83609,5.7710323
0,0,0.047363657504320145,iam,7810,but to a child they are very real . Not that I am suggesting,33.234734,4.904278
1,1,0.9997000694274902,emuru,9452,scanner could be adjusted to cover any,-9.489638,31.621138
1,1,0.9999940395355225,emuru,9327,"Stared back did Price the Provisions , unwinking .",13.306598,4.160181
1,1,0.9922084212303162,emuru,9723,"down , exposing its shallow keel .",-25.551876,28.748375
0,0,0.0015252988087013364,iam,7771,minor except for the new section on the Sacraments,26.275366,-20.22058
1,1,0.999636173248291,emuru,7996,"- you must , for example , do your shopping on the morning of",1.3240807,25.92901
1,1,0.9997977614402771,emuru,10187,"word shouted into her very soul a horn of warning , and",39.603836,8.747565
1,1,0.9998537302017212,emuru,9864,lying in pairs alongside the jetty at Fort Blockhouse .,26.604847,21.724943
1,1,0.9982991814613342,emuru,8595,"Wagner was a highly practical feeder . He ate very fast ,",35.701927,11.198368
0,0,3.116197149211075e-06,iam,8890,such a beautiful building with suitable fittings ; I made,-13.470331,1.1706977
0,0,2.0249624867574312e-05,iam,8488,If that country had not been for so long a battlefield red,-25.899988,-29.850624
1,1,0.9999622106552124,emuru,8444,to their aid .,23.109957,6.645894
1,1,0.9999669790267944,emuru,9812,"bit of a humorist , aren't you ? "" said",42.570347,2.2956107
0,0,0.001064244657754898,iam,9815,"right ? "" "" Who told you ? "" "" Little bird .",-26.042433,-24.116728
0,0,0.00011594720126595348,iam,8656,ceptions of governmental duties must be,-7.733768,-32.31136
0,0,0.003246474312618375,iam,10086,as Gay drew out a chair and sat,-23.92152,-12.908804
0,0,6.24280801275745e-07,iam,7914,far greater simplicity than their successors .,-11.762592,-14.767054
1,1,0.9999750852584839,emuru,9574,You made some sort of a protest to Graybury .,-2.0807116,32.838474
1,1,0.9994210004806519,emuru,10319,She went back to Philip . But,-2.365236,30.2145
0,0,0.00032026803819462657,iam,7733,Derush ; ( 4 ) Leaning-back represents Saud .,-26.981066,-12.34141
1,1,0.9959726929664612,emuru,9232,the fact that the green earth was falling,23.552727,-3.2110307
0,0,7.566352451249259e-06,iam,9782,"Commander , "" he said . "" Now what about that",-28.799252,-23.235563
0,0,1.628453901503235e-05,iam,8493,Foodlore reflects much more of national temperament,-31.063515,-6.938398
0,0,0.0015367784071713686,iam,8096,"movements , although primarily",-18.896296,26.258347
1,1,0.9999202489852905,emuru,7785,just learning to read . James was followed by,43.655224,4.6574917
1,1,0.9994887113571167,emuru,8465,clarifying the functions of the brain . It,16.344378,29.569038
1,1,0.9999995231628418,emuru,9382,are slaves to it . Only an outcast is free . Because,12.01925,2.4818316
1,1,0.9999239444732666,emuru,10364,purpose than the throwing of dust in his,-7.618116,32.435787
1,1,0.9996761083602905,emuru,9348,"When you come here , when you come to the True",-1.3660634,-8.452028
0,0,2.8281021968723508e-06,iam,9811,""" You know a great deal about me , """,-20.271585,-28.448626
1,1,0.9977157115936279,emuru,8587,on the table cloth to examine the marks on the back,33.207253,-1.2092954
0,0,5.392863749875687e-05,iam,9167,"to other day , my lord . A being of whom",-12.649771,-26.918701
1,1,0.9989799857139587,emuru,8108,miles farther south before they,6.142468,6.8310814
1,1,0.9999867677688599,emuru,9300,his Eth . Morfydd thought of Dai . The,7.8966794,32.59818
1,1,0.9999938011169434,emuru,9662,with part of that howling northwest gale .,-0.37694833,-25.000463
0,0,0.004278920125216246,iam,9498,"To Beryl , at least , this was anti-climax with a",-15.937769,-28.712471
0,0,0.000420725584262982,iam,9454,"Plain of Lombardy ; to the right , Turin ; to the",6.812534,30.829727
0,0,0.002339228754863143,iam,8305,So the body of this small girl with the blue eyes and,8.251414,-33.107685
1,1,0.9991476535797119,emuru,9353,"Lily-yo said , doubtingly . The Captive with the",8.820852,15.643344
0,0,1.403114220011048e-05,iam,8175,"for an unknown period of time , until",-31.692142,-10.377762
1,1,0.9997095465660095,emuru,8576,been blind to the charms of turbot and,1.2749401,-5.626208
0,0,6.40400976408273e-05,iam,10276,words . ' I wonder you dared trust,-20.372332,25.43655
0,0,2.3192064873001073e-06,iam,8014,"R. Joshua b. Levi . ) Finally , we note that",-16.927946,-21.530554
0,0,4.103095761820441e-06,iam,8006,"too , are necessary , but a careful examination",-32.398125,-3.5654612
0,0,0.004283654037863016,iam,9658,Around that rounded rocky promontory where the,-5.8789015,3.8487647
0,0,3.9586229831911623e-05,iam,9959,we figured would lead to the miners' camp .,-18.889019,-32.77513
0,0,0.0018417168175801635,iam,7998,sit down quietly and make a list of everything she has got to,31.807726,-6.336296
0,0,3.4062106806231895e-06,iam,8445,confine the resources of the table to the gratification,9.853145,-17.442728
1,1,0.9998753070831299,emuru,9666,"by trying to come home now , even if he did promise ?",-4.6910768,-30.674618
1,1,0.9908871650695801,emuru,9027,gave the impression of having been thought out and,27.483484,7.600632
1,1,0.9999088048934937,emuru,7799,"with James and Charles , the Puritans argued ,",7.228896,-5.5896206
1,1,0.9999104738235474,emuru,10138,He 's getting on well but is pretty helpless still with his,21.26995,5.0425487
1,1,0.9999978542327881,emuru,7660,"the wish of the Lord , failing to serve the",7.1305256,2.216473
0,0,5.5342266023217235e-06,iam,9241,his ticket-punch nervously . Peered out of,-10.732457,6.902107
1,1,0.9999668598175049,emuru,8461,board . The gratification of the sense of smelling,5.410869,1.069724
1,1,0.9999428987503052,emuru,9284,"Joy . At last he caught up Mr. Roberts ,",-17.389519,11.888122
1,1,0.9999942779541016,emuru,8937,"made a will in Augusta's favour , she had",-1.1880473,25.861593
0,0,2.3041833685510937e-07,iam,7511,offering to drop by for a chat .,14.282947,-33.687824
1,1,0.9999817609786987,emuru,8359,admittance into an acquaintanceship far more,28.318722,17.83713
1,1,0.9999997615814209,emuru,8856,elections . In the Sheffield Trades and Labour,14.761532,17.736225
0,0,0.0059921108186244965,iam,9394,"asked . ' What else ? Flor and Lily-yo , you arrive",5.611794,24.555883
1,1,0.9992873072624207,emuru,7917,that it taxes the mind . Two hundred,-10.358248,21.761232
0,0,0.08292362838983536,iam,8822,"on West Street , where a successful Sunday",26.45239,-0.5880731
1,1,0.9999592304229736,emuru,10299,when you reach your parents',-18.508724,11.494685
0,0,2.230171730843722e-06,iam,7878,tiredness - such as when your wife mentions,-21.987648,-3.3883255
0,0,0.00046010984806343913,iam,7578,"the roll , a sheet could easily be glued on .",24.681646,-18.155804
0,0,2.3278289518202655e-08,iam,8729,"of Canterbury and York were to pay ten marks ,",-15.367255,-13.328443
0,0,1.8010430721915327e-05,iam,8837,"subjects , for being well acquainted",-5.254496,10.830276
1,1,0.9981517195701599,emuru,8641,the story of the prelude to the,0.4662205,-29.305489
0,0,0.0007867072708904743,iam,10235,Nigel often had to think hard to sort,-26.30819,28.36191
1,1,0.9997910857200623,emuru,9194,far from our minds that at any moment we were,12.646699,-3.4614005
0,0,0.00519039761275053,iam,8018,The sugya is built around the saying of,2.6572068,7.630879
0,0,0.004189757164567709,iam,8854,work . The British Socialist Party endea-,-30.458097,0.20840962
0,0,4.172673016000772e-06,iam,10243,""" You just gave it back to me . "" "" I",-2.2328641,19.456139
0,0,6.13421289017424e-05,iam,9968,shack and as we got near someone inside bawled,-8.2117195,-33.059143
1,1,0.9999784231185913,emuru,8313,"evening at about seven o'clock , telling her room-mate , Emma",13.457285,17.981678
1,1,0.997320830821991,emuru,9750,than her usual cordiality and flashed a warning,-7.6272035,34.440643
1,1,0.9985445737838745,emuru,8281,"Was it a case of suicide , where some unhappy soul",10.662771,-4.168216
0,0,4.6640238338113704e-07,iam,9042,"been a normal business-day bustle , except for two anomalies .",3.781332,-16.043842
1,1,0.9980369210243225,emuru,9947,"into draws , circling a big mesa by a",1.5654398,0.35839778
1,1,0.9993497729301453,emuru,8217,for a man who had been seen leaving the train,3.1647382,-10.46828
0,0,2.972760921693407e-05,iam,9067,"furniture in the second year , "" she moaned . She",-34.799637,-20.149044
1,1,0.9999852180480957,emuru,9365,young . You may be able to have babies . Some of those,7.2031083,2.4159467
0,0,0.0005552219226956367,iam,10058,sitting just inside having coffee .,-23.861237,25.07812
1,1,0.9999479055404663,emuru,7683,""" And then the Lord's wrath be kindled against you , and he",20.040012,7.04526
0,0,6.063966065994464e-05,iam,9495,"own veranda , that he had taken the liberty of",-19.93289,-24.514315
1,1,0.9996150732040405,emuru,9605,your knowledge of all the affairs of the,5.711353,8.762679
0,0,0.00021436894894577563,iam,8564,intellectual faculties . Bunyan's break-,-40.627388,-15.007732
0,0,4.567894222873292e-07,iam,7510,other chums sniffing the wind and,17.166904,-32.32951
0,0,0.00033737035118974745,iam,9107,"That 's how he got the votes , that 's how",-2.356831,21.342216
1,1,0.9986407160758972,emuru,8340,borrowed straight from the prehistoric . How,34.232845,13.24373
1,1,0.9959772229194641,emuru,7476,such as a chair and a motor-car . The idea is to see what happens when,3.6890118,30.725061
0,0,0.00011911327601410449,iam,9340,"' But we - ' ' Stop your stupid talk , woman ! ' ' We are - '",2.2462382,-16.96544
0,0,0.00034972719731740654,iam,8342,Suffice to say that few of us stop to marvel at,21.891047,-26.706564
1,1,0.9972844123840332,emuru,10154,rather a sense of relief now that she,5.732326,21.36992
1,1,0.9929907321929932,emuru,7865,than when they went to bed . We may begin,14.319877,27.245947
1,1,0.9783178567886353,emuru,8283,had walked deliberately into the blackness and,14.483598,14.181945
1,1,0.9985337257385254,emuru,9615,I doubt it . He 's about as easy to push around,-0.271489,14.46516
1,1,0.9999884366989136,emuru,9519,earned gratuity to his native village at the,38.18373,5.5913153
1,1,0.9997482895851135,emuru,10202,"suppose , to meet me for supper somewhere ? "" she had",-27.61183,-4.490041
0,0,0.0029162184800952673,iam,9050,little sorry if we were not back for Christmas,-17.626465,19.143394
0,0,0.0004158099472988397,iam,10135,"feeling self-conscious and awkward , sure that",-21.8518,-17.520819
1,1,0.9999809265136719,emuru,7961,the pressure on over-crowded trains .,3.4290793,6.3291574
1,1,0.9898518323898315,emuru,8165,"be by actual contact , or by sight reaction to the disturbed",31.609678,14.752883
0,0,7.863590872148052e-05,iam,7701,"bind them to have the vision and then "" And 1ye",22.234797,-13.330303
1,1,0.8770604729652405,emuru,10093,felt wretched beyond words .,38.880424,-4.7356873
0,0,0.00014012290921527892,iam,9929,"Dan ? "" "" Know what ? "" "" That he 's dead , """,-18.391294,-0.5389478
1,1,0.9999957084655762,emuru,8261,sounds in a confined space combine to produce a,11.115494,-3.0711732
1,1,0.9944943785667419,emuru,9932,leading to the ridge . I followed . From the,50.3339,0.32780865
0,0,0.0036593875847756863,iam,9639,"And then she received a jolt . Old Hubert , standing",-27.898624,-17.663172
0,0,0.000326855864841491,iam,7935,and to do so inevitably builds up tensions which,24.396646,-18.70788
1,1,0.99932861328125,emuru,9555,to say - and all you can do is to find,5.0467267,10.272113
0,0,0.001745128887705505,iam,7992,into a dull routine . I have great,-13.87043,26.630678
1,1,0.9998341798782349,emuru,9129,"to be diverted , however , with the single exception of one",36.29846,12.673433
0,0,2.50487955781864e-05,iam,8112,other banks are most of them,-18.616636,-24.063372
0,0,3.7227064098033225e-08,iam,8730,the Duke of Lancaster and the Archbishops,-14.979973,-14.073173
1,1,0.9992654919624329,emuru,9094,"duties and his wife , in the manner of middle-brow",-7.1477127,30.285662
0,0,3.493367330520414e-06,iam,9616,an attempt to show my lady-love that I,-2.0178463,15.072949
1,1,0.9998657703399658,emuru,7693,"in the first part of the Shmah , we have first "" and",27.937145,9.306255
1,1,0.97966468334198,emuru,9282,He had seen no sign of an accident .,53.086334,-0.30183557
0,0,9.137382221524604e-06,iam,8287,thrust in her mouth like a gag .,-13.328511,6.3815265
1,1,0.9991809725761414,emuru,9746,man who was staring moodily into a gin,19.375118,-6.01305
0,0,3.504093797346286e-07,iam,8307,"identify her as his sister , Mary Money , aged twenty-two .",13.099021,-29.384306
1,1,0.9997162222862244,emuru,7758,"James had grown up in Presbyterian Scotland ,",3.8681786,23.754522
0,0,5.005861567042302e-06,iam,8316,"Hone , that she was going for a walk , but would not be",-20.293297,-8.282718
1,1,0.9984473586082458,emuru,8397,that amazing epoch of grossness and,19.882565,6.3351927
1,1,0.9996036887168884,emuru,10327,said instinctively : ' I told him,-23.754606,13.384848
1,1,0.9994885921478271,emuru,9170,"' Bottle-Foot , my lord . ' ' Bottle-Foot ? ' His lordship",6.9297776,24.053864
1,1,0.9940136075019836,emuru,8791,"' And while the heart is slowly dying ,",-9.599908,21.265783
1,1,0.999975323677063,emuru,10360,the deceit . The lies . ',-0.97257686,28.167048
1,1,0.9999054670333862,emuru,8845,"Christianity , common ground could be found .",28.515556,-0.006465144
0,0,3.3706844533298863e-06,iam,8794,ventricular one slowly and,-10.422652,6.302158
1,1,0.9993355870246887,emuru,7578,"the roll , a sheet could easily be glued on .",25.644455,16.50666
0,0,6.712220056215301e-05,iam,10115,"heart out over ? "" Doc nodded towards the door . "" You",-13.206891,3.7472355
1,1,0.9984225034713745,emuru,7844,should pass from Him . Jesus shows us,21.404339,14.318564
0,0,4.74262969873962e-06,iam,10204,""" Bless you ! I hope Luke is suitably grateful , darling . "" "" Oh , well , """,-19.09657,24.285612
0,0,0.0002731132262852043,iam,9875,through the open windows of the Captain's house . It,-25.94329,-10.068518
1,1,0.9999881982803345,emuru,9478,"conference in Bruce Denton's office , been whisked",17.083063,8.963059
0,0,2.1983328224450815e-06,iam,10056,"can't find a table for two . """,-29.432697,28.030931
0,0,0.00011024766718037426,iam,7649,"shall come to pass , if 1ye shall 1hearken",-16.16583,-1.0175599
1,1,0.9987797141075134,emuru,10001,Mr. Copthorne was on dry land in a church,32.22475,-2.8324487
0,0,0.0009739705710671842,iam,9055,Then he would go back to Plato for a final spell of,-2.3141856,34.340374
0,0,8.754273585509509e-05,iam,8768,or in flagging warmer ones . At the time of its movement,-20.21999,2.8437023
1,1,0.9990918636322021,emuru,7808,"to face their fears , to see through them and come out on the",32.489037,7.368642
1,1,0.9996933937072754,emuru,9953,"rough country , sliding on shale , climbing down",-2.8285267,-23.81508
1,1,0.9999932050704956,emuru,8184,Then they stop swimming and are caught . In,-14.578415,33.766647
0,0,0.009350071661174297,iam,8220,"defective , and , despite his claim to infamy ,",-15.741342,-2.0111148
1,1,0.9998103976249695,emuru,7581,Against these advantages the codex was fragile and,25.57615,16.013895
1,1,0.9998561143875122,emuru,8127,the robin who gets back exactly may be,4.0696754,27.479416
0,0,3.750377118194592e-06,iam,8121,"the drift , it probably has a survival value",-23.48963,22.019062
0,0,2.5452748104726197e-06,iam,10318,"where was happiness , or",-9.286943,10.724664
0,0,5.45332113688346e-07,iam,9033,at home . Steve switched on Dan's,-28.569466,-17.48188
0,0,2.0161248812655685e-06,iam,9647,"3"" He powerful anxious , poor Mistah Piers .",-31.875217,17.0274
0,0,3.811962415056769e-06,iam,7494,"C O believed him . Courtenay played the part with a gawky ,",-23.508234,-16.562288
0,0,5.7700599427334964e-06,iam,9206,damn bus .,-20.442541,-28.010296
1,1,0.9993318915367126,emuru,9290,"he found was Morfydd's mam , working",-23.008902,7.576113
1,1,0.9906124472618103,emuru,7920,"In other ways , too , life for the ordinary",17.787382,-6.4169283
0,0,3.1587103876518086e-05,iam,8905,' Coulsdon and Purley Patriotic Fund ' in whose counsels and committees,-13.898129,-5.0273933
1,1,0.9998325109481812,emuru,10336,Her eyes darkened in torment . ' Are,-2.229529,31.359632
1,1,0.9994783997535706,emuru,7762,"spoiled that . The Puritans had high hopes , for",23.655092,14.157636
1,1,0.9957208037376404,emuru,9440,no permanent image .,-23.862953,5.5121465
0,0,8.367075497517362e-05,iam,10120,who doesn't care two jots for your feelings .,-22.696402,-14.314293
0,0,0.00013411900727078319,iam,7969,which it engenders . But I am not arguing,-31.99004,-14.216692
1,1,0.9312683939933777,emuru,8174,it reaches them . They move away before,-3.610146,6.3361926
1,1,0.9998456239700317,emuru,9446,ground immediately ahead .,21.902367,7.020893
0,0,0.0005552982911467552,iam,9578,thoroughly enjoying Forrest's company in,-12.901253,27.514841
1,1,0.9968934059143066,emuru,10294,' I will leave you the necessary pre-,0.51640904,22.3043
1,1,0.999845027923584,emuru,10337,touched him after the cold wind,-21.07997,21.586079
0,0,7.818773156031966e-06,iam,8361,programme of entertainment almost,-31.819925,-7.455497
0,0,1.4569873201253358e-06,iam,9772,"yourself , "" she said with mock severity .",-18.537807,29.7164
1,1,0.9993876218795776,emuru,9488,him at the temporary bridge over the,31.28297,20.38512
1,1,0.9999849796295166,emuru,9992,"be open . It was . He entered , and seated himself",16.07163,-0.46710852
0,0,0.00034923339262604713,iam,9357,"fleshless jaw said , ' The grub of the tigerfly thinks",-8.874355,-6.064713
1,1,0.9997394680976868,emuru,8744,baronage with rarer luxuries than those,-2.8083112,-12.083879
1,1,0.9999876022338867,emuru,8061,a familiar interpretation which had,19.804546,11.068185
0,0,4.111702622822122e-08,iam,8423,"length subside , He throws a bed of glowing",16.00143,-27.765108
0,0,8.845799470691418e-08,iam,8158,in the constancy of this great herring fishery .,18.367428,-24.1806
1,1,0.9999912977218628,emuru,9633,"toothless mouth stretched in a wide grin , told her",-0.8302137,-36.148815
1,1,0.9984799027442932,emuru,8205,Day by day the police followed up likely and even unlikely,24.913578,3.757256
1,1,0.9993451237678528,emuru,7921,work . The only connexion is the,10.040967,12.907813
0,0,2.5083218133659102e-05,iam,8923,to Douglas Kinnaird saying that it was incorrect,16.098633,-21.021923
0,0,0.001037319772876799,iam,8417,"would , because Esau sold his birthright",-16.34934,-25.921593
0,0,0.00037664701812900603,iam,7752,people . ( 1 ) I will bring you out from under the,-23.46388,-15.790941
0,0,2.5410898160771467e-05,iam,8635,"Brittany was compelled to attack via Calais ,",22.862392,-22.889482
0,0,6.026139999448787e-06,iam,9179,"strange , the unwelcome , the almost",18.695751,-16.063864
1,1,0.9995042085647583,emuru,9847,disposed towards each other .,-8.403939,19.667164
