true_label,pred_label,prob_fake,source,idx,text,tsne_x,tsne_y
0,0,0.008227362297475338,iam,7957,commerce may be kept going - though if ever,-31.629234,26.303656
0,0,1.1204998372704722e-05,iam,9341,"' Be silent , woman , and listen , ' Band Appa Bondi said .",-43.203217,4.1218185
1,1,0.9999767541885376,emuru,8143,"Easterly winds , on the other hand ,",59.602238,-21.277626
1,1,0.9983298182487488,emuru,10368,"just dusty-grey but muddy , slimy even .",-2.3824086,-22.62776
0,0,1.383383551001316e-05,iam,8651,needed taxation in order to supplement,1.406562,-21.564344
0,0,1.3624267012346536e-06,iam,9756,glance at him . Evidently the other occupant,-29.37365,30.857304
1,1,0.9991903901100159,emuru,7811,that children should be molly-coddled - they must be made,5.892649,-17.74812
0,0,3.592730990931159e-06,iam,8369,The truth is that good food offers a,-27.540674,9.667277
1,1,0.9999985694885254,emuru,8669,was quite alien to mediaeval thought - its,13.4904,0.17011917
1,1,0.980968713760376,emuru,10289,coronary . And in that second,66.88995,-17.37221
1,1,0.9999995231628418,emuru,10203,"Junior Medical Officer . "" You won't be free about nine , I",11.978615,-0.7740431
0,0,1.4031274986336939e-05,iam,9447,make a direct comparison between the radar,-18.307655,0.9561524
0,0,0.0004835293220821768,iam,7551,"bar , and there are cases where spacing is used as",-3.4741585,1.8354827
0,0,6.428637425415218e-05,iam,9614,"with Sir John ? "" she enquired cuttingly .",-17.884802,18.470957
1,1,1.0,emuru,7499,"The film replaced "" What 's My Line ? "" and "" Be My",32.442757,-15.289452
0,0,2.0490408132900484e-05,iam,9523,ignorant child .,-8.142541,-15.604436
0,0,1.114817109737487e-07,iam,9234,Morfyyd Owen was already qualifying for,-17.603922,20.641893
0,0,6.145482700503635e-08,iam,9777,"strangers - that 's right , John , isn't it ? "" "" My",-20.605347,-1.2285582
1,1,0.9999734163284302,emuru,7983,sympathy with the young wife,61.075294,-23.015997
1,1,0.9999785423278809,emuru,9077,not submerged beneath a deep natural atmosphere .,36.277733,-25.555182
0,0,5.355240659810079e-07,iam,9300,his Eth . Morfydd thought of Dai . The,-21.0829,-7.4792867
1,1,0.9971615076065063,emuru,7761,the throne . He was quite prepared to be,2.3796933,-0.48791745
1,1,0.9999964237213135,emuru,7794,mutual . But Laud was no Romanizer . One of his,23.374863,-2.969374
0,0,1.3752051017945632e-06,iam,7790,Prayer Book in 1637 . Significantly this made,-14.529412,16.403358
0,0,6.283200036705239e-06,iam,8366,"banquets of later days , when the table",-15.825883,1.7541343
0,0,0.00015267456183210015,iam,8816,"and Red Flag badge , thus presenting a much",-23.626963,-13.668655
0,0,6.833002407802269e-05,iam,7574,information is contemporaneous with the New Testament .,-36.012535,-6.9924955
0,0,0.0001411615958204493,iam,10043,laid his hand on hers . Gay smiled at him,-5.324102,10.105243
1,1,0.9999933242797852,emuru,8107,In this 200-fathom trench the herring do not touch the bottom .,27.745459,-8.11635
1,1,0.9998812675476074,emuru,9612,But Forrest might at least have tried . He 's,42.23035,-25.33219
0,0,4.7774615268281195e-06,iam,8034,need for the text of the angel are quoted,-20.435364,13.19539
0,0,3.3272019209107384e-05,iam,10194,liked during his off-duty periods,-15.064502,26.624044
1,1,0.9999462366104126,emuru,9672,black eyes showing any emotion . With a,42.707363,-23.79213
0,0,0.14270296692848206,iam,8862,"with a book on the life of Marx ,",65.1862,-19.996706
0,0,7.450529437846853e-07,iam,7515,and who is now being pluckily convivial,-11.78373,-1.8626739
1,1,0.9999868869781494,emuru,8517,"science of cookery , however , is",-36.48298,-7.5600743
1,1,0.9999996423721313,emuru,10282,"And as he spoke , the thought",60.004475,-21.103798
0,0,0.0006782037089578807,iam,7709,"are used on Passover , to depict the "" time of our freedom "" .",-32.409554,-4.857596
1,1,0.9999943971633911,emuru,8766,"such as serpents , frogs , and the like .",29.473368,-19.929966
1,1,1.0,emuru,8279,"The Merstham Tunnel , on the London-to-",17.011625,13.027903
0,0,1.0558878784650005e-06,iam,8078,revived with designs suitable for contemporary,-7.524229,22.766037
0,0,3.8632728660559223e-07,iam,9343,"rays , not seen or felt , which change our bodies .",-14.978671,24.746326
1,1,0.9999992847442627,emuru,8476,"alive , dipped in treacle and swallowed",51.515236,-20.89742
1,1,0.9999744892120361,emuru,8332,would not do ; nothing an American would not,13.593727,-1.3149985
0,0,1.042962125552549e-07,iam,9674,"Willie Kim was speechless , only his slant",-40.851322,1.4385122
1,1,0.9987066984176636,emuru,9626,on the estate was a major error :,64.98026,-18.028929
1,1,0.9999996423721313,emuru,10050,"would never be jealous again , would even take Larry's advice and",28.417727,1.673424
0,0,2.0259862139937468e-05,iam,8344,ladies toying with these primitive morsels in the,-10.978908,7.5480614
1,1,0.9999997615814209,emuru,7504,strike . It showed Britain today through the eyes,28.162792,-13.836731
0,0,6.223040691111237e-05,iam,7915,to live a day at a time . Even those who,-9.111249,-5.362573
0,0,1.7575551964910119e-06,iam,7491,"him of his ugly battle-dress , to leave him for",-35.320164,1.334934
1,1,0.9999438524246216,emuru,8707,officials had formerly made private bargains,19.936386,-13.209672
0,0,0.03643953055143356,iam,8207,named Brown .,-39.04307,-8.923028
1,1,0.9999971389770508,emuru,8204,"which to proceed , and the inquest was",50.82283,-14.854682
0,0,1.0732800319601665e-06,iam,8653,taxation not merely for defence and,-9.903386,-1.016648
0,0,3.9367056160699576e-05,iam,10049,"moon was just rising over the rocks , then",-35.929165,-6.006108
0,0,7.674157131987158e-07,iam,9237,""" Where are we going , Mam ? "" inquired little",-17.905197,20.813581
0,0,0.00020906161807943135,iam,8773,contraction of the ventricles . Going on in Chapter Three,-5.6354375,-3.4389133
0,0,2.7949837999585725e-07,iam,9862,""" Ever been to Fleet Street ? "" asked Bawley .",-19.690891,10.703803
1,1,0.9995102882385254,emuru,7953,aimlessly along is more wearying than any-,13.184329,-13.6016865
0,0,6.380402055583545e-07,iam,9857,give me a ring at this number and I 'll,-9.390977,17.0399
1,1,0.9999994039535522,emuru,8655,"crown lands , the fees of feudalism",11.015883,10.286643
0,0,2.3855915060266852e-05,iam,8237,yet so strange were the circumstances that it was,-17.342201,1.9832463
1,1,0.9992603659629822,emuru,8650,those in authority to find some simple,-31.112288,16.93671
0,0,4.179077222943306e-06,iam,8248,"of a railway will be worse than Ipecacuanha , """,-23.411236,7.185068
1,1,1.0,emuru,8634,"Calais , Cherbourg , Brest , Bordeaux and Bayonne ,",-1.6867449,-23.420492
0,0,1.2691605661530048e-05,iam,9937,"unreadable as a rock . "" Let 's get over to the",-19.783373,-0.554164
1,1,0.9999982118606567,emuru,8028,texts to support the thesis of R. Joshua b. Levi .,29.154179,-12.866748
1,1,0.9999490976333618,emuru,9221,precious than jewels . Though Mofydd Owen,62.605213,-17.463482
0,0,8.010946999092994e-07,iam,8540,waxed enthusiastic about Bouilla-,-24.613274,-6.7875533
0,0,4.7496409933955874e-06,iam,9035,"Finally , being so obviously on their own ,",-4.4415946,18.229792
0,0,4.511353779435012e-07,iam,9626,on the estate was a major error :,-23.289679,5.3795805
1,1,0.9999440908432007,emuru,9307,On the back seat Stan Hayball embraced,6.104113,12.476562
1,1,0.9995319843292236,emuru,8822,"on West Street , where a successful Sunday",26.771772,-20.033386
1,1,0.9999972581863403,emuru,8946,"over his head and yawned agape ,",40.233826,-20.473392
1,1,0.9999885559082031,emuru,7992,into a dull routine . I have great,50.000797,-23.20969
1,1,0.999990701675415,emuru,8486,"it and dry it , in which form , dusted",61.762005,-21.018263
1,1,0.9999980926513672,emuru,9636,"would be 3"" plenty , plenty sad "" not to be back",44.438404,-19.157328
0,0,9.231180229107849e-07,iam,9210,"reasonably . "" Start running punctual and where are you ? People get",-12.01687,24.783634
0,0,1.340218568657292e-05,iam,9787,""" Oh , the Press , "" said Seaweed . "" Down here on business , Mr.",-27.939846,4.999029
1,1,0.9999995231628418,emuru,8066,' The Holy Spirit manifested itself in three places :,25.696438,-4.981969
0,0,0.1886812001466751,iam,9197,"trees and bushes , that stood well out over the lake .",-44.356075,-0.3731961
1,1,1.0,emuru,7542,written in Greek . A modern text of the,2.3910341,-17.049786
1,1,1.0,emuru,10291,will contact your new doctor,32.570827,-26.544353
1,1,0.999990701675415,emuru,7971,"As it is , with so much of our life already",13.473783,2.6637096
0,0,1.366433139082801e-06,iam,7840,the way to face life . To see all the latent,-43.943195,5.0390697
1,1,0.9999953508377075,emuru,8701,"first , the Church , which wisely followed the lead",28.088905,-7.0408607
0,0,1.8057829947792925e-05,iam,8122,be accidental . Yet there will always be some,-39.31266,2.4630125
0,0,2.8205548005644232e-05,iam,9183,"any rate they remained with us , perhaps",-17.637436,7.6220875
0,0,3.320611313029076e-06,iam,10209,dancing with a blonde at eight-thirty that,-23.93662,7.2807693
1,1,0.9999935626983643,emuru,7654,"Then the whole earth will be His Altar . "" And it",43.015015,-23.209864
0,0,7.196727892733179e-06,iam,9196,"was impatient for it . This afternoon , then , we climbed",-43.235073,0.7954603
0,0,1.38300092658028e-05,iam,8466,"According to Pliny , and others , certain herbs",-12.333829,-12.739971
0,0,1.0960458894260228e-05,iam,7734,how to live and accept all the bitterness,-29.511435,-7.2958126
0,0,1.552902176626958e-05,iam,8396,delicacy - sought inspiration at last from,-8.46369,4.0837913
0,0,0.00015859764243941754,iam,8640,then the primary essential to the success,-3.0807614,9.927261
1,1,0.9999451637268066,emuru,9201,""" Good-bye , Dai , "" said Morfydd , smiling from the bottom step .",24.354124,-12.188129
0,0,2.2424464987125248e-05,iam,10192,Now Nigel had every right to go where he,-31.38515,3.9798772
0,0,8.193634130293503e-06,iam,8988,"know . Now , because of prior hypnosis we have es-",-5.0893807,8.394027
0,1,0.8874990344047546,iam,8266,victim was a woman .,5.4492617,20.474606
0,0,2.306945816599182e-06,iam,8959,apartment he garaged his car and then stood,-10.178777,5.8953834
0,0,1.1105096746177878e-05,iam,9105,"as a statesman . """,-20.901796,15.086592
0,0,3.9886119338916615e-05,iam,8189,essential to catch round fish whose,-25.960922,-4.951571
1,1,0.9995971322059631,emuru,9580,"from him to fondle Judy , who , sensing something",52.690247,-24.48709
1,1,0.9991462230682373,emuru,8519,proportion as exists among her,63.533436,-22.813948
1,1,0.9999897480010986,emuru,8446,they broke fresh ground and called another sense,14.7093115,-6.501487
1,1,0.9999995231628418,emuru,7705,back .,6.6155663,2.0452106
0,0,3.079757334489841e-06,iam,9238,""" Damned if I know , boy , "" said the driver .",-21.75809,11.612786
0,0,0.00015740504022687674,iam,7912,held a high and responsible office lived in,-9.217134,-3.8848116
1,1,0.9999985694885254,emuru,10288,of Philip lying in the other,56.91653,-23.511023
1,1,0.999663233757019,emuru,8128,But this southerly migration is not,50.246,-24.345903
1,1,0.9999631643295288,emuru,8869,"This opened up a new interest , and we plunged",21.878447,-12.462834
1,1,0.9999994039535522,emuru,8481,Among the natives of Northern Australia lizards,46.12073,-17.940174
0,0,1.4898431800247636e-05,iam,8458,fainting appetite and added a more exquisite and,-24.80366,-2.198174
0,0,4.42275995737873e-05,iam,9621,""" You think you could have carried more weight",-17.847296,14.658755
1,1,0.9999231100082397,emuru,9199,heart that Morfydd was leaving him as surely as she was leaving Dinas .,55.98636,-18.734184
0,0,1.3726194083574228e-05,iam,9339,the Heavy World become changed . Some die . Most live,-16.821642,9.944102
0,0,4.3334239308023825e-08,iam,9491,miles .,-23.687918,-6.283052
1,1,0.9999436140060425,emuru,9902,"for a hold-up as any , "" he said , reining in",49.582348,-25.900877
0,0,2.156854134227615e-05,iam,9403,with their wings soon died away as the wonderful,-3.9412775,19.127024
0,0,6.488237431767629e-07,iam,9087,One wondered if this greater awareness of the physical cosmos might,-5.219496,21.404654
0,0,6.7979485720570665e-06,iam,10268,"They often had such a rendezvous , for",-32.29117,27.71923
1,1,0.9999998807907104,emuru,9589,"You see , it was , apparently , through a mistake",29.290789,-11.997763
1,1,1.0,emuru,8554,"household . Thackeray , of course , waxed enthusiastic",21.478903,6.512221
1,1,1.0,emuru,9745,"famous Portsmouth hostelry , second only in historic",28.598028,-6.7845864
0,0,1.6390500832130783e-06,iam,9668,being flung against the huge boulders did the judge,-13.408633,31.781914
1,1,0.9999997615814209,emuru,10345,then Philip was so certain that Nicholas,10.7321,6.22617
0,0,0.009673669002950191,iam,8238,hazardous business .,64.825356,-20.567682
1,1,0.9977132081985474,emuru,8758,The only concession made in view of the,10.42912,15.261609
1,0,0.4759872257709503,emuru,9906,But I reckon they 'll be too busy shooting at,66.35746,-18.42131
0,0,0.0003344819415360689,iam,9902,"for a hold-up as any , "" he said , reining in",-15.312682,29.657198
0,0,3.2681753509677947e-05,iam,8173,"it , swimming at the same speed",-18.361341,19.070105
1,1,0.9999736547470093,emuru,9651,did not act as though he found it necessary,13.75746,-19.588861
0,0,3.062406904064119e-06,iam,7798,led us to believe . Laud was enthusiastically hated,-27.759912,25.276506
1,1,0.9999912977218628,emuru,7806,a sense of reverence . The Prayer Book was to be respected,28.662537,-16.962807
1,1,0.9999997615814209,emuru,9926,down with a shotgun outside the Palace,28.056494,2.7875762
0,0,2.7084019166068174e-05,iam,9152,"if you ask me . Might be jaguar , might be ...",-28.379929,-1.7537179
1,1,0.9986467957496643,emuru,9603,Beryl tried to suppress the thought that this was,16.91718,-15.589216
0,0,0.0006128103705123067,iam,8567,and a bowl of milk .,-6.4875546,7.1620197
0,0,1.1348944099154323e-05,iam,8008,the comment of Rami bar Rabh is quoted,-15.161104,28.504478
1,1,0.9996318817138672,emuru,8809,12 o'clock at night . At that time pastries and buns,5.5881977,-11.943953
0,0,1.731578231556341e-05,iam,10096,with the cigarette packet which lay on the table,-28.96553,23.458199
0,0,1.3062427228760498e-07,iam,7544,text with absolute precision .,-11.897202,4.2725534
0,0,3.967496908785506e-08,iam,8298,"Both her wrists bore the marks of severe bruising ,",-30.81563,7.3906674
0,0,3.1460302125196904e-05,iam,7952,we would find life considerably less exhausting,-26.049147,30.138214
0,0,0.00019895783043466508,iam,8229,"a verdict of "" wilful murder against some person or",-22.047771,21.99637
1,1,0.9999606609344482,emuru,7933,"homes . It is easy , desperately easy , to lead",-37.512974,-5.639546
1,1,0.9995330572128296,emuru,8986,"take charge , as it were , of the minds of the",53.65648,-18.648338
0,0,2.2915391184596956e-07,iam,9064,a Mocrat Senator with a seat on the,-26.558834,-8.530276
0,0,8.334466838277876e-05,iam,10074,seeming to clutch her heart . Gavin was,-37.795208,-7.518349
1,1,0.9999306201934814,emuru,9499,asking Jack - as a representative of the Vallin family -,1.9292895,-14.933719
1,1,0.9999997615814209,emuru,7817,unnecessary its fears were .,22.24511,-0.52163464
0,0,1.2685930414590985e-05,iam,9198,""" Good-bye , Morfydd . "" He sought to enfold her in his arms . But he was too late .",-22.309494,27.698175
0,0,1.0968290553137194e-05,iam,8692,means of that ' staple ' system which ensured that,-2.3507473,9.498013
0,0,1.2603700270119589e-05,iam,7571,The other form of book was the codex . In this the,-17.677095,30.943413
0,0,2.1098434444866143e-05,iam,7985,To have order does not mean getting,-32.32993,21.11687
1,1,0.9999924898147583,emuru,7500,British personalities . Among them - Professor,60.329884,-22.129766
1,1,0.999555766582489,emuru,9997,"boy , then a young youth . He saw himself refusing",61.3152,-23.264538
0,0,2.6081721671289415e-07,iam,9874,talkative lady Madeleine respected her husband's,-34.151806,5.410551
1,1,0.9999845027923584,emuru,9675,""" My God ! "" the judge cried out . "" The boy",19.525269,-6.7150745
0,0,4.8326382966479287e-05,iam,10143,broken arm .,-14.786185,-17.638992
0,0,7.768323121126741e-05,iam,8504,"and of Goja : it is vivid , highly coloured , sometimes",-23.599142,-3.7949402
1,1,0.999742329120636,emuru,7773,able to render an account of their faith according,24.614832,-16.191072
0,0,4.328360955696553e-05,iam,7896,"inability to deal with life , especially under",-26.196672,32.21575
0,0,2.3359066858574806e-07,iam,9925,With something of a start I remembered the,-38.762695,9.053702
0,0,0.000739926123060286,iam,7600,enlarged to become reservoirs or cisterns in,-25.699133,28.082565
0,0,1.1070972504967358e-05,iam,8808,dously hard work was if anything intensified . George used to,-2.850321,19.754585
1,1,0.9997811913490295,emuru,9839,"Service matters . """,1.3789752,-8.573989
1,1,0.9999638795852661,emuru,8532,and aesthetic as well as physical . There is the same finesse,22.594027,-4.825813
0,0,2.9724373007411486e-07,iam,8479,peoples have a high opinion of the octopus,-5.1306915,3.9664135
1,1,0.999794065952301,emuru,10008,"hunted eyes , as if the poor fellow had rocks in",13.870966,-9.758043
0,0,3.245642074034549e-05,iam,8241,"The next female fatality occurred eight years later ,",-19.74564,14.203557
0,0,8.32333171274513e-06,iam,8429,"how to do it , too : - When the languid flames at",-19.212147,-4.228979
1,1,0.9999328851699829,emuru,9252,"he cried . "" Never mind your immortal",1.5218943,-7.3189983
0,0,1.6962703739409335e-06,iam,8255,"immersion in gloom , and the clash of reverberated",-29.060246,3.2581444
1,1,0.9997549653053284,emuru,7959,it becomes possible to work out a system,42.490932,-24.645922
1,1,0.9999934434890747,emuru,10285,room filled him with a re-,54.04077,-22.151548
0,0,4.615230136550963e-05,iam,9778,printed at the head of most naval articles,-40.621216,10.500422
1,1,0.9999295473098755,emuru,7616,Such a Shamir possesses the real acid,43.997204,-23.258745
1,1,0.9999998807907104,emuru,8052,whether the Heavenly Court concurred,8.749004,7.855102
1,1,1.0,emuru,9736,"what he likes . Anyway , why pick on you to succeed",23.764214,-25.709328
0,0,1.72696072695544e-05,iam,7715,"so are we deficient without spiritual knowledge , and to",-18.92445,3.081614
0,1,0.5180768966674805,iam,8673,"booty , a new group of Lords might oust",67.02687,-17.84211
0,0,1.3401496516962652e-06,iam,10197,"found they were off duty together , and",-20.753239,13.777852
1,1,0.9999998807907104,emuru,10030,went quickly back to fetch them .,26.820787,-4.5984063
1,1,0.9999493360519409,emuru,10190,when she was not free ; this much they had,10.739752,-0.36873686
1,1,0.9999969005584717,emuru,9825,"John flushed . "" I 'm not in need of charity . "" "" Come",22.363256,-12.961625
0,0,0.00012819055700674653,iam,7917,that it taxes the mind . Two hundred,-32.86614,24.80493
1,1,0.9999344348907471,emuru,10103,and no doubt he would come back soon and,-30.675146,24.669796
0,0,9.156425949186087e-05,iam,9590,hardly have spoken with more contempt .,-1.9321057,4.264396
0,0,6.660883082076907e-05,iam,8370,"dishes , and for all the blossoming of the",-22.452108,3.1399636
0,0,4.281143446860369e-06,iam,9059,"salary raise , on the expectation of which they",-40.506897,7.5030174
0,0,7.74032887420617e-05,iam,8140,but quite apart from this wind effect,-25.433062,27.173603
0,0,2.091397618642077e-06,iam,9347,"stubbornly , throwing himself down . But Lily-yo and",-18.286263,10.3023615
0,0,0.0001540578086860478,iam,8341,the progress of civilisation which allows a dish,12.389894,-10.871265
0,0,3.6321766856417526e-06,iam,8192,"small , a matter of a foot or two . With round",-30.48149,-0.1911424
0,0,5.648306614602916e-05,iam,9408,"Motion there was , but motion without event - except",-17.548254,12.173053
1,1,0.9999986886978149,emuru,9878,"silences , for she knew they betokened a worry of",10.190914,-11.189242
1,1,0.9998583793640137,emuru,9253,very moment when we should be,14.21596,-10.506118
1,1,0.9999992847442627,emuru,8020,already in the hands of the Redactors .,8.340832,13.722776
1,1,0.9999942779541016,emuru,8389,nowadays their simplified meals would seem quite,7.5656757,-1.1094685
0,0,4.053425982419867e-06,iam,8379,"generously enough in his own fashion ,",-28.698463,-11.124267
1,1,0.9999997615814209,emuru,9107,"That 's how he got the votes , that 's how",17.045563,-5.1400557
1,1,0.999637246131897,emuru,9306,"Megan Thomas sat tight-lipped , nursing",-2.2768102,-7.723484
1,1,0.9999871253967285,emuru,8072,One can remember with horror the pictures of the,16.94411,-10.233344
0,0,1.408894604537636e-05,iam,9013,a new and strange phenomenon .,-24.21958,10.542115
0,0,1.8122706251233467e-06,iam,10180,"evening , "" If we get married , old girl , you 'll have to stop",-18.598486,31.256025
0,0,3.116149855486583e-06,iam,7975,By this means they avoided each,-11.740868,16.39697
1,1,0.9999994039535522,emuru,8956,side to side .,45.86597,-16.905807
0,0,5.713598625334271e-07,iam,8364,meal-times of a simpler world to the,-22.013107,-4.0081534
1,1,0.9999945163726807,emuru,9115,so sharply in international politics were as abstract,21.11077,4.354376
0,0,1.6670062450430123e-06,iam,7950,the end of the day with far less strain if,-25.733349,31.83228
0,0,0.0001160096944659017,iam,7626,The action of the Shamir writes books and their,-27.047285,5.923981
1,1,0.9999955892562866,emuru,10075,the terrace thinking that perhaps Gavin,19.816015,11.648482
0,0,0.0002944095467682928,iam,9994,and forks and tidying up implements . It might,-34.64242,13.385548
0,0,9.525944619781512e-07,iam,8016,R. Joshua b. Levi . The proof text for the,-31.531975,7.5280046
0,0,7.5315588219382335e-06,iam,7966,for this . I know how much of a drag it can be,-32.865646,-1.5143057
0,0,3.767659251252553e-08,iam,8254,gave others a feeling of danger . A medical journal,-36.926006,4.1557794
1,1,0.9997871518135071,emuru,7475,"playwright Arnold Wesker . "" Instead , Muggeridge's appointment",22.835697,-16.976881
1,1,1.0,emuru,8960,A superfluous precaution for there was no other car,57.356647,-14.262523
1,1,0.9999997615814209,emuru,7915,to live a day at a time . Even those who,1.222194,-19.72365
0,0,0.004687091801315546,iam,9274,regarded this possibility with,-38.22028,24.066805
1,1,0.9999998807907104,emuru,8018,The sugya is built around the saying of,28.78947,0.024590846
1,1,1.0,emuru,7676,"aside , and serve other gods , and worship them "" ,",20.961742,6.011983
0,0,2.3859076918597566e-06,iam,9371,well we can - think . This tribe of the True World,-41.24015,2.4424388
1,1,0.9999990463256836,emuru,8965,The set lighted-up but gave only a low,16.251595,14.375402
0,0,0.00048292960855178535,iam,10216,""" No , "" she told Phil Gubbins , a junior",-32.348072,29.725492
0,0,2.642141407704912e-05,iam,9871,"any time - knock twice and ask for Bawley , what ? """,-25.974468,1.8562332
0,0,0.00021269965509418398,iam,8952,"transcendent event , the exalted desire of all",-38.438446,-3.407789
1,1,0.9998675584793091,emuru,9711,"inches . Maybe big one four feet ,",-32.505863,-7.337988
0,0,6.11313953413628e-06,iam,8654,the private wealth of the monarchy,-8.439076,-1.1258134
0,0,1.1849000003394394e-08,iam,9419,Alastair was a bachelor . All his life he had,-21.611069,19.925
1,1,0.9992697834968567,emuru,9630,Their air of smiling somnolence showed them,9.192625,-0.8670734
0,0,1.7761269646143774e-06,iam,7627,"diamond that incises the hardest rock , the hardest",-34.78302,12.362362
0,0,0.18199805915355682,iam,8197,the victim and inspecting at Waterloo the carriage,-35.975475,34.030006
0,0,3.870249827286898e-07,iam,7528,"original was written on a roll , or codex , which fell into disorder or was",-40.396175,20.68495
0,0,1.0812594837261713e-06,iam,9549,""" And I 'm heartily sick of being constantly called",-41.75928,14.569166
1,1,0.9999103546142578,emuru,9703,drag the boat ashore and turn,53.016792,-16.8588
1,1,0.9998900890350342,emuru,9332,"Mutinous dog , thought the Rev. Edwards , who hadn't",7.031899,11.248489
1,1,0.9999970197677612,emuru,9361,babies may be born with wings . ' The Captive with,10.977941,9.455553
0,0,2.9779332180623896e-05,iam,8938,"Then , abruptly , he drew himself up",-32.9788,-0.07064084
0,0,0.001495921635068953,iam,9574,You made some sort of a protest to Graybury .,-35.24499,26.983921
0,0,6.079240483813919e-05,iam,8477,"from eating it fresh , squash it , press",-7.204865,6.98684
1,1,0.9999988079071045,emuru,8309,"The girl , who was described as being "" always bright and",20.241488,-4.196321
0,0,1.4379020285559818e-05,iam,8367,groaned under its load of complicated,-34.887405,-4.7927356
0,0,7.532368617724217e-10,iam,8722,attempt to apply a sliding scale to the,-16.141016,-2.623102
1,1,0.9999991655349731,emuru,7801,"Forever associated with Charles is Archbishop Laud ,",6.722914,14.746665
1,1,0.9999998807907104,emuru,9210,"reasonably . "" Start running punctual and where are you ? People get",60.045406,-15.484748
0,0,4.1787061491049826e-05,iam,7956,out for forty years I find difficult to understand .,-31.831348,26.755968
1,1,0.9999537467956543,emuru,8034,need for the text of the angel are quoted,12.476494,-3.2956686
0,0,0.004916451405733824,iam,10068,"then caught her breath , a cold hand",10.083407,6.7450204
1,1,0.9999995231628418,emuru,8479,peoples have a high opinion of the octopus,47.937004,-17.266827
0,0,0.0004898122861050069,iam,9607,between what a senior and a junior,-4.7518277,11.719308
0,0,1.2142037348894519e-06,iam,9007,ting how the Thetan machinations had been,-13.604148,15.695278
0,0,2.848923577403184e-05,iam,7504,strike . It showed Britain today through the eyes,-30.32493,8.410826
0,0,3.1888251328382466e-07,iam,10121,thought you were sensible too . Don't,-43.66463,9.465316
1,1,1.0,emuru,10022,"led the way in . "" The stained glass",57.910618,-22.26178
1,1,0.9999986886978149,emuru,9674,"Willie Kim was speechless , only his slant",12.327166,3.6182582
0,0,6.115833457442932e-06,iam,10291,will contact your new doctor,-37.92966,20.845572
0,0,2.3687753980539128e-08,iam,9781,"otherwise than take it . "" Pleased to meet you ,",-28.23674,5.0068636
0,0,3.5570863587963686e-07,iam,7782,"definite . It was at this time , too , that King James made",-14.959074,-0.31833586
1,1,0.9999700784683228,emuru,8118,accidental . Being contranatant or against,43.873978,-23.967848
0,0,3.1755801046529086e-06,iam,8788,"thus synchronous with cardiac systole but ,",-26.520794,15.805159
1,1,0.9993301630020142,emuru,9563,to understand all the whys and,18.429382,-20.622374
1,1,0.9999892711639404,emuru,8588,dish in which it was served . He turned # it over,53.727406,-17.59393
0,0,0.00025251199258491397,iam,9995,His curious headgear fell off . Strange things,-18.821043,-14.494794
0,0,6.296901119640097e-06,iam,7601,orchards to the vital question of water,-24.60265,29.359993
0,0,3.2891505270526977e-06,iam,9946,colour drawing . Between us and that lay,-18.043627,7.4353514
1,1,0.9989367127418518,emuru,9238,""" Damned if I know , boy , "" said the driver .",14.743593,-8.343938
0,0,7.0354958552343305e-06,iam,9510,north of the island .,-9.207788,8.747187
0,0,8.870582678355277e-05,iam,9868,"Master bloody Munyard . "" THERE were six submarines ,",-21.635313,-14.441994
0,0,3.3383133995812386e-05,iam,9823,"why should you ? "" "" I see . "" John took the",-16.614126,4.667184
0,0,0.0006937432335689664,iam,8196,"in which she had died , there was nothing on",-29.702898,-5.0569835
0,0,0.002394304843619466,iam,9298,"when he went to Morfydd's house , all",-37.423725,24.590164
1,1,0.9996504783630371,emuru,8970,"Deadly stillness , deadly portent !",62.976265,-18.272217
0,0,3.9890164060807365e-08,iam,7749,""" four cups "" to thank the Lord our God for the "" four",-25.869665,-8.910288
0,0,1.0514554560359102e-06,iam,10342,of suspense . ' It will be interesting,-23.315487,26.22508
0,0,1.3807065442961175e-05,iam,9687,end of the wharf . But by pressing,-29.421926,0.25650388
0,0,0.003211374394595623,iam,9285,walking very dogged towards Llangrwl .,-37.438957,23.169537
1,1,0.9999977350234985,emuru,9748,and tonic .,-0.38820782,-13.037415
1,1,0.9999687671661377,emuru,9046,"But not for long , for soon pedestrians and cars flocked upon",41.935066,-20.061914
1,1,0.999995231628418,emuru,9787,""" Oh , the Press , "" said Seaweed . "" Down here on business , Mr.",2.5043254,-7.048715
1,1,0.9867597222328186,emuru,8343,meat or fish burnt and roasted in the,3.7415073,-16.863346
1,1,0.9999427795410156,emuru,7714,to learn . Education is always the most important task .,6.735363,8.48897
1,1,0.9999955892562866,emuru,8775,contraction of the heart and the apex beat occur in,25.769634,-1.5413653
1,1,0.9987264275550842,emuru,8046,original question and answer and this is quoted,19.870396,-8.0566
0,0,4.284833607925975e-07,iam,8524,typically French .,-22.6243,-8.636067
1,1,1.0,emuru,9501,vengeance . She had expected to be met with violent,15.403834,-4.0135827
1,1,0.9998751878738403,emuru,10309,"fided in her , given some expla-",18.241608,-18.43068
0,0,2.5341648779431125e-06,iam,9291,But disappointment awaited him . A,-35.04429,7.58322
1,1,0.9999655485153198,emuru,8120,"that find it if enough are travelling , just as",17.525232,-20.865444
0,0,3.29151657751936e-06,iam,10298,scription for the sedatives . You,-11.688984,18.852665
1,1,0.9999854564666748,emuru,9625,to have been guests at yesterday's,29.47036,-0.6230987
1,1,0.9998987913131714,emuru,8811,Soon they were good enough to sing at meetings .,44.65092,-21.780117
1,1,0.9995549321174622,emuru,8182,was actually just off the bottom and was,-1.12547,-11.8861065
0,0,1.100064764614217e-06,iam,9342,and grow wings . Between the worlds are many strong,-31.541477,14.974768
0,0,1.1272683195784339e-06,iam,8507,melody . The paprika and caraway perfume,-22.67129,-8.648354
0,0,0.0014057550579309464,iam,10310,nation . Now there was no-,-32.816376,21.792547
0,0,0.0018718196079134941,iam,7691,"the problem of life cannot be solved . "" Therefore shall 1ye lay",-26.441813,3.3720312
0,0,9.55158429860603e-06,iam,10036,the excitement of meeting,-40.844345,16.241158
0,0,4.270323188393377e-07,iam,9213,""" Left here all right , "" said Ifor . "" Two-thirty-five , on the dot . "" "" It 's",-31.328625,7.860968
0,0,0.0015811312478035688,iam,7580,might be bulky . It is sometimes possible to tell,0.8165646,14.727276
0,0,2.588521965662949e-07,iam,8024,( This is probably to be understood as a well-,-32.489735,6.9128704
0,0,6.198012124514207e-05,iam,9448,"left , Milan . The directional angle of the",-1.8548831,5.4340005
0,0,2.5009671844600234e-07,iam,8984,selves in their zeal to get their orders and to carry,-11.312723,13.469935
0,0,1.726193295326084e-05,iam,8174,it reaches them . They move away before,-11.562325,16.247087
0,0,0.0002688109234441072,iam,8999,they will promptly give us their hypnotic,-6.5509763,20.897728
0,0,3.88040098187048e-06,iam,7737,"principle and this gives us "" a wink "" ( Remez )",-39.60374,-4.816449
1,1,0.9999998807907104,emuru,10035,"pocket-book , with a sick feeling",36.036236,-25.167282
1,1,0.9929634928703308,emuru,9613,"pretty spineless ! """,22.610239,-16.602034
0,0,1.69292907230556e-05,iam,8473,A number of newly-born white mice served,-6.089233,3.7292268
0,0,8.201827768061776e-06,iam,9832,""" Tell me who the little bird was . "" "" Can't",-10.344646,11.437929
1,1,0.9992966651916504,emuru,8865,"After the First World War , 1914 , I did not visit",16.70918,-6.5436454
0,0,3.8990751818346325e-06,iam,8485,"and the Chinese . The Celestials , apart",-10.552842,11.226065
0,0,8.508661267114803e-06,iam,8600,"The same man went to see Carlyle , and , after mentioning",-8.817705,10.49156
1,1,0.9999831914901733,emuru,9044,"They followed him to a city bus stop on Carling Avenue , where",30.247118,-13.477683
0,0,1.7532159972688532e-06,iam,8775,contraction of the heart and the apex beat occur in,-44.112602,3.4000413
0,0,1.530697409179993e-05,iam,8395,intelligent selection and comparative,-27.15378,-10.67613
1,1,0.9999998807907104,emuru,10181,been standing in for Luke Parsons at his surgery in,59.08104,-17.350502
1,1,0.9999997615814209,emuru,9562,""" Oh , drop that nonsense , Piers !",45.28361,-22.01514
1,1,0.999437153339386,emuru,8907,Chairman of the local War Pensions Committee . This,16.620358,-3.6420865
0,0,4.2450916225789115e-05,iam,7738,represents Remez ; ( 3 ) Dipping-in represents,-31.393301,-4.5115776
0,0,2.8885313440696336e-05,iam,9155,"feeling , like I always get when something",-39.145878,0.31139603
1,1,0.9999780654907227,emuru,7853,"Toyohiko Kagawa . Loving Saviour , who experienced",41.675194,-25.350458
1,1,0.9996720552444458,emuru,9977,was never long on patience .,11.731165,3.3286018
1,1,0.9998294115066528,emuru,7856,we are with Thee .,41.146996,-22.95961
0,0,0.0001662964205024764,iam,10069,hers in an intimate way .,-30.68531,6.158792
0,0,1.3327877240953967e-05,iam,9057,"Heaven alone knew when , if ever , he would be",-26.453264,24.925837
1,1,0.9993244409561157,emuru,8372,"tongues ; unreasonable surfeit , too , in the",4.5610566,2.3479111
0,0,9.353578320769884e-07,iam,9146,carefully casual . ' The servants are all on,-26.960693,22.09726
1,1,0.9999992847442627,emuru,9173,"to watch Mr Septimus more closely , Mrs",29.862055,-14.088288
0,0,9.168064138975751e-07,iam,8855,their candidate must go forward in the,-21.068443,18.649534
0,0,6.076730278437026e-05,iam,8217,for a man who had been seen leaving the train,-8.5365305,2.8541281
0,0,6.003413363941945e-05,iam,8206,a detailed account of his movements on the 11th . The dead,-27.104391,1.7810577
1,1,0.9990296363830566,emuru,10371,"the result being somehow as ineffective , not",49.840694,-19.036144
0,0,6.040721018507611e-06,iam,9382,are slaves to it . Only an outcast is free . Because,-43.373627,3.6640186
1,1,0.9994244575500488,emuru,10175,"Sometimes they talked on the theme of "" when we get married "" ,",30.493996,-2.74888
1,1,0.9999985694885254,emuru,8029,There is no reference to the Mishnah here,-4.026753,-17.43926
0,0,2.527515334804775e-06,iam,9353,"Lily-yo said , doubtingly . The Captive with the",-31.956572,12.74558
0,0,5.832209808431799e-06,iam,8461,board . The gratification of the sense of smelling,-24.412802,-7.791035
1,1,0.9999310970306396,emuru,7775,verily and indeed taken and received by the,12.035328,-1.2863249
1,1,0.9999992847442627,emuru,7591,"cannot think of an author , Mark for example ,",23.996216,-10.897429
1,1,0.9999951124191284,emuru,9943,"a vast stretch of hills , canyons , buttes and",24.707726,3.0552163
1,1,0.9999759197235107,emuru,9265,"is it ? "" "" Mutual recriminations will get",12.254953,4.81814
1,1,1.0,emuru,9757,"gin ? "" He turned to Seaweed -",1.3380764,-7.6738844
0,0,3.336446638968482e-07,iam,8787,"ception , the more distal arteries pulsate",-24.44292,15.177546
1,1,0.9999977350234985,emuru,7468,She plays the possessive mother of a man whose hobby revolves,60.089962,-20.26245
0,0,3.9229132653417764e-07,iam,7512,arrived two hours earlier by appointment,-44.542095,2.6390831
0,0,9.293724724557251e-05,iam,8981,"them out . Just what these orders will be , we don't",-2.8406265,13.288552
0,0,2.822078783992765e-07,iam,8724,But this time there was a very interesting,-7.843291,1.6686082
1,1,0.9999790191650391,emuru,9731,""" So there you are , my dear . "" Peggy 's eyes filled",12.900441,-1.52219
0,0,5.27279989910312e-05,iam,9572,"the matter because , very naturally , you were",-30.994162,11.952569
1,1,0.9999996423721313,emuru,8185,Cover in the fast-moving trawl is considered,23.175375,-1.8640547
0,0,5.103468083689222e-06,iam,10108,down to the beach . Gay closed her eyes for a,-33.236324,8.445738
1,1,0.9999992847442627,emuru,9988,were going on in his bewildered brain . When,9.939981,-5.8327475
1,1,0.9999914169311523,emuru,8282,"doctor , the woman , young , small , and rather plump ,",55.293404,-15.162453
1,1,0.9999667406082153,emuru,9921,After all it 's them we 're supposed to be,6.8632894,9.787418
1,1,0.9916279315948486,emuru,8186,reaction to disturbance would be upwards .,-36.359867,-6.9385533
0,0,1.3703135664400179e-05,iam,8117,The details are harder still to see .,-29.218796,28.514973
1,1,0.9999855756759644,emuru,7495,Northern defiance . The cameras played continuously on his,30.481411,-1.5384394
1,1,0.9999829530715942,emuru,9072,"evening , when he had been left to cook his own meal .",28.270332,-20.677134
1,1,0.9999986886978149,emuru,8311,long brown hair in a bun at the back of her head,4.018764,-4.468611
1,1,0.9999995231628418,emuru,8499,aromatics where the paprika insinuates its perfidious,15.634385,-1.0735426
0,0,1.2614378647413105e-05,iam,7861,only a disturbed tossing and turning,-33.476986,-1.9861101
1,1,0.999998927116394,emuru,8954,upward and shook his head slowly from,32.20309,-17.41979
1,1,0.9999955892562866,emuru,9095,we might get GO a bit better if he entered politics .,16.360954,-13.026027
1,1,0.999998927116394,emuru,9821,"he said . "" Expense account . You 're a married",30.513937,-1.5777495
1,0,0.4886280596256256,emuru,9206,damn bus .,66.74881,-18.376469
1,1,0.9999997615814209,emuru,7835,frightening possibilities and yet by facing,23.462812,-0.21762528
0,0,1.0662040494935354e-06,iam,8832,One of the students was young,-13.035121,18.371159
0,0,3.141778506687842e-05,iam,8346,How many centuries later did the mercenary in,-15.982591,19.475124
0,0,6.34387688478455e-05,iam,9286,the bus . He passed The Traveller's,-37.858147,23.440235
0,0,1.1614218209388127e-07,iam,10055,"Lilyan remonstrated . "" They want to be",-40.716766,16.92035
0,0,3.491433986368975e-08,iam,8734,Again the resentment was widespread and,-20.500416,-12.827285
0,0,1.420986245648237e-05,iam,8002,matter on hand .,-33.507793,21.18206
1,1,0.999934196472168,emuru,8746,those charged with the crime . It is clear,13.4083805,-3.4377515
1,1,0.9989902377128601,emuru,7859,"we face life boldly , many of the shadows are",52.840286,-19.266811
1,1,0.999645471572876,emuru,9712,"man at catch 'em than Injun , Judge .",0.84428173,-10.057704
1,1,0.9999991655349731,emuru,7643,"language . The Shamir is the "" seventh "" and",57.354336,-14.65216
1,1,0.9996435642242432,emuru,8024,( This is probably to be understood as a well-,40.057552,-23.317757
0,0,7.592754514007538e-07,iam,8329,nothing the Chinese would not eat .,-3.7334232,6.3527365
0,0,2.237400804006029e-05,iam,7484,essay on soldiering which stated that a fighting,-12.466541,26.172995
0,0,0.0001090371806640178,iam,8871,a village choral society and conduct it .,-4.847981,11.545702
0,0,0.001739345258101821,iam,8355,always been strong in mankind . The sharing of,-1.7289454,13.199576
1,1,0.9997326731681824,emuru,8166,aware of the moving footrope before,32.26639,-16.366581
1,1,0.999955415725708,emuru,7890,a burden to their families and their friends .,16.362041,-20.698225
1,1,0.9999499320983887,emuru,7480,"success last night in I T V's "" Private Potter , "" his",15.987115,-5.5720744
0,0,1.3539757674152497e-05,iam,9561,"look as though it was only what you expected of me ,",-8.335136,8.812118
1,1,0.9994407296180725,emuru,7529,showing that such changes are part of a,18.588661,-3.0388498
0,0,0.0003573899739421904,iam,8576,been blind to the charms of turbot and,-39.167755,-8.951412
1,1,0.9996827840805054,emuru,10217,Nigel from the back . D.j. and all .,49.540936,-21.900946
0,0,0.0011402762029320002,iam,8323,would not eat .,-24.656614,-10.806205
0,0,1.9432629414950497e-05,iam,8079,overcrowded and over-embellished drawing-rooms,-7.154235,21.855162
0,0,0.0005574848619289696,iam,8125,are drifted back into the normal home,-31.691936,25.155554
1,1,0.999997615814209,emuru,8586,Dante Gabriel Rossetti had simple tastes in food . At one,54.97184,-16.111118
1,1,1.0,emuru,8503,Schnitzel as well as dishes and stews heightened with,23.215513,4.3079066
1,1,0.9999996423721313,emuru,8454,"perfumes , these refined voluptuaries aroused the",3.2156925,0.7123864
0,0,2.1069399736006744e-05,iam,9763,""" Make it a large one , darling . I know the naval",-29.440191,30.538921
0,0,6.406522743418464e-07,iam,8155,"is strongest at spring tides , when without",-27.589462,-3.1967125
1,1,0.9999291896820068,emuru,8688,journeymen and small tradesmen of the,3.0112245,-23.21935
0,0,6.254111895032111e-07,iam,7482,"date . "" ACTOR Tom Courtenay was an outstanding",-18.732994,8.496454
1,1,0.9999984502792358,emuru,7756,"eating Matzos in Egypt and the "" Feast of Matzos """,10.576825,-17.119228
0,0,2.7329102536555183e-08,iam,8751,the suggestion that the rich should help,-20.287172,-10.005468
1,1,0.9999895095825195,emuru,9098,"plump hand towards her grand pianos , etc :",26.201685,3.5108588
0,0,2.0211773517075926e-05,iam,8403,"Does one , however , know who first thought of boiling",-12.039977,28.984344
0,0,2.8937995466549182e-06,iam,9503,"coming back from Barbados so soon . "" Beryl",-9.969339,0.32590514
0,0,0.0010054665617644787,iam,10012,been attending some kind of fancy dress do,-32.67319,24.27738
0,0,2.4271525944641326e-07,iam,10128,married life going to be like ?,-11.596174,4.815849
1,1,1.0,emuru,9899,thinking what a skill he had for reading,33.203957,-18.238544
0,0,1.453691947972402e-05,iam,8720,borders between private and public purse were,-12.495584,11.647743
0,0,0.00037052150582894683,iam,10142,I can for him so that she can get out to do her shopping .,-1.9789637,18.665983
0,0,0.00030026803142391145,iam,8165,"be by actual contact , or by sight reaction to the disturbed",-20.845398,9.240803
0,0,8.00639497811062e-07,iam,9982,"observed Dan , shifting about in his saddle . He",-25.212048,4.234926
0,0,3.0072280424064957e-05,iam,7459,"I don't think he will storm the charts with this one , but it 's a good start .",-27.08318,6.3415265
0,0,8.31676061352482e-06,iam,8172,that of flat fish on the bottom .,-35.557686,19.854012
1,1,0.999996542930603,emuru,7866,"the mind . Very few people , under normal",-37.400307,-4.854384
1,1,0.9999690055847168,emuru,8031,by the Gemara in support of R. Joshua b.,23.430994,-9.357085
0,0,1.2241821423231158e-06,iam,7907,"months , even a Prime Minister could go to",-45.50249,1.9669774
1,1,0.9999939203262329,emuru,8935,"hollow , and the news that Byron had left",61.386734,-14.790894
0,0,3.092617362199235e-07,iam,7905,made this century is the way in which illness,-35.521843,29.137651
1,1,0.9999960660934448,emuru,8765,In Chapter Two he gauged the nature of the heart's movements,27.680233,-14.817697
1,1,0.9999589920043945,emuru,10342,of suspense . ' It will be interesting,21.413866,-10.33123
1,1,0.9999935626983643,emuru,7880,"the washing-up - while others , if they",18.350716,-9.537495
1,1,0.9994019269943237,emuru,9538,on his taking her out in the jeep -,4.984116,-14.735999
1,1,1.0,emuru,8474,like a prairie oyster is considered a,15.569796,-2.5929248
0,0,2.8184525945107453e-05,iam,8512,"essentially French , and , irrespective of",-32.811825,-9.028675
1,1,0.99998939037323,emuru,9130,neurosis and not in some eruption from those,31.711819,-1.7604833
0,0,0.00010120152001036331,iam,8325,told us that there was nothing an En-,-8.042059,2.335203
1,1,0.9999983310699463,emuru,8591,"with Dickens says the menu was Whitstable oysters , a brown",55.971874,-16.897633
0,0,0.0004401570768095553,iam,8351,than mere converse has always been there .,-18.03993,20.11011
1,1,0.9999736547470093,emuru,7647,come across human Shamirs and they leave,45.90928,-20.448683
0,0,0.00013600198144558817,iam,8771,"of the apex , the thickening of the heart walls , and",-45.140053,4.3108563
0,0,3.869662577926647e-06,iam,10022,"led the way in . "" The stained glass",-10.250314,5.6987987
0,0,3.272220055805519e-05,iam,9086,allies being more inferior than formerly to W.C.U. in the,-26.837265,32.70613
1,1,0.9999436140060425,emuru,8106,echo-sounders . Bottom crowding comes when they cannot reach,12.456794,9.77923
0,0,2.4603528459010704e-07,iam,9733,sick . Just because he 's an Honourable he can do,-11.847271,30.955912
1,1,0.9999517202377319,emuru,7862,which causes them to wake feeling worse,28.371714,-20.59411
0,0,1.5706165868323296e-05,iam,9518,"Jack and Blanche were quick to sympathise , and to",-6.9113803,9.149518
1,1,0.9999998807907104,emuru,10268,"They often had such a rendezvous , for",0.6273874,-7.7445636
0,0,3.3950666988857847e-07,iam,10037,Gavin and the girl who had got,-17.481794,16.778414
0,0,4.969398901266686e-07,iam,8736,far away from the capital in a town with,-12.430419,-1.7864405
1,1,0.9652230739593506,emuru,9212,"supposed to leave at two-twenty . "" "" Who says so ? "" "" Your timetable . """,66.22281,-17.195385
0,0,8.575734113946964e-07,iam,8660,social services . A mediaeval oligarchy,-19.162664,-16.069773
1,1,0.9998500347137451,emuru,9820,man with a couple of kids . Can't go wasting,0.28491864,-9.817898
1,1,0.9999991655349731,emuru,8950,hands together between his knees and leaning,43.50534,-18.314192
1,1,0.9999697208404541,emuru,7901,great deal of tiredness which comes from,17.505592,-12.204894
0,0,0.00013416094589047134,iam,8239,were many people who believed that to travel,-16.556978,4.6081166
0,0,5.5073158478080586e-08,iam,8592,which he washed down with beer . A writer who had dinner,-24.861103,2.6019359
1,1,0.9999998807907104,emuru,7966,for this . I know how much of a drag it can be,27.12255,-13.662605
1,1,0.9999659061431885,emuru,9422,faith which he was placing in her and,51.600815,-23.462296
1,1,0.9996064305305481,emuru,9792,"his glass . "" Fill it up , darling . Accuracy above",63.194954,-18.201948
0,0,9.194104109155887e-07,iam,9255,"folded it , and glanced idly out of the",-6.6872764,19.185041
1,1,0.9999955892562866,emuru,9583,have had it in for Guy .,45.044853,-19.455225
1,1,1.0,emuru,7658,mind together we cannot solve the further,0.8129519,-17.425484
0,0,0.00012188786786282435,iam,9046,"But not for long , for soon pedestrians and cars flocked upon",-2.8086166,18.429071
0,0,3.3309243008261546e-07,iam,8843,"socialism . With such men , who had the",-12.156426,9.426332
0,0,7.43972123018466e-05,iam,9360,as we are . Some may be born right . ',-9.81428,28.60602
0,0,3.934513017611607e-07,iam,8055,part of the verse .,-9.770282,28.458776
0,0,6.030308213667013e-06,iam,8511,possibly comparable alone to a gypsy,-32.53938,-2.915871
1,1,0.9997645020484924,emuru,9023,Dan paced the floor . He seemed completely unaware,20.835129,-4.303394
1,1,0.9999991655349731,emuru,8736,far away from the capital in a town with,19.474302,5.494327
1,1,0.9999544620513916,emuru,9793,"drop the rank - such a mouthful ! "" "" You 're",7.8777924,-14.935348
0,0,3.7886909467488294e-06,iam,10313,"the word . Nicholas , Philip ...",-16.369408,16.395092
1,1,0.9999493360519409,emuru,8880,"church was , it had its own atmosphere , and for centuries",23.214552,-4.551533
1,1,0.9999977350234985,emuru,7507,Shelagh Delaney and Alan Sillitoe attacked,-5.550471,-11.2480135
0,0,0.00014279549941420555,iam,8023,because the Mishnah deals with the,-39.688885,-2.071315
0,0,1.635624357732013e-05,iam,10170,""" There are all sorts of wonder-",-36.652332,-3.0692308
1,1,0.9999871253967285,emuru,8080,numerous other crocheted pieces . It was some years,12.232451,-8.576437
1,1,0.9999946355819702,emuru,9659,"triangular sail , and to the judge's frightened eyes , so",59.471813,-17.886154
0,0,1.0744394103312516e-06,iam,9935,country that lay all round Gilburg Crossing .,-34.218674,0.2898911
0,0,7.037074101390317e-05,iam,7922,"piece . Now a man may live twenty ,",-13.506494,12.484489
1,1,0.9998869895935059,emuru,9836,"Regard this as a softening-up process , and",22.081854,-17.810333
1,1,0.9999996423721313,emuru,8977,overtone that sang in his ears with an,51.29023,-18.118015
1,1,0.9999681711196899,emuru,8580,of having his turbot removed first .,13.871661,-6.4064703
0,0,2.1126204501342727e-06,iam,9258,"Rev. Edwards . Now he put down his paper ,",-39.63606,10.839793
1,1,0.9999955892562866,emuru,9568,""" If you want my true opinion I 'll give it .",55.578594,-23.158712
0,0,1.4296488188847434e-06,iam,7849,"dwells in my hand , Knows this",-14.9810505,19.429985
1,1,0.9999771118164062,emuru,7861,only a disturbed tossing and turning,15.47759,-0.5983241
0,0,6.330956239253283e-05,iam,7890,a burden to their families and their friends .,-33.2564,25.88301
0,0,8.146752747961727e-07,iam,7507,Shelagh Delaney and Alan Sillitoe attacked,-23.563118,12.22484
1,1,0.9999992847442627,emuru,9737,dockyard and now that she 's ready for sea he goes,11.072341,10.546424
0,0,7.732378435321152e-06,iam,10184,"with it was coupled a disembodied fragment of information ,",-4.389985,20.442827
1,1,0.9998236298561096,emuru,8323,would not eat .,47.458057,-22.483421
1,1,0.9999998807907104,emuru,10197,"found they were off duty together , and",39.010494,-19.48783
1,1,0.9943534135818481,emuru,8953,mankind through all ages ! The Kingdom of the,7.2883935,-0.45971945
1,1,0.999991774559021,emuru,9250,"his head . "" God bless my immortal soul , """,19.857796,2.9189582
0,0,7.884773367550224e-05,iam,9941,The air was fresh and clear and you,-12.479255,30.605825
0,0,3.0011997296242043e-06,iam,8913,life .,-27.546461,-3.335111
0,0,0.07486150413751602,iam,8847,mined and obdurate in their attitude that,-4.010281,-17.218689
0,0,0.00030079696443863213,iam,9593,"flamingoes our first morning on the island . """,-6.242749,17.055004
1,1,0.9999929666519165,emuru,7989,who does not always want to do,19.902723,-19.574335
0,0,7.658667891519144e-05,iam,9387,"come to you , Lily-yo , ' Band Appa Bondi added .",-7.497201,11.745489
1,1,0.9999426603317261,emuru,8414,we hear of the fleshpots of Egypt,38.034943,-20.05505
1,1,0.9999974966049194,emuru,7904,"physical illness . There is , nevertheless , a",11.983808,-14.494358
1,1,0.9995946288108826,emuru,8985,""" The Thetans , "" he said , "" are presumably here to",63.761944,-17.911192
0,0,1.5612700110523292e-07,iam,8823,the members . The B.S.P. also rented pleasant rooms,-12.775544,17.74209
1,1,0.9999088048934937,emuru,8832,One of the students was young,19.685686,-11.418809
0,0,9.587651584297419e-05,iam,7527,"accidentally damaged . An editor , who was not the author , made what he",10.540393,-8.011047
1,1,0.9999990463256836,emuru,7899,"of the mind is no longer feared or shunned ,",15.199061,-11.877057
0,0,0.012909592129290104,iam,7707,Charauses ( a kind of fruit mixture in likeness of the,-27.416485,19.36845
0,0,0.0006172960274852812,iam,9344,"' We know much , ' repeated the Chief Captive . ' Some",-36.047745,-1.0270458
1,1,0.9996922016143799,emuru,10226,"suddenly in an upsurging of relief , "" that stupid",46.038246,-24.816706
1,1,0.9999790191650391,emuru,8249,sorts of horrible illnesses brought on by the,4.492883,2.3525107
0,0,1.3082889154247823e-06,iam,8431,except by roasting and boiling . When,-30.778616,5.331099
0,0,1.5011623872851487e-06,iam,9402,new flesh and tendon strengthened . To sail up in the,-22.45695,10.2463455
0,0,2.3998645701794885e-06,iam,7477,will be with Sir Roy Welensky the Premier of the Federation,-16.69878,-7.11516
1,1,0.9999964237213135,emuru,9936,""" Fenton or Somers , "" he said . "" Or the Town",7.325531,10.153375
0,0,1.9872132384080032e-07,iam,8392,"of gorging the eye with magnitude ,",-29.067648,-9.84186
0,0,8.514048488450499e-08,iam,9667,empty his lungs of stifling air and refill them,-27.28229,17.856903
1,1,0.9923964142799377,emuru,9397,We need such memories . So we ask you to go,3.939323,-23.825644
0,0,5.689755198545754e-06,iam,8714,"It was , therefore , a complicated and not very",0.72192645,11.133866
0,0,3.2207822187046986e-07,iam,9375,Captives rule the True World ? ' Lily-yo asked,-21.21193,4.533962
1,1,0.9999918937683105,emuru,8920,"When he saw Trelawny's printed letter , Lord Sidney wrote",22.3611,-20.340921
1,1,0.9999955892562866,emuru,9527,it out with Piers when a reasonable,-2.1406147,-4.841004
0,0,2.4817355281925302e-08,iam,9483,He was able to trace the course of the river ; he,-22.640121,9.2101145
1,1,0.9999973773956299,emuru,9159,"imagine the Christian martyrs twisting and shrieking ,",16.80762,-6.0286465
0,0,3.568182194157998e-08,iam,7843,has something important to do with our,-44.04338,5.3554187
1,1,0.9999063014984131,emuru,8948,"thrust out , arms dangling loosely .",59.517864,-22.128363
0,0,5.1286842790432274e-05,iam,7853,"Toyohiko Kagawa . Loving Saviour , who experienced",-30.977194,26.512045
0,0,0.0016500657657161355,iam,9996,Walking out of the chapel later on . Continuing,-1.7856368,9.17897
0,0,0.012242279946804047,iam,7460,"CHRIS CHARLES , 39 , who lives in Stockton-on-Tees , is an accountant .",-4.5505314,-2.45417
1,1,1.0,emuru,9999,dly decadence and absorption in debase-,19.012638,1.9053242
1,1,0.9999761581420898,emuru,7765,remained . Other changes in the Book were equally,57.01216,-16.466597
0,0,6.638962076976895e-06,iam,9973,go and tell Nick Dowd we 've come to talk,-26.883722,-8.695078
0,0,0.0046409848146140575,iam,9269,Morfydd Owen was silent . But she,-38.395332,12.73672
0,0,6.397379911504686e-05,iam,8846,Just as the Labour Party had fought the,-34.459484,-2.8406472
0,0,2.1978084987495095e-05,iam,8869,"This opened up a new interest , and we plunged",-5.263597,9.596556
0,0,1.982160574698355e-05,iam,8483,definitely a delicacy while Mediterranean,-17.170132,-10.070701
1,1,0.9984844326972961,emuru,9660,close to the rocks that it would be dashed,18.648989,-16.121773
0,0,0.0010985543485730886,iam,7731,"more of the Torah and the Oral Tradition , our inheritance .",-35.48159,-3.7265174
0,0,0.0006157523603178561,iam,8179,that the wave might be transmitted by the,-25.67053,31.486084
0,0,0.00045600306475535035,iam,8868,Towards the end of my five and a half years',-13.92005,27.535206
1,1,0.9999954700469971,emuru,9547,"to make the presentation , I run the damned",15.321639,-13.348483
0,0,9.322462801719666e-07,iam,8534,The French have an inborn appreciation of good food and,-33.43251,-11.208247
0,0,5.191823788663896e-07,iam,8848,There was no abatement in political,-32.50203,1.4352167
0,0,1.0024136187780641e-08,iam,8738,most notorious third poll-tax was agreed,-18.321453,-4.154593
0,0,1.9665403669932857e-05,iam,9022,"decided upon . Inside they sat down unbidden , while",-15.788824,7.4915657
0,0,1.0317528449377278e-06,iam,7648,"diligently unto my commandments , which I command",-25.607012,25.262089
0,0,2.0139314074185677e-05,iam,9512,"had had a thoroughly good time , and it would take them",-7.3874846,8.9283085
1,1,0.9999997615814209,emuru,9465,miles from their destination .,-29.355188,32.925484
1,1,0.9999997615814209,emuru,10024,"flights back . """,19.725742,9.6052885
0,0,9.572622730047442e-06,iam,8009,"( Actually , the Mishnah quotes two further proof",-27.227127,9.959519
0,0,3.6371962778503075e-05,iam,8803,He was a socialist and believed in the right,-27.29855,29.34163
1,1,0.9999915361404419,emuru,8179,that the wave might be transmitted by the,-4.075435,33.904873
1,1,0.9996649026870728,emuru,8708,There were two other sources of public revenue -,18.354141,-9.886723
0,0,4.2566858837744803e-07,iam,10101,"dance , "" Doc's cheery voice came as a",-12.597278,-8.922071
0,0,7.0436190071632154e-06,iam,8763,"from the dissection of living animals , showing how these move-",-3.0130744,18.772425
1,1,0.9999595880508423,emuru,8619,"When all seemed to be going well , a sortie surprised",22.223686,-3.1624765
1,1,0.9983915686607361,emuru,7549,impossible to say .,23.435617,-6.7211413
0,0,1.9948990015450363e-08,iam,8743,merchants who could tempt court and,-11.825738,-0.22572507
0,0,0.00011003110557794571,iam,8849,"Council meeting on October 16 , 1912 , George",-33.431686,-5.9952283
1,1,0.9999914169311523,emuru,9657,"of a mile and a half , came the yawl under her full",54.170525,-19.771576
1,1,0.998008668422699,emuru,9254,"window . Looked again , eyes starting from",-1.0503832,-21.479021
1,1,0.9999990463256836,emuru,7740,the literal meaning of Pesach which,23.01623,3.7560773
0,0,0.00013427894737105817,iam,8565,bowl of milk .,-39.753727,-2.2766151
1,1,0.9999297857284546,emuru,9972,We didn't approach unchallenged . Just short,11.4390545,12.538938
0,0,8.446889410151925e-08,iam,10141,"it ran . "" Your cards are lovely . I rang up Miss Harland",-19.285315,8.091238
0,0,3.346824087202549e-05,iam,9531,them . But next morning she insisted,-4.3590474,8.054771
0,0,0.0003131294506601989,iam,10005,"saw himself as a sulky , ugly , malformed , repressed",-32.580215,26.06356
1,1,0.9999982118606567,emuru,10010,"He didn't know what to make of it , but it",26.542887,-23.34876
0,0,0.00021356069191824645,iam,7650,"your soul . "" This may seem very good , but there",-9.545393,13.471563
0,0,6.312496407190338e-05,iam,7495,Northern defiance . The cameras played continuously on his,-10.200107,33.08202
1,1,1.0,emuru,8534,The French have an inborn appreciation of good food and,29.437063,0.9118853
0,0,1.0598769222269766e-06,iam,8505,"streaks of poetry , meat disguised under heavy and vehement",-22.290867,-3.7106674
1,1,1.0,emuru,7523,Fourth Gospel by explanations based on assumed textual dislocations . The,11.20103,-18.720013
1,1,0.9999979734420776,emuru,10028,There were few passengers on the plane and Gavin was,16.247242,14.519081
0,0,1.0370661129854852e-06,iam,9652,except in moderate compliance with his father's,-16.762165,18.090143
0,0,2.6016661536232277e-07,iam,9131,GO ; but the reason probably lay in elementary,-44.141315,8.402435
1,1,0.9996907711029053,emuru,8022,"From the above it follows that here , once again ,",9.874808,0.04921966
1,1,0.9999996423721313,emuru,7571,The other form of book was the codex . In this the,6.5345798,9.76685
0,0,0.0005373760359361768,iam,9356,Where are your souls ? ' Lily-yo and Flor looked at,-27.296736,19.313974
1,1,0.9999583959579468,emuru,9456,at the speed recorder . It seemed almost incredible that,-1.4138149,-2.6609778
0,0,3.780256156460382e-05,iam,8853,"Liberals , they were going to fight the Labour",-15.775797,14.707446
1,1,0.9999916553497314,emuru,8788,"thus synchronous with cardiac systole but ,",2.0166001,-9.522048
1,1,0.9755814075469971,emuru,10056,"can't find a table for two . """,63.068974,-23.053288
0,0,0.0004803228657692671,iam,8086,is always from the north ) .,-29.504951,30.51702
0,0,2.37624178112128e-08,iam,8053,to the discussion but because it was,-33.976555,5.3264766
1,1,0.9999918937683105,emuru,7934,the office or works wonder what they,4.545326,-0.982978
1,1,0.9996906518936157,emuru,9220,"some dreadful ravine , or beset by",9.361785,-3.640737
0,0,3.9863430174591485e-06,iam,9214,"the mask , now , Ifor did . "" Dai Pugh , "" he bellowed . "" Leap on your bicycle",-28.244955,-1.0649127
1,1,1.0,emuru,10085,that he had only met a few minutes before .,5.7621536,7.1459007
1,1,0.999967098236084,emuru,10210,"hours . If they get in before eight-thirty , even",62.720577,-15.103007
0,0,3.788354297284968e-05,iam,9768,the lounge or return to his bedroom .,-30.254246,31.499271
1,1,0.9999545812606812,emuru,9174,Caine too and Mr Gilberto who would ...,51.12806,-15.905568
1,1,0.9999619722366333,emuru,7664,"gratify selfish aims , then each man will gather-in",24.076496,-3.3871605
1,1,0.9999397993087769,emuru,8558,as well as the foods for which they have,0.9785533,-1.8648715
0,0,0.00025074099539779127,iam,9662,with part of that howling northwest gale .,-11.564506,30.664228
1,1,0.9999884366989136,emuru,9065,"friend of hers having married Lester Peron ,",6.053839,-5.717955
0,0,6.074859584259684e-07,iam,10061,"alone . "" "" I 've booked a table at the",-40.74863,17.304054
0,0,1.7859530316854944e-06,iam,9169,"afraid , with a hoof shaped like the heel",-23.105038,0.79799134
0,0,6.886697974550771e-06,iam,8253,"said , "" the deafening peal of thunder , the sudden",-35.98735,1.4582376
0,0,0.0004860397020820528,iam,9299,The conductor switched on the lights .,-27.497047,-5.3804855
0,0,1.1073369705627556e-06,iam,8535,things that are typically French .,-22.400227,-4.8952327
1,1,0.999897837638855,emuru,9548,"to account for my manners , "" he retorted .",11.942669,11.663154
0,0,0.0001348860823782161,iam,8962,abroad ; and no pedestrian to cross his path nor to wait,-4.855625,9.317762
1,1,0.9774596691131592,emuru,8699,When the King and his Council required additio-,20.911392,-14.72048
0,0,2.6023137252195738e-05,iam,8970,"Deadly stillness , deadly portent !",-34.21274,-3.5755196
0,0,0.00030249805422499776,iam,10225,"mouth , an act of devotion he didn't over-indulge .",-12.515734,32.06601
1,1,0.9974648952484131,emuru,8807,were sold at 32 pieces for one shilling .,24.176786,-7.500611
1,1,0.9999998807907104,emuru,9739,bombs during the last war . Having deposited his,27.732498,-5.566756
0,0,4.461273783817887e-05,iam,8001,thing at a time . A list or a plan enables us to,-33.599937,25.676212
1,1,0.9999996423721313,emuru,8256,darkness .,17.670406,-1.8900303
1,1,0.9999825954437256,emuru,10149,to the man she had spent so much time,10.407935,-10.807935
0,0,0.0005614359397441149,iam,9573,"sake show a glimmer of reason , "" was his",-13.197817,30.90091
0,0,1.3420947198028443e-07,iam,9934,"Marshal , "" I added . His face was fixed ,",-29.031803,16.518122
1,1,0.9998785257339478,emuru,9420,obvious that she did not fail to appreciate the,50.904327,-23.708992
0,0,2.5833754989434965e-05,iam,7933,"homes . It is easy , desperately easy , to lead",-33.090664,-2.4286993
0,0,0.0016577384667471051,iam,10283,he put back his professional,-36.89465,20.71594
1,1,0.9999997615814209,emuru,8065,on the saying of R. Joshua b. Levi which,0.5089745,-5.040022
1,1,0.9999904632568359,emuru,9108,to him as those a lawyer makes in a court,6.1261377,-15.455808
1,1,0.9999980926513672,emuru,8525,The French have an inborn appreciation,2.9590964,-3.5698903
1,1,0.9999986886978149,emuru,9495,"own veranda , that he had taken the liberty of",7.79526,10.617204
1,1,0.9999924898147583,emuru,7944,write out all the necessary jobs waiting to,19.768103,-12.912357
1,1,0.9999982118606567,emuru,7608,with all his might and studies the,59.90487,-19.310335
1,1,0.9999678134918213,emuru,9145,"whose presence I could almost smell ,",27.049793,-16.489206
1,1,0.9999996423721313,emuru,8810,"mix 100 stone of bread in 12 hours , and Kate served in the",23.213558,5.4916344
1,1,0.9999998807907104,emuru,8059,become so well known that it was,18.356964,-1.7078325
1,1,0.9999945163726807,emuru,8803,He was a socialist and believed in the right,14.28536,-11.665639
0,0,9.578147000866011e-05,iam,10360,the deceit . The lies . ',-16.386806,-7.9132905
1,1,0.9998841285705566,emuru,9363,' You see . You needed them no more . You are still,10.016634,3.1449707
0,0,8.46754932837257e-09,iam,9831,"nothing to tell me , yet . But we 'll be meeting",-21.791212,13.550705
0,0,9.304861237069417e-08,iam,9583,have had it in for Guy .,-36.6151,5.9812293
0,0,2.134902388206683e-07,iam,10253,"enquired , combing his thick , tawny hair . "" To bring",-33.14718,2.226116
0,0,3.3539847663632827e-06,iam,7679,"that your heart be not deceived , and 1ye turn",-0.6136267,-1.7743669
1,1,0.9999778270721436,emuru,7821,the harvest of which may still be being,12.032779,-8.747192
0,0,3.5905079585063504e-06,iam,9624,"and warm sympathy , as she explained",-6.4701886,9.353163
0,0,5.236144851039626e-09,iam,9809,trifle too comfortable and humdrum .,-35.796017,2.5749695
1,1,0.9998922348022461,emuru,10286,"icy politeness , such withdrawn",60.33065,-21.410755
1,1,0.9998927116394043,emuru,7930,a ' double ' life without ever deliberately,25.368137,2.3831987
1,1,0.9999862909317017,emuru,8027,actual practice of greeting by the divine,43.402885,-20.66366
0,0,0.0007618788513354957,iam,7519,the Synoptics can be reasonably solved by paying due regard to the time and,-24.475069,23.50253
1,1,0.9955174326896667,emuru,9102,we came through to 4makrodeb status and,-27.724264,14.673157
1,1,0.9999972581863403,emuru,9371,well we can - think . This tribe of the True World,14.198736,-3.5604544
0,0,1.8840335513914397e-08,iam,7926,pipeline of the railway on which they,-10.520087,14.819277
0,0,6.323017260001507e-06,iam,8497,"fire , aerian creams , ingenious pastries and a",-22.204617,-3.2104678
0,0,5.473247711051954e-06,iam,9780,nature - I assumed that you both knew who I,-32.06186,12.064731
0,0,2.007715238505625e-06,iam,8036,The question and answer with regard to the,-23.497824,5.3499527
1,1,0.9999992847442627,emuru,8341,the progress of civilisation which allows a dish,29.194992,-7.8128366
1,1,0.9999986886978149,emuru,7685,"yourself , under such conditions the goods are your gods .",26.757404,-11.120237
0,0,1.1887481150552048e-06,iam,9904,"morrow as likely as not . "" I paused . "" Miss",-14.13835,29.362684
0,0,3.386933167348616e-05,iam,9962,opened out into a wide shallow draw .,-15.333933,31.726072
0,0,9.134516403719317e-06,iam,7924,travel day by day .,-13.693684,16.672766
1,1,0.9999998807907104,emuru,9763,""" Make it a large one , darling . I know the naval",23.548977,-10.101788
0,0,0.00042519354610703886,iam,9109,But privately he turned out to be as friendly as,-42.1319,0.53316337
0,0,1.2479031283874065e-06,iam,8068,"Palestinian teacher , R. Eleazar ( 3rd Cent. ) :",-37.96972,7.258686
0,0,3.700721663335571e-06,iam,9908,""" Yes , "" he said . "" I know . "" "" No harm must come",-30.846483,6.175197
0,0,7.89315381553024e-05,iam,10158,""" That is a pretty dress , "" Lilyan commented , obviously sensing",-12.824677,6.852349
0,0,1.5986450989657897e-06,iam,8582,without going through the formality of having his turbot,-11.915791,24.163723
1,1,0.9999946355819702,emuru,10225,"mouth , an act of devotion he didn't over-indulge .",45.07973,-22.308779
0,0,0.00010248253238387406,iam,9648,rocks in an' out o' de water .,-29.043537,-2.3049245
0,0,0.00024876106181181967,iam,9093,"country lawyer , and we were very small 4microdebs , weren't we ,",-31.619741,28.529835
1,1,0.999646782875061,emuru,8007,elsewhere .,10.591868,3.2764413
1,1,0.9999960660934448,emuru,8951,""" They have come ! "" he said reverently , gripping his",54.25213,-17.864248
0,0,2.4629198378534056e-05,iam,9872,a substantial breakfast . Although usually a very,-21.79701,-14.013366
0,0,0.0019050401169806719,iam,8754,Trebling the rate was arrived at by a simple,2.5883768,16.114674
1,1,0.9999771118164062,emuru,8618,comparing the failure of a subsidized duke,26.451302,-22.541235
0,0,0.006956139579415321,iam,9577,"idyllic surroundings . "" "" How dare you say",60.89149,-17.449253
1,1,0.9999943971633911,emuru,9642,We all know how Balicou Island dangerous,51.62132,-17.18459
0,0,3.424850001465529e-05,iam,8226,"Perhaps the news of their search got around ,",-27.937305,14.970702
0,0,0.12766613066196442,iam,7699,"ne through the mill , we need not teach them",-0.82847804,14.771705
0,0,1.4968883988331072e-05,iam,8107,In this 200-fathom trench the herring do not touch the bottom .,-4.543153,18.164171
1,1,0.9887058138847351,emuru,8975,almost painful sharpness . He reversed and,28.947962,-22.010065
0,0,4.724477548734285e-06,iam,9741,"empty , save for the lady known by all habitue",-21.412888,0.8184948
0,0,2.018645339774139e-08,iam,7838,"lives and that the nearer we get to Him ,",-11.754135,-4.4225607
1,1,0.9999827146530151,emuru,7734,how to live and accept all the bitterness,22.43096,3.9994633
1,1,0.9999823570251465,emuru,8301,no letters or papers found on her to assist identi,14.027342,-4.9679365
1,1,0.9999978542327881,emuru,8262,"The first was that of Mr Gold , in the famous",-5.972576,-10.60426
0,0,1.6967106830634293e-07,iam,7947,"be done and then work quietly through them ,",-33.710308,27.252716
0,0,0.0009166559902951121,iam,9771,"What are you waiting for , darling ? The officer is",-31.332144,29.081347
1,1,0.9999803304672241,emuru,9013,a new and strange phenomenon .,7.7201705,9.726573
0,0,0.03185449540615082,iam,8993,There can be little doubt that if the,0.13205402,22.865788
1,1,0.999968409538269,emuru,10126,"Gay , and don't even contemplate throwing",20.471697,-7.5093493
0,0,2.2967005861573853e-05,iam,7974,started day one again and so on .,-15.082492,15.511787
0,0,4.6718773774045985e-06,iam,9091,"wives , romanced about him in his absence . "" Lester was a",-26.935923,32.68965
1,1,0.9999997615814209,emuru,7951,"if she made a list , followed a routine of work",18.019175,-12.289254
0,0,2.7963007596554235e-05,iam,9893,must continue as before . During this period the Captain,-32.16501,2.4597073
1,1,0.999996542930603,emuru,7826,of twelve or thirteen under the,-4.115504,-7.6724405
1,1,0.9999985694885254,emuru,9305,"Rev. Edwards , standing at the front ,",7.679873,13.337651
0,0,0.0009779842803254724,iam,8552,"saffron , Soles , onions , garlic , roach and dace .",-36.123253,-9.6494055
0,0,2.3572099962620996e-05,iam,8662,Social service as a function of government,-8.169253,-1.2698601
1,1,0.999998927116394,emuru,10025,"taxi . "" Just a moment , darling , "" Gavin pressed her",28.981857,-4.1457005
1,1,0.9991254210472107,emuru,9772,"yourself , "" she said with mock severity .",19.615746,-8.530416
0,0,1.813944436435122e-06,iam,8020,already in the hands of the Redactors .,-34.17665,6.8043284
1,1,0.9999971389770508,emuru,8528,"writers , music composers and other",20.798126,-1.6114378
0,0,1.323989545198856e-05,iam,8706,"at ' colloquies of merchants ' , and whose",0.681046,11.164486
0,0,4.204332981316838e-06,iam,9388,Flor - this other man creature is plainly useless -,-36.794937,-0.40224582
0,0,4.302919023757568e-06,iam,10129,glad to be able to occupy herself .,-12.157045,-12.643991
1,1,0.9999710321426392,emuru,8569,it # impaired the intellectual faculties . Bunyan's,39.363823,-18.103851
1,1,0.9998549222946167,emuru,10027,"hand and smiled . "" I want to check up on the",11.463069,-1.5652351
0,0,4.655859083868563e-05,iam,8777,"and of the artery-like vein , and expulsion of the",-6.1627793,-3.7861192
1,1,0.999997615814209,emuru,8574,in food . At one dinner he is said to have,19.40895,-6.5538177
0,0,0.0018456586403772235,iam,7463,""" My September Love , "" the big David Whitfield hit of 1956 .",-41.65915,4.5341125
1,1,0.9999998807907104,emuru,8544,"could outdo ; Green herbs , red peppers ,",18.42323,5.445206
0,0,9.758662054082379e-05,iam,8216,"a dark moustache , and wearing a frockcoat",-3.8769987,0.7653434
1,1,0.9999966621398926,emuru,9005,"some weakness , and find a way of fighting",55.934563,-21.416239
1,1,0.9999843835830688,emuru,8407,his birthright to him for a mess of pottage - and,9.469331,-16.246237
1,1,0.9998268485069275,emuru,7487,affairs . The Wesker interview will be seen at a later,23.091522,-15.472023
1,1,0.9999920129776001,emuru,8344,ladies toying with these primitive morsels in the,5.2455497,-17.134928
0,0,3.394330997252837e-05,iam,8633,of the French war was a navy in unquestioned,-2.7630498,11.833187
1,1,0.999998927116394,emuru,7807,Or when he found cock-fighting going on in church ?,24.535078,-12.718017
0,0,1.0781143828353379e-05,iam,8089,"helped and hindered by water flow ,",-30.427223,26.87661
1,1,0.9999998807907104,emuru,8905,' Coulsdon and Purley Patriotic Fund ' in whose counsels and committees,47.47112,-16.99262
1,1,0.9996652603149414,emuru,10082,decided to go back and join Lilyan and,6.005849,11.356392
0,0,2.7204443995287875e-06,iam,10080,"Gay stood irresolute for a moment , half",-37.125435,3.8494997
0,0,2.3683320250711404e-05,iam,10213,very evening ?,-2.4398966,14.613215
0,0,1.0572038036116282e-06,iam,8812,"evening , when George went to speak at Malin Bridge ,",-24.680157,22.139296
1,1,0.9999711513519287,emuru,9590,hardly have spoken with more contempt .,50.31569,-17.735872
0,0,4.560050967938878e-07,iam,8324,dance ; nothing the German would,-19.987768,-5.1350365
1,1,0.9999539852142334,emuru,7679,"that your heart be not deceived , and 1ye turn",5.8905363,-0.039801046
1,1,0.9999896287918091,emuru,7497,"scene , ranging from pubs , the Eton wall game ,",16.938028,-7.4771905
1,1,1.0,emuru,8428,"Anyhow , Homer does not seem to have known any",26.717955,1.0587549
0,0,2.5038588091774727e-08,iam,10097,ging a smile .,-19.940083,-0.6677417
1,1,0.9997192025184631,emuru,9887,though in peace time these happenings are few and,22.55995,-6.446495
0,0,8.828607178656966e-08,iam,10256,"what you 'd get , "" she flashed at him , and",-38.493187,1.7481718
1,1,0.9994694590568542,emuru,9345,things we will tell you . All who make the journey from,18.783373,-4.255483
1,1,0.9999957084655762,emuru,8691,"None of these classes , except the yeomen , paid or",20.738457,-8.662843
0,0,0.0003978305612690747,iam,10368,"just dusty-grey but muddy , slimy even .",-13.714291,-8.055084
0,0,2.6547738229965034e-07,iam,8282,"doctor , the woman , young , small , and rather plump ,",-11.448837,14.366642
0,0,6.137617560852959e-07,iam,7800,"by Calvinists and Puritans , and the sentiment was",-26.309557,25.440037
1,1,0.9999977350234985,emuru,8886,"warming up by constant prayer and worship , and we",0.041657183,-21.022154
0,0,2.9744167477474548e-05,iam,8111,shoals that gather at the Knoll or,-25.13605,28.019732
1,1,0.9953405857086182,emuru,7814,"that their fears are groundless , indeed to us they appear laughable ,",-1.2435691,-22.528368
0,0,0.00010377640137448907,iam,9426,so much confidence in her . Once again,-30.188742,22.136156
0,0,2.011129072343465e-05,iam,7616,Such a Shamir possesses the real acid,-14.733151,10.115307
1,1,0.9999897480010986,emuru,10083,"Larry's advice flashed through her mind ,",7.3423448,1.8679303
0,0,2.5822129828156903e-05,iam,8066,' The Holy Spirit manifested itself in three places :,-22.165361,10.658798
1,1,0.9999135732650757,emuru,8539,baisse and sang - This Bouillabaisse,6.3830495,-15.984213
0,0,3.9112833292165305e-06,iam,9136,"had to get to pay off their college bills , were naturally",-15.775976,10.98361
1,1,0.9999409914016724,emuru,8709,excess of the rate for native merchants .,12.138229,-9.508896
1,1,0.9999972581863403,emuru,7822,"into themselves , so that they become",25.385235,-0.686628
1,1,0.9999834299087524,emuru,8530,the gusto which they derive from gastronomy is intellectual,15.987147,-1.2208285
1,1,0.9999499320983887,emuru,8023,because the Mishnah deals with the,8.588783,11.818403
1,1,0.9999926090240479,emuru,8649,"war , there was a constant stirring of",22.107595,4.973195
0,0,0.0009134153951890767,iam,7706,And the tsitsits had a message sealed inside the knots,-14.756916,10.25457
1,1,0.9998291730880737,emuru,7772,to the Catechism following ' were added . But Confirmation,64.10583,-17.136616
0,0,3.265227519477776e-07,iam,8234,have been very thankful that the science of,-22.363546,16.226622
0,0,2.743528739301837e-06,iam,8527,There is the same finesse about their,-44.84355,12.731965
0,0,0.00016035580483730882,iam,9569,""" As your employee it 's not my business",-26.941423,19.27852
0,0,3.428653144510463e-05,iam,8354,"persisted down the ages , the motive that preserved",-32.165257,19.848524
1,1,0.9999922513961792,emuru,8882,for prayer and quiet . In time we received similar,7.0960717,-12.639013
0,0,5.560216109756766e-08,iam,8725,scale of payments was fixed for the,-17.598337,-3.1088645
0,0,2.206972339990898e-06,iam,9479,"thought he could recognise the route of N12 ,",-9.736965,16.63537
1,1,0.9999997615814209,emuru,8777,"and of the artery-like vein , and expulsion of the",15.666791,1.0520436
1,1,0.9999954700469971,emuru,9116,which had grown up during the Moon's,11.981297,-0.2509323
1,1,0.9989010095596313,emuru,9233,away at a rate of knots .,3.2747498,-3.0187576
0,0,1.9704215503679734e-07,iam,7940,necessary weariness . ( a ) Order makes for a decrease in tiredness .,-4.9022913,25.306438
0,0,9.823813888942823e-05,iam,7976,Monday was day six and Tuesday,-13.8618,12.623341
1,1,0.999976396560669,emuru,7673,seeking self .,16.05171,15.30511
1,1,0.9995287656784058,emuru,9845,we give him the publicity . ' The Honourable,21.131039,-17.879747
1,1,0.9999566078186035,emuru,9721,few moments later the yawl was upside,53.294277,-22.824553
1,1,0.9999189376831055,emuru,9449,turned the scale slowly to cover the,3.27221,-11.684148
0,0,2.3039733605401125e-06,iam,10230,""" What about it , my sweet ? "" "" Well , "" she laughed",-26.466722,4.4037848
1,1,0.9999642372131348,emuru,8890,such a beautiful building with suitable fittings ; I made,26.48216,-10.486488
1,1,0.9999985694885254,emuru,8555,in France as is tea drinking among ourselves and it is,27.105078,-16.577991
1,1,0.9999998807907104,emuru,9203,Dinas Motor Omnibus Co. to ask what had happened to their,21.337517,-21.762571
0,0,0.0006768425810150802,iam,10305,felt that part of her was leaving,-37.676258,21.743977
0,0,6.208896957105026e-05,iam,7795,"the Jesuit , Fisher . But anyone who was friendly",-11.2157345,26.576609
1,1,0.9999997615814209,emuru,8192,"small , a matter of a foot or two . With round",6.3558416,2.7542124
1,1,0.9999444484710693,emuru,9990,outbuilding where the grave digger kept his spades,10.409562,15.230776
1,1,0.9998195767402649,emuru,7530,how this enlargement was effected nor has he,2.8295748,-9.646521
1,1,0.9871275424957275,emuru,8296,forthcoming about any carriage with an open,20.002804,-18.245522
0,0,8.639697739454277e-07,iam,9201,""" Good-bye , Dai , "" said Morfydd , smiling from the bottom step .",-27.2249,-1.067071
1,1,0.9999390840530396,emuru,8908,task involved a very great deal of detailed work for,10.882709,-0.6283961
1,1,0.9999969005584717,emuru,7696,"they may be as frontlets between your eyes . "" First to",40.0361,-19.06532
1,1,0.996694803237915,emuru,9014,foot to Dan's house . Dan came,9.251916,-1.185143
0,0,9.240358167517115e-07,iam,8557,"food , believing that it impaired the",-24.438984,-7.5533404
0,0,1.0755003359008697e-06,iam,9474,along which he had motored so desperately little,-13.637325,28.09399
0,0,2.684410219444544e-06,iam,9425,she checked back her instructions . It was,1.4680421,-23.335142
1,1,0.9997683167457581,emuru,8093,the Fladen Ground ( where again most big,51.14417,-25.094023
1,1,1.0,emuru,9510,north of the island .,59.41085,-13.772363
1,1,0.9999998807907104,emuru,9573,"sake show a glimmer of reason , "" was his",29.762838,-13.645818
1,1,0.8439445495605469,emuru,8482,of it in almost any provision shop .,66.032845,-17.693724
0,0,1.7763826690497808e-05,iam,10205,"I 've got to see 'em . If I am free , though ,",-26.801159,13.385885
1,1,0.9999998807907104,emuru,9068,"know , I had to send back our bedroom",14.711453,4.2269754
1,1,0.999894380569458,emuru,7789,became the foster mother of some of the most,11.334695,1.4971731
1,1,0.9999967813491821,emuru,7719,the salt-water at the Seder-Table represents the Covenant of the Torah,23.501339,-2.8289607
1,1,0.9993207454681396,emuru,7631,"Lord , as the waters cover the sea . "" ( Hab. 2 , 14 . )",22.922234,-4.7316856
1,1,0.9999994039535522,emuru,9482,of the journey back to the place where every,18.061651,10.917337
0,0,2.327088441234082e-05,iam,7596,A natural transition from gardens and,-19.69201,20.156145
1,1,0.9999579191207886,emuru,7870,The mind tires first and conveys the impression,18.15148,-11.39464
0,0,0.00010059699707198888,iam,8840,"with them , particularly those who , like the Rev.",-32.578182,18.205736
1,1,0.9999101161956787,emuru,9764,inside a submarine casing to defuse a Jerry,19.8909,-8.973836
1,1,0.9999932050704956,emuru,8785,of blood from the wound . Arterial diastole is,28.495619,-1.0279198
0,0,0.0009215003810822964,iam,10134,to get out her compact and saw Grace's,-15.447958,9.111413
1,1,0.9999881982803345,emuru,7910,sleep in blissful ignorance of what might,26.131874,-1.3970492
0,0,4.4887907279189676e-05,iam,9991,of the church where there was a small open,-35.548817,19.045582
1,1,0.999942421913147,emuru,7936,need to be handled correctly .,14.101238,2.180079
0,0,4.958196950610727e-05,iam,9078,sphere of the sun . A matter which on Earth would hardly,-7.7473993,18.79402
0,0,5.052802862337558e-06,iam,8031,by the Gemara in support of R. Joshua b.,-38.046974,19.903637
1,1,0.9999959468841553,emuru,10228,""" 5Ye-es ? "" he lowered his eyes and kissed her on the",51.628445,-18.478989
0,0,6.24542954028584e-05,iam,9984,Mr. Copthorne knew a way round by the side,-25.670605,-11.177592
1,1,1.0,emuru,7469,round a doll's house .,14.800075,-15.838124
0,0,7.298265700228512e-06,iam,8795,"said so . Being a craftsman and a skilled man ,",0.59738034,11.12935
0,0,2.7338908239471493e-06,iam,9043,"walked , or drove , or waited as a person possessed of",-36.01985,4.7464604
1,1,0.9999485015869141,emuru,10240,to have an open quarrel,12.606257,10.692633
1,1,0.9999943971633911,emuru,9276,"earth , and it seemed to her that she",14.644149,6.7220135
1,1,0.9999997615814209,emuru,9109,But privately he turned out to be as friendly as,4.5898614,-15.6726265
1,1,0.9998914003372192,emuru,9915,and have a look at the mining camp .,5.2086635,12.341714
1,1,0.9998801946640015,emuru,7727,"meek : "" But the meek shall inherit the earth ; and shall",13.405087,-15.035948
0,0,1.0871128779399442e-06,iam,9346,tigerfly is not a tigerfly until it changes . So humans,-21.190449,5.8152
1,1,0.9999430179595947,emuru,8961,loses its beat in death .,49.773598,-22.39559
1,1,0.999994158744812,emuru,9189,"mood . Even the Indian servants relaxed , knowing ,",52.882114,-18.258823
1,1,0.9993410706520081,emuru,8635,"Brittany was compelled to attack via Calais ,",22.339144,-6.303652
1,1,0.9974188804626465,emuru,8245,Some thought that the result would be all,5.879838,-0.3804076
0,0,3.045364138642981e-08,iam,9128,step . He looked as if nothing Moke and his,-8.771479,-15.188364
0,0,2.985320008974668e-07,iam,8755,"arithmetic which argued that , as the first",-10.119375,29.449986
1,1,0.9997918009757996,emuru,10204,""" Bless you ! I hope Luke is suitably grateful , darling . "" "" Oh , well , """,24.639082,-17.739422
1,1,0.9999996423721313,emuru,8849,"Council meeting on October 16 , 1912 , George",39.326305,-20.705566
1,1,0.9999712705612183,emuru,8220,"defective , and , despite his claim to infamy ,",18.329243,-5.3446083
0,0,2.8858879886684008e-05,iam,9839,"Service matters . """,-31.500359,15.490428
0,0,4.268299562681932e-07,iam,9719,With four doing the job and the waves,-33.083054,7.3802304
0,0,2.618647386043449e-06,iam,9689,"everything , when he wants to . """,-18.355865,21.63978
0,0,0.0001615784567547962,iam,10347,origin of her recent illness . His notes,-36.122845,8.770845
0,0,3.741178318250604e-07,iam,7993,the washing on a Monday .,-14.122708,19.934834
1,1,0.9999984502792358,emuru,9381,command the knives of others . ' ' No hurt will,19.791435,11.373483
0,0,1.0139805795006396e-07,iam,10023,and her luggage had disappeared and they were alone,-46.489307,0.3491489
0,0,3.226301448222557e-09,iam,8739,by a Parliament which met at Northampton .,-18.50687,-4.0410495
1,1,0.9999992847442627,emuru,8858,"Alf Barton , who in 1911 was presented",25.510757,-21.032871
0,0,3.347799690800457e-07,iam,8900,"became very urgent , and I was asked to be Chairman",-17.531387,27.001062
0,0,1.4494687547994545e-06,iam,9015,nor sound of flying saucers . So they,-29.616562,9.717259
1,1,0.9999998807907104,emuru,8423,"length subside , He throws a bed of glowing",25.115692,-3.4725492
0,0,3.4649158351385267e-06,iam,8784,"the ventricles , there is often forcible expulsion",-40.31652,-4.3834066
1,1,0.9999810457229614,emuru,8037,answer or that our sugya is quoting from,28.606401,-13.453463
1,1,0.9999829530715942,emuru,9007,ting how the Thetan machinations had been,61.666782,-21.210115
0,0,1.1656418053007656e-07,iam,9766,"came to the rescue . "" You haven't introduced",-25.581064,-4.8467746
0,0,7.096851732057985e-06,iam,8116,and fishing gear leads to an overall,-39.22744,21.28666
0,0,8.146892582772125e-07,iam,8954,upward and shook his head slowly from,-24.51448,14.127142
1,1,0.9984555244445801,emuru,9961,over a fairly wide area working singly or,64.57959,-15.614092
1,1,0.9998365640640259,emuru,7553,it is now used to mark a paragraph ending . Frequently,27.228256,-0.284297
0,0,0.002675711177289486,iam,7724,Tradition .,-1.0352222,22.927898
0,0,0.0005008263979107141,iam,9047,"as arranged , but he consoled himself by",-24.747778,23.892172
0,0,0.00035289672086946666,iam,8039,quoting a well-known question and,-3.7699423,7.9852076
0,0,1.2824195437133312e-05,iam,9134,"Stepping out in their white shorts , they looked glad enough",-6.123056,18.117739
1,1,0.9996753931045532,emuru,9103,Sentence Database,1.1234164,0.35359523
0,0,4.5973763462825445e-08,iam,8065,on the saying of R. Joshua b. Levi which,-21.507448,7.208571
1,1,0.9999994039535522,emuru,9002,on her part ; but he thought it a good idea,55.798542,-19.47658
1,1,0.9999972581863403,emuru,10305,felt that part of her was leaving,57.734695,-21.825943
0,0,0.00034917850280180573,iam,8446,they broke fresh ground and called another sense,-30.830338,-5.4821825
0,0,1.6398255411331775e-06,iam,9910,men who 'll be after that coach I 'm interested,-32.508465,11.700415
1,1,0.9999991655349731,emuru,8913,life .,37.551792,-20.637272
1,1,0.999998927116394,emuru,8682,The people - Langland's ' folk ' and Gaunt's,21.767836,-1.4634966
0,0,3.3334933959849877e-06,iam,9745,"famous Portsmouth hostelry , second only in historic",-26.671694,28.119734
1,1,0.9999852180480957,emuru,9413,"his own life , but Geoffrey's as well , to a strange girl",55.145256,-20.172945
1,1,0.9999992847442627,emuru,9293,"few lone stars , and the distant earth",-2.4051886,-13.6506815
0,0,7.65965069149388e-07,iam,8903,co-operation especially with the other Christian communities .,-24.65792,8.483267
0,0,2.3831287307984894e-06,iam,8901,"I found myself deeply involved . At first , the main work was to help",-25.910746,15.933588
0,0,1.4474974250333617e-06,iam,8973,flying saucer was tilting and dipping over,-9.180992,17.666756
0,0,1.6549375914109987e-06,iam,8596,but all the Chelsea philosopher did in return was to,-15.496084,14.01449
1,1,0.9999967813491821,emuru,7695,"shall teach them to your children . "" And as we have go-",26.326761,-11.243125
0,0,5.722737910218711e-07,iam,9121,which might in time become social fact,-32.38011,-5.183389
1,1,0.9992380142211914,emuru,8815,they would be there to begin the meeting .,62.805256,-19.903645
1,1,0.9998608827590942,emuru,8571,"had a great contempt for animal food , believing that",56.70425,-17.501705
1,1,0.9999994039535522,emuru,7543,which is most likely to have been the original,9.645016,-16.342579
1,1,0.9991832375526428,emuru,10013,""" You 're very early about , sir , "" he said , trying to",4.07763,-21.7228
1,1,0.9999043941497803,emuru,10131,"letter . She drew it out and opened it ,",50.765564,-15.272867
1,1,0.999771773815155,emuru,9591,"dares to stand up to him . """,9.7281,-5.934964
1,1,0.9937326312065125,emuru,9100,"at the same time a door banged - "" but don't",30.298735,-21.511505
1,1,0.9999996423721313,emuru,9271,looked down at the fast-disappearing,17.391687,5.3232193
1,1,0.9999943971633911,emuru,8550,"The "" pot-au-feu "" is as much a national institution",6.723994,-2.3971512
1,1,0.9978541731834412,emuru,10341,"her word . There was enough evidence ,",9.537933,-2.676192
1,1,0.9999985694885254,emuru,9039,"First , it was Sunday morning ; and , second , everyone",51.522617,-19.051441
1,1,0.9999796152114868,emuru,9738,months ashore while Pericles was refitting in the,1.9584408,-7.3211093
0,0,2.085824846176365e-08,iam,7539,THE Fourth Gospel was almost certainly,-28.12968,3.817377
1,1,0.9998550415039062,emuru,7544,text with absolute precision .,16.71142,-8.21102
1,1,0.9999803304672241,emuru,9942,could see far over west and north for many,44.178654,-21.61818
1,1,0.9999886751174927,emuru,8633,of the French war was a navy in unquestioned,26.89159,-21.792921
1,1,0.9999985694885254,emuru,10076,"Doc , while she wanted to do no more than",8.598886,3.4452145
1,1,0.9996403455734253,emuru,8720,borders between private and public purse were,4.032267,-1.1460254
1,1,0.999913215637207,emuru,8754,Trebling the rate was arrived at by a simple,12.968986,10.970581
1,1,0.9999936819076538,emuru,8405,"make water hot by dropping a red-hot poker into it ,",20.305805,8.982635
1,1,0.9999572038650513,emuru,7726,11 ) . That gives us freedom from want .,46.346123,-23.567528
0,0,6.191863377580376e-08,iam,8536,"The "" pot-au-feu "" is as much a national",-34.256958,16.46794
1,1,0.9999995231628418,emuru,8326,Italian would not sing ; no music,45.94514,-17.305477
0,0,6.544954885612242e-06,iam,8245,Some thought that the result would be all,-39.37967,2.283361
0,0,0.0007876610034145415,iam,8623,the longbows of yeomen could pierce the,-2.3420959,11.514871
0,0,3.3130720566987293e-07,iam,7870,The mind tires first and conveys the impression,-26.729137,26.938007
1,1,0.99996018409729,emuru,9075,"Sally made a mistake about me , "" he said one",8.199399,-11.135271
0,0,5.381922164815478e-06,iam,9251,"Immersed in the Dinas Advertiser , was the",-38.31331,10.189551
1,1,0.704986572265625,emuru,9514,express their disgust at Sir John's abominable treatment,66.494385,-17.825119
0,0,2.5100685888901353e-05,iam,8335,"many centuries ago , in some cave or hilly",-32.128708,19.692444
1,1,0.9996947050094604,emuru,8895,to put beautiful things into a beautiful church,48.645958,-14.608394
1,1,0.9999352693557739,emuru,8911,"Indeed , for the next seventeen years , during my time at",51.3821,-24.279171
0,0,9.456933867113548e-07,iam,10081,"loved her , was already flirting with a girl",-39.29759,8.628701
0,0,2.846624283847632e-06,iam,8182,was actually just off the bottom and was,-33.231796,27.255926
0,0,7.231911240523914e-06,iam,10322,what they were saying . Sandra,-17.679976,8.761487
1,1,0.9994186162948608,emuru,9717,You look . Little one more as fifteen,3.466702,-2.1046627
1,1,0.9999974966049194,emuru,9890,must present an unruffled appearance and carry on as,29.168747,-4.1879425
1,1,0.9999651908874512,emuru,10270,"if one walked slowly , between road and",53.801144,-21.857283
1,1,0.998429000377655,emuru,8876,had been a House of Prayer . I could not but feel the,63.74011,-18.335882
0,0,7.774281129968585e-08,iam,8764,"the heart becomes generally constricted , its walls thicken ,",-21.896109,11.80538
1,1,0.9999986886978149,emuru,8085,the herring must continue to migrate over,51.566723,-22.790243
0,0,1.939312460308429e-05,iam,9182,Mr Septimus reserved and certainly very,-18.370394,8.493223
1,1,0.9999377727508545,emuru,8176,"sea-bed , though the footrope in this case",4.4145722,-13.891133
0,0,1.2254517059773207e-05,iam,8191,but more films are needed to prove this .,-34.29726,-1.7434042
0,0,2.9812834327458404e-05,iam,9070,"was a Static Mib , the middle-income-bracket equivalent",-7.8763685,15.391948
1,1,0.9999858140945435,emuru,7541,scholars who have compared the many manu-,20.795546,-8.006771
1,1,0.9999985694885254,emuru,9698,""" Willie , "" the judge said huskily ,",49.74908,-23.215294
1,1,0.9990975856781006,emuru,8435,from lifted urns .,12.797245,2.2473686
0,0,6.3315374063677154e-06,iam,8285,into the path of some train ? This hardly seemed,-9.300732,15.570606
0,0,1.8968198389757163e-07,iam,7755,brought out from under the burdens of Egypt ?,-21.052519,5.258805
1,1,0.9999963045120239,emuru,9028,Heather and Steve tried to make themselves,19.773232,4.6660695
0,0,3.0912392503523733e-06,iam,9294,The beleaguered passengers peered out of,-35.314198,7.6567707
1,1,0.9999998807907104,emuru,8792,"three auricular beats , produce a single",26.043472,-3.9892173
0,0,1.9240540495957248e-05,iam,7631,"Lord , as the waters cover the sea . "" ( Hab. 2 , 14 . )",-33.087925,-4.9423656
0,0,0.00017292340635322034,iam,9505,""" I caught him just as he was going to the",-22.64688,1.0290343
0,0,2.5262668259529164e-06,iam,9319,"pool and ration our supplies of food , if any . """,-11.070662,2.0650573
1,1,0.9999735355377197,emuru,9347,"stubbornly , throwing himself down . But Lily-yo and",28.393261,-3.5728295
0,0,2.997169872287486e-07,iam,8101,gravelly soil of these many roughs where the spring-,-12.347549,-9.069457
0,0,2.5058519895537756e-05,iam,7587,"over the binding , or the whole codex rebound .",-7.169062,21.753984
1,1,0.9999959468841553,emuru,7599,supply . The pools are probably natural springs,53.102097,-20.756687
1,1,0.9999693632125854,emuru,10000,baptism according to the sect his parents belonged to .,52.533184,-19.366812
0,0,8.973573130788282e-06,iam,7553,it is now used to mark a paragraph ending . Frequently,-10.050182,2.321856
0,0,1.4804345482843928e-05,iam,7955,I am more than conscious of this . How anybody,-7.398838,21.620737
1,1,0.9959562420845032,emuru,9824,"companion . "" You want me to talk , is that it ? """,11.997565,11.9367075
0,0,0.00010785520862555131,iam,9051,"back on Moon again , and able to do",-23.75094,26.599525
0,0,6.442966764552693e-07,iam,7822,"into themselves , so that they become",-43.398266,2.7026439
1,1,0.9999996423721313,emuru,9743,baggage and unpacked his overnight-bag he,22.619465,-9.483995
0,0,0.00042348852730356157,iam,7864,"To others , the long hours of the night bring",-33.57882,-6.2422757
0,0,3.9465165173169225e-05,iam,9369,"itself and declared , ' To be a good shape is not all",-36.283604,-0.9401145
0,0,0.0004938078345730901,iam,8384,"Epicures and gourmands , sated by the unending",-17.40729,0.0494123
0,0,8.448315929854289e-05,iam,7986,"It was a little complicated to work ,",-25.443644,26.95635
1,1,0.9999133348464966,emuru,10278,masterfully . ' You wanted it so,16.022926,-20.302507
1,1,0.9999488592147827,emuru,10316,Love . She revolted against,50.196293,-19.082895
1,1,0.9999953508377075,emuru,10325,talking to Nicholas and wondering,15.821423,-13.038829
0,0,6.447099622164387e-06,iam,7764,"but those hopes were dashed . True , a new Prayer",-4.4939785,7.234164
1,1,0.9982184767723083,emuru,8115,though somewhat dim picture .,18.642721,-21.61072
1,1,0.999994158744812,emuru,8512,"essentially French , and , irrespective of",2.8009546,0.87255424
1,1,0.9999814033508301,emuru,9147,"' Something 's up , ' said Lord Undertone ,",43.953426,-23.714796
1,1,0.9999889135360718,emuru,10259,then regarded the ring which he retrieved,19.227274,-13.657616
1,1,0.9994713664054871,emuru,9716,"huh ? """,-3.081004,-13.065087
1,1,0.9999977350234985,emuru,9795,know how you newspaper people value that commodity ! -,29.722649,0.9982935
0,0,3.2618991099298e-06,iam,8918,throughout . He had no sooner heard from Count Gamba,-36.25487,1.872638
0,0,3.4934026189148426e-05,iam,7568,"was generally a single-sided form of book , and it was not",-10.496352,2.112025
0,0,3.3720025385264307e-06,iam,9327,"Stared back did Price the Provisions , unwinking .",-33.098244,10.454805
1,1,0.9999971389770508,emuru,8941,his toes . He stretched his arms,29.18971,-16.98221
0,0,2.1824737359565916e-06,iam,10210,"hours . If they get in before eight-thirty , even",-19.34979,6.3961916
0,0,0.00023047419381327927,iam,8123,fish at a certain spawning ground may,-30.800997,26.142935
1,1,0.999974250793457,emuru,8998,"I haven't a clue ; but , who knows ,",4.07502,-21.938936
1,1,0.9999984502792358,emuru,8496,than is customarily imagined as well as entering human,28.204752,-0.47990122
0,0,7.250600901897997e-07,iam,9220,"some dreadful ravine , or beset by",-36.97613,16.022514
0,0,0.0004215777153149247,iam,7569,"overwhelmed Herculaneum and Pompeii in A.D. 79 , his",-11.151677,30.78351
1,1,0.9999805688858032,emuru,8187,would seem to be even more essential ;,12.905126,2.8528028
1,1,0.9999935626983643,emuru,9895,if nothing unusual has happened . Harry Turton had,18.771925,-7.7698607
1,1,0.9999865293502808,emuru,9006,not have been entirely an objective suggestion,59.267414,-18.959105
1,1,0.9992358684539795,emuru,10002,"canery and corruption , the growth of the dea-",63.7328,-17.914331
1,1,0.9998834133148193,emuru,10260,which had followed her slim young figure,12.260621,-12.879225
1,1,0.9986434578895569,emuru,8789,one can sometimes see it - so to speak,3.7841394,-8.481601
0,0,1.5955294657032937e-05,iam,10259,then regarded the ring which he retrieved,-25.35074,30.015295
1,1,0.9922176599502563,emuru,8239,were many people who believed that to travel,28.646196,-22.813917
0,0,6.376922101480886e-07,iam,9547,"to make the presentation , I run the damned",-23.788507,-6.3821054
0,0,2.7691896775650093e-07,iam,10084,Gavin although he had told her that he,-21.959734,-7.208226
0,0,0.00010448806278873235,iam,8236,solution emerged . There has always been something,-17.283373,2.572647
0,0,3.904938785126433e-05,iam,8593,placing his food in his mouth and gulping it down as,-9.9794,20.068445
0,0,1.4075391163714812e-06,iam,8135,and Suffolk beaches .,-15.197727,18.021719
0,0,7.830114441276237e-07,iam,9324,a great basket .,-20.231293,-11.424624
0,0,3.839281816908624e-07,iam,9275,"fortitude , it now filled her with",-23.938011,-9.67956
0,0,0.00010168868175242096,iam,7750,burdens of Egypt : How was it that Israel was,-11.379052,27.015167
0,0,6.495776324300095e-05,iam,8177,indeed passing over some fish .,-38.45198,20.939186
0,0,1.7377804795160046e-07,iam,8882,for prayer and quiet . In time we received similar,-29.297575,7.1139665
0,0,0.0003736347716767341,iam,9066,Board .,-36.11845,-9.6958065
0,0,1.5113065501282108e-06,iam,9187,"for such protection as our presence , or Mrs",-34.484703,-4.176416
0,0,1.1805430403910577e-05,iam,7732,( This is the PARDUS . ) Matzo represents,-30.585777,-6.956025
1,1,0.9982240796089172,emuru,9907,"in , Johnny . "" "" I know . But if lead starts",61.734997,-18.062315
0,0,9.233804689756653e-07,iam,7486,first big T V part . The play was a brilliantly-written,-29.356094,-3.257608
0,0,6.461056614170957e-07,iam,9943,"a vast stretch of hills , canyons , buttes and",-12.610564,27.675528
0,0,0.0003443534951657057,iam,8482,of it in almost any provision shop .,-12.211957,28.30988
0,0,0.3354649543762207,iam,9615,I doubt it . He 's about as easy to push around,-13.885194,-7.6956825
0,0,5.1109489973555355e-09,iam,10152,her .,-43.94992,9.885806
0,0,5.475131547427736e-05,iam,9784,one in return and he was lonely .,-14.269309,5.7612057
1,1,0.9999986886978149,emuru,8529,"her writers , music composers and other exponents of",8.121035,0.38624272
0,0,5.164919230082887e-07,iam,9332,"Mutinous dog , thought the Rev. Edwards , who hadn't",-33.100845,10.87553
1,1,0.9988025426864624,emuru,9692,"reached the pier , the judge on legs",61.919426,-19.25007
0,0,0.00010598396329442039,iam,8347,gleam and glitter of our latter-day restaurants .,-1.522854,6.6547346
1,1,1.0,emuru,10055,"Lilyan remonstrated . "" They want to be",2.298808,-12.379931
0,0,2.3421710011461983e-06,iam,9277,""" But Eth and me wanted to be",-34.974636,8.816399
1,1,0.9999825954437256,emuru,9611,"able destination . "" "" There 's a difference",58.14454,-13.277444
0,0,2.744397704645962e-07,iam,9032,turned the tuning knob through all the,-13.291674,25.53544
0,0,3.590775122574996e-06,iam,8259,"momentary shudder , or idea of destruction , a thrill",-24.854761,-2.1452148
1,1,0.9999935626983643,emuru,8547,prepared at least once a week in every bourgeois,27.012115,-23.063847
0,0,0.00011825813999166712,iam,8331,say ; nothing an Italian would not sing ; no,-19.90184,25.369501
1,1,0.9999997615814209,emuru,10011,"his head , so the verger described afterwards .",26.823858,-4.969535
1,1,0.9999997615814209,emuru,9202,"She was already up the bus steps , and the bus was away . And Morfydd Owen",29.478813,-9.616459
1,1,0.9999994039535522,emuru,7563,reference .,8.037954,14.575303
1,1,0.9999995231628418,emuru,9813,"ssing . You 're in submarines , aren't you ? """,28.296328,-2.3726578
1,1,0.9999998807907104,emuru,7816,"situation is frightening , and then to face",23.235086,0.5748868
1,1,0.9999973773956299,emuru,10358,' You can't forgive him for this -,7.8582606,-7.0155177
0,0,4.4703938328893855e-06,iam,8494,one of its most classic features to the Turkish rule under,-28.694336,8.295406
0,0,1.4734645219505182e-06,iam,9729,"said ; "" but I 'd better stop thinking that now .",-29.432682,18.170013
0,0,9.56626536208205e-07,iam,9453,particular area within its range . Geoffrey,-24.122444,16.936386
0,0,2.2303709556581452e-05,iam,8591,"with Dickens says the menu was Whitstable oysters , a brown",-3.6709375,6.4588237
1,1,0.999988317489624,emuru,8119,So the arrival of any particular shoal,45.81091,-22.909729
1,1,1.0,emuru,10080,"Gay stood irresolute for a moment , half",17.16896,3.1936734
0,0,6.82440513628535e-05,iam,9677,"quick shift of tiller , and at the same time",-41.446846,0.97602034
1,1,0.9999924898147583,emuru,9507,said the first thing that came into her head .,7.6446767,11.207016
0,0,4.583027930493699e-06,iam,9942,could see far over west and north for many,-28.220242,11.936129
1,1,1.0,emuru,10141,"it ran . "" Your cards are lovely . I rang up Miss Harland",57.607384,-18.507433
1,1,0.9998127818107605,emuru,9893,must continue as before . During this period the Captain,15.2977495,3.1931453
1,1,0.9999998807907104,emuru,8193,"find safety on the bottom , this cover",13.5775,-17.009384
1,1,0.9999995231628418,emuru,9733,sick . Just because he 's an Honourable he can do,49.815804,-16.32017
0,0,1.241516656591557e-05,iam,10345,then Philip was so certain that Nicholas,-37.27618,-2.1929255
0,0,0.0010511797154322267,iam,8817,they were able to obtain some respectable,-35.491123,23.749863
1,1,0.9999879598617554,emuru,10215,"NUF 121 . "" "" He probably loaned his car",16.58689,-20.11733
1,1,0.993855893611908,emuru,9460,was resting could really mean hundreds of knots .,65.05611,-18.041456
0,0,1.7669397493591532e-05,iam,10188,seen in Farlingham on an occasion he had sworn he had,-4.3584766,15.81363
0,0,1.7183718892255229e-09,iam,8750,"John de Kyrkby , a Londoner , was one of",-20.232128,-12.265554
0,0,0.00011324366641929373,iam,8983,caped Thetan subjugation . This time . But we no,-12.985633,7.2730823
1,1,1.0,emuru,8437,Above the coals the smoking fragment,56.753376,-14.17414
0,0,4.151443499722518e-05,iam,8476,"alive , dipped in treacle and swallowed",-5.649157,5.0882916
0,0,1.129824340750929e-05,iam,7963,A lot of it is inevitable so that industry and,-34.923702,20.496273
1,1,0.9996898174285889,emuru,8967,"... this is BBC calling ... """,40.97715,-20.13149
0,0,0.0004293623205740005,iam,7717,cure our mental incapacity we should be willing,-23.307533,3.075178
0,0,0.0003987087984569371,iam,8891,"the architect , himself a fine artist . It is quite possible",-3.293621,1.3660378
1,1,0.9999969005584717,emuru,8378,"those days , as ever , ate sparingly , but",55.043568,-14.667285
0,0,2.844843720595236e-06,iam,9725,"and then we 'll all get hold and heave . "" A",-34.949,25.862795
0,0,6.595157174160704e-05,iam,8332,would not do ; nothing an American would not,-3.1002991,3.633007
0,0,3.5134373774781125e-06,iam,7461,Become a success with a disc and hey presto ! You 're a star ... . Rolly sings with,-25.67432,7.0061297
0,0,2.191566323972438e-07,iam,7531,The one real weakness of the Commentator's,-43.46888,-3.205145
0,0,1.1265739885857329e-05,iam,9101,"got all these lovely things "" - she waved a",-23.013113,16.323624
0,0,0.0002532500366214663,iam,7669,selfish and think only of one's personal advantage to,-18.519026,12.714048
1,1,0.9999994039535522,emuru,10071,corner talking animatedly to Simone .,5.3038507,9.171561
1,1,0.9999878406524658,emuru,9995,His curious headgear fell off . Strange things,3.683139,-23.470465
1,1,0.9999964237213135,emuru,9998,"on , his leaping mind flashed pictures of chi-",-5.059059,34.109585
0,0,1.3453393876261543e-05,iam,9184,we were all invaded by a most tranquil,-14.178093,8.087264
1,1,0.9999877214431763,emuru,9679,"corner of the pier by inches , and",57.578487,-20.150627
1,1,0.999995231628418,emuru,7781,a Bible translation - the Authorized Version,2.5385802,-16.141508
0,0,1.6721171505196253e-06,iam,9977,was never long on patience .,-28.78334,8.600692
1,1,0.9999405145645142,emuru,8152,"Herring fishermen call this "" the outset "" . It",13.84276,-7.046817
0,0,8.12442522146739e-08,iam,9956,"four or five mile valley , sandy-floored . It",-33.761604,0.5100779
0,0,2.6813427211891394e-07,iam,10241,"joking , Nigel . "" "" You shouldn't joke",-23.798813,10.627487
0,0,0.000246220180997625,iam,10355,"can you ? ' ' Forgive is an unctuous ,",1.0857645,7.664399
0,0,4.7611507625333616e-08,iam,9243,depth in this particular instance . Fingered,-14.491707,17.239988
1,1,0.9999923706054688,emuru,9408,"Motion there was , but motion without event - except",7.845655,9.120096
1,1,0.9997852444648743,emuru,9560,"and his pals down . """,55.291275,-17.477133
0,0,3.5362048947717994e-05,iam,8910,and a series of excellent Honorary Secretaries . Our,-20.357874,14.921799
1,1,0.999995231628418,emuru,8800,"George won many prizes , and though some people",1.4477144,-3.7406702
0,0,0.00015585300570819527,iam,7563,reference .,-10.463379,32.40747
1,1,0.9999998807907104,emuru,9079,penetrate beyond the minds of astronomers was of general,29.558735,-8.659645
0,0,5.515555676538497e-05,iam,8090,great fisheries that depend on them :,-24.514326,28.036448
1,1,0.9999998807907104,emuru,10090,"Simone on to the floor . "" It doesn't mean",-35.907516,34.03859
0,0,4.521484342490112e-08,iam,9785,He held out his hand and John could not do,-39.915443,3.5399117
0,0,5.263844968794729e-07,iam,8629,"battle was no substitute for a sound policy ,",-3.6581695,9.711497
1,1,0.9999803304672241,emuru,8216,"a dark moustache , and wearing a frockcoat",23.773388,-4.392713
1,1,0.999861478805542,emuru,9525,For the time being Beryl was content to let,21.562857,-9.558731
1,1,0.9999997615814209,emuru,8335,"many centuries ago , in some cave or hilly",22.008383,-15.79184
1,1,0.9995260238647461,emuru,9417,which must necessarily be subordinated to his,18.328302,-21.069775
0,0,0.0002655554562807083,iam,7591,"cannot think of an author , Mark for example ,",-23.084412,27.452995
1,1,0.9988976716995239,emuru,7592,sheet glued on might have to be gummed on,4.7500544,-16.786552
1,1,0.999990701675415,emuru,8373,himself go ; and it was from his simpler,9.168897,3.3555467
0,0,0.00011350053682690486,iam,10006,was Mr. Copthorne all right . Perhaps he had,-31.458729,23.719265
0,0,8.070431795204058e-05,iam,7643,"language . The Shamir is the "" seventh "" and",-18.753183,5.1702685
0,0,0.000593586009927094,iam,9896,suitable for such occasions .,-14.399881,2.5064938
1,1,0.9998680353164673,emuru,10134,to get out her compact and saw Grace's,11.237796,12.943534
1,1,0.9980660080909729,emuru,7830,later chapter there are some situations,42.0166,-23.38312
0,0,3.458735363892629e-06,iam,8286,He sent word straight away to near-by Merstham,-12.117922,26.082651
0,0,0.000963456928730011,iam,7953,aimlessly along is more wearying than any-,-27.657032,29.366304
1,1,0.9995893836021423,emuru,7991,notice in the entrance saying which,15.232683,-17.60124
0,0,0.003449019743129611,iam,9203,Dinas Motor Omnibus Co. to ask what had happened to their,-31.29211,2.5336192
0,0,5.2538169256877154e-05,iam,7973,knowing exactly what the subject,-3.3723967,14.0335655
0,0,3.849510221698438e-08,iam,10183,She couldn't remember what they had been talking about or,-10.232168,21.665133
1,1,0.9999456405639648,emuru,10318,"where was happiness , or",16.183558,-20.861444
1,1,0.9996529817581177,emuru,8440,known any way of cooking meat,-7.212942,-9.154092
0,0,4.4321288442006335e-05,iam,8895,to put beautiful things into a beautiful church,-28.716824,-9.694431
0,0,2.8049862521584146e-06,iam,9235,"But even his imagination , luckily for him ,",-28.580317,24.33287
0,0,3.182245563948527e-05,iam,8986,"take charge , as it were , of the minds of the",-9.35711,13.630757
0,0,8.17985346657224e-06,iam,9664,""" That boy ! That damned fool boy ! What does he mean",-43.37382,-1.1450818
1,1,0.999984860420227,emuru,10152,her .,5.053969,0.50185347
0,0,8.9190905327996e-08,iam,10125,yourself away on a chap like that . You 're a,-43.6857,10.495499
0,0,3.525304350660008e-07,iam,7837,In Gethsemane He prayed that the cup,-44.795567,1.543323
1,1,0.9984546899795532,emuru,9993,a man was drowning and towards his last,0.6650549,-1.9974259
1,1,0.9999407529830933,emuru,8238,hazardous business .,25.905205,1.9500371
1,1,0.9989027976989746,emuru,8336,hold forth from a spear the welcome gobbet of,25.244211,-8.342429
1,1,0.9999998807907104,emuru,8507,melody . The paprika and caraway perfume,18.327374,7.164194
0,0,1.1021293175872415e-05,iam,9137,"these young ones , on parade for jobs which they",-5.4697504,20.382404
0,0,4.380966256434249e-09,iam,8779,less because their pulse is nothing other,-23.82011,13.745915
1,1,1.0,emuru,8501,celebrate the victory against the Turks in 1683 . Spanish,25.370096,-4.633554
1,1,0.9999094009399414,emuru,9526,opportunity presented itself . He must,16.006052,-8.310408
0,0,1.393718321196502e-06,iam,7793,first public acts was a hard-hitting battle with,-22.156836,0.8720675
1,1,0.9999996423721313,emuru,7776,( which was never actually authorized ! ) .,6.571956,4.9635897
1,1,0.9995623230934143,emuru,8017,reading of the Book of Esther is quoted,3.8584924,-10.438657
1,1,0.9999732971191406,emuru,9545,"like an ineffective imbecile . """,19.089212,-0.7726793
1,1,0.9999678134918213,emuru,8879,"chilliness of the new church , beautiful as it was and is .",23.521042,4.3812404
1,1,0.9994755387306213,emuru,8099,a deep-water channel to the Dogger where,36.321777,-26.131006
1,1,0.9999994039535522,emuru,9958,We turned north into it and after about four,43.45274,-25.694649
1,1,0.9999996423721313,emuru,8582,without going through the formality of having his turbot,51.815952,-21.89932
0,0,1.993552523060771e-08,iam,8368,unlimited in its variety and its presen-,-29.022924,4.4920135
1,1,0.9999512434005737,emuru,7552,the opinion that in the original of the Fourth Gospel,20.559284,-0.9800432
1,1,1.0,emuru,8506,"Quixotic and withal it has a sombre ardour , with",8.427836,-11.593799
0,0,8.15891326055862e-07,iam,8163,"sand ; or even in the case of flat fish , by vibrations",-19.886421,2.2942247
0,0,6.4769824348331895e-06,iam,10251,"me up for tea , of course . I just thought . "" "" I 'll see , """,-29.578676,14.026647
0,0,0.00014594203094020486,iam,7979,week being the same with a pupil,-5.04804,16.111055
1,1,0.9319548010826111,emuru,8581,turned it over on the table cloth to,66.15159,-20.730495
0,0,2.4074193788692355e-05,iam,9119,and counteract the obsession with economics,-44.837463,1.0832338
0,0,0.00014228280633687973,iam,8246,"by it will be so heartily sick , what with the",-29.584957,-1.8123416
1,1,0.999675989151001,emuru,8989,Thetans discover our mental independence,2.1639607,-2.472739
0,0,4.272920250514289e-06,iam,9588,on Guy's part that we missed seeing the,-13.623709,9.149783
1,1,0.9999971389770508,emuru,8614,considerable skill at the siege of Limoges .,0.6654469,-17.384247
1,1,0.9913859367370605,emuru,7506,to make the strongest criticisms . He said,9.172039,-9.780293
0,0,2.8816052690672223e-06,iam,8548,about Bouillabaisse and sang - This Bouillabaisse a,-34.551575,-8.597898
1,1,0.9999986886978149,emuru,8310,remained a mystery until later the following day .,20.928905,-6.2425547
1,1,0.9999984502792358,emuru,9549,""" And I 'm heartily sick of being constantly called",14.651276,-9.6981
0,0,7.718733286310453e-06,iam,8136,longshore fishings . The surface,-12.5355215,15.270455
0,0,1.8533231695982977e-06,iam,9901,He rode down to where I was waiting . I was,-33.918568,2.5009685
0,0,8.766586688579991e-05,iam,8319,rican would not say ; nothing an,-16.638279,-11.325214
0,0,2.752601403699373e-06,iam,8166,aware of the moving footrope before,-12.404635,14.799511
1,1,0.9999992847442627,emuru,10208,replied readily . So how could Nigel have,58.660522,-15.811626
0,0,0.0005918872193433344,iam,7760,Book was issued in 1604 but the Puritans,-32.480465,23.999748
1,1,0.9999996423721313,emuru,10037,Gavin and the girl who had got,44.586903,-24.76365
0,0,5.986794917589577e-07,iam,8397,that amazing epoch of grossness and,-28.433569,-8.342034
0,0,8.750634151510894e-06,iam,7558,columns . This is the invariable practice of ancient,-10.957242,0.16598181
1,1,0.9999978542327881,emuru,7774,This indicated how ephemeral in the Church had,16.013386,6.5227137
0,0,2.0756333469762467e-06,iam,8170,The evidence suggest that the fish are,-15.295766,16.073431
1,1,0.9999978542327881,emuru,10205,"I 've got to see 'em . If I am free , though ,",60.221897,-14.927973
1,1,0.9999984502792358,emuru,8983,caped Thetan subjugation . This time . But we no,52.218605,-17.809595
1,1,0.9999998807907104,emuru,7836,"finally defeat us . More than that , that God",16.26965,6.494667
1,1,0.9999998807907104,emuru,9535,"conversation that evening , for when",1.6126164,-20.792353
0,0,6.800768915127264e-06,iam,9338,enjoyed himself so much since reading Treasure,-14.715204,26.434532
0,0,5.0510448090790305e-06,iam,8411,"Does one , however , know who first thought",-29.151546,-8.156833
0,0,0.0006903691100887954,iam,10261,with some bitterness .,-39.315453,-1.4686933
1,1,0.9999779462814331,emuru,7619,a man is the Shamir that guards him-,27.21124,-19.50703
1,1,0.9999997615814209,emuru,7652,serve Him with all your heart and with all,46.65609,-19.766872
0,0,1.2186579567696754e-07,iam,9769,Seaweed sensed his embarrassment and,-13.362588,10.617496
0,0,5.349847015168052e-06,iam,8572,A fascinating study also opens up in the dietary,-9.032023,13.063565
1,1,0.9999994039535522,emuru,8922,"currence , while ' General Adam was at Corfu the whole",21.2556,-21.860561
1,1,0.9998863935470581,emuru,9561,"look as though it was only what you expected of me ,",67.211586,-15.998776
0,0,1.1337597243255004e-06,iam,9841,"contact , is our Robbie ; he gives us the gen and",-19.183985,5.56449
1,1,0.9999921321868896,emuru,8293,occurred before her death was ensured by some,14.663563,-5.3049994
1,1,0.9998888969421387,emuru,9329,""" Intended for Plas Newydd , this lot is . Paid for ,",10.21311,-2.1965218
1,1,0.9993643164634705,emuru,8630,obvious morals for those who are judges long,6.7897153,0.36214605
1,1,1.0,emuru,8959,apartment he garaged his car and then stood,59.030674,-19.842758
0,0,5.8569650718709454e-05,iam,8204,"which to proceed , and the inquest was",-17.260128,0.7456521
1,1,0.9999936819076538,emuru,10097,ging a smile .,56.763767,-16.42172
1,1,0.9999995231628418,emuru,7690,"up these my words in your heart and in your soul . "" The text",9.665371,-12.612198
1,1,0.9999922513961792,emuru,9414,than a couple of telephone calls he was,50.18593,-20.391817
1,1,0.9999796152114868,emuru,7838,"lives and that the nearer we get to Him ,",25.328362,-1.8207113
1,1,0.9999516010284424,emuru,9773,was . I 'm Ian Bawley . Does that mean anything,3.9992678,-24.129494
0,0,6.216362089617178e-05,iam,9983,""" Oh , "" said the unseen guard . He blew a",-16.519863,30.475567
1,1,0.9999996423721313,emuru,8999,they will promptly give us their hypnotic,21.194298,2.0660512
1,1,0.9957757592201233,emuru,8162,through or along the bottom . ) But given such a bow,24.937622,-8.991486
0,0,0.0001030211424222216,iam,7967,hardly like to add further to the dullness,-11.135358,17.058784
0,0,1.375104966427898e-05,iam,9972,We didn't approach unchallenged . Just short,-13.42813,28.755484
1,1,0.9999986886978149,emuru,9576,I 'll give you credit for that . But you didn't press,14.141697,-17.149887
1,1,0.9999973773956299,emuru,8930,her practically all his money caused it to,59.242825,-20.898596
0,0,7.256603112182347e-06,iam,9656,against them with the lift of the next wave .,-9.394045,9.845028
1,1,0.9999996423721313,emuru,10132,was behaving since they had seen them,-10.156791,-12.426917
1,1,0.9391235113143921,emuru,9628,made her send a complacent glance,1.2309891,-0.17384367
0,0,2.8390568331815302e-05,iam,7899,"of the mind is no longer feared or shunned ,",-33.48451,29.430698
1,1,0.9999986886978149,emuru,8042,the longer sugya which deals with all,27.85448,2.0980728
0,0,1.8486365434000618e-06,iam,7656,"summons of destiny , to solve the economic",-28.527742,15.442347
1,1,0.9468136429786682,emuru,7546,paragraphos markings were omitted . C. H. Roberts is of,-40.441177,-5.7994056
1,1,0.9991568326950073,emuru,8656,ceptions of governmental duties must be,17.307697,0.35769954
1,1,0.998822033405304,emuru,9656,against them with the lift of the next wave .,64.59926,-18.922888
0,0,1.928651499838452e-06,iam,8496,than is customarily imagined as well as entering human,-31.48629,8.780725
0,0,3.8630074072898424e-07,iam,7911,"the village , it was not difficult for anybody",-9.401148,-4.8381867
0,0,3.747341679627425e-06,iam,7630,"crushing our soul "" ( see Hab. 2 , 10-11 ) . And it is",-23.460852,18.645498
1,1,0.9999996423721313,emuru,8075,has even stepped into the field of high fashion .,17.620726,-10.260503
1,1,1.0,emuru,8936,Captain Byron that he had been left,33.030945,-26.505377
0,0,0.00010708415356930345,iam,9335,"list , pushed his glasses up on his nose , and",-32.27761,9.701453
0,0,7.681203715037555e-05,iam,7659,"Jochai ( Tanis 6a ) "" if Israel does not fulfil",-28.223497,20.195688
1,1,0.9999591112136841,emuru,9423,It was a novel experience . Alastair was,-2.7467084,-7.3759303
1,1,0.8306876420974731,emuru,9198,""" Good-bye , Morfydd . "" He sought to enfold her in his arms . But he was too late .",66.04304,-18.07493
1,1,0.999984860420227,emuru,7964,ago to hear of a school who tried a six-,14.589721,3.856361
0,0,7.716965774307027e-05,iam,8141,"often start off the "" local "" herring ;",-28.986969,28.046122
1,1,0.9999797344207764,emuru,10218,"Young Gubbins shrugged . "" I didn't see his",49.26138,-21.04682
1,1,0.9999994039535522,emuru,8596,but all the Chelsea philosopher did in return was to,54.752415,-16.605873
0,0,0.0003196893376298249,iam,9484,Tartaro at a few minutes past ten on the,-4.762823,13.914882
1,1,1.0,emuru,9951,""" The mine-workings lie north of the town , """,5.150582,6.384008
0,0,1.132735292230791e-06,iam,9907,"in , Johnny . "" "" I know . But if lead starts",-32.43286,5.5547147
0,0,2.353051968384534e-06,iam,8169,Let us consider first what would,-15.263215,17.582407
0,0,1.6052757928264327e-05,iam,9195,"a promontory , a mass of clean rock crowned with",-43.794205,-0.2868014
0,0,1.8927939038348995e-07,iam,7997,"I would not want to either , but if she wants to get through",-19.504822,2.9342654
1,1,0.9999186992645264,emuru,7526,present state of the Gospel is the result of an accident-prone history . The,21.163673,-22.797523
1,1,0.9999994039535522,emuru,9280,"Llangrwl , and his dear Morfydd quietly",0.6455164,-4.207276
1,1,0.9999998807907104,emuru,9439,"capped summit of Mont Blanc , seven miles",15.374675,-14.147898
0,0,1.2908585631521419e-06,iam,9487,movements of the Bentley . It had passed,-14.50527,20.008953
0,0,9.800335192267084e-07,iam,8010,of that passage makes it clear that these are,-29.495592,10.655113
0,0,3.6712253859150223e-07,iam,7739,that is hurled against us . The Salt-water,-18.25734,-2.933852
0,0,0.0005710548721253872,iam,8893,a rule that all gifts should be submitted for approval to,-2.8123586,-0.25796837
0,0,0.00016725820023566484,iam,8345,"evening meal . Later came the thrifty peasant ,",-1.5244936,12.922424
0,0,1.4401568478206173e-05,iam,10099,"lifeline and Gay got up quickly , mana-",-22.217258,22.468342
0,0,1.4585343421913421e-07,iam,10231,looked distinguished when he frowned ; boyishly,-19.433748,6.4467707
0,0,4.694119343184866e-05,iam,9350,Flor were listening .,-0.81585246,0.17095019
1,1,0.9999978542327881,emuru,10113,"weakly , "" you don't know Gavin . "" "" I 've only met him",44.44967,-22.523752
1,1,0.9999791383743286,emuru,8297,which might relate .,9.71212,-13.609144
1,1,0.9999924898147583,emuru,10248,"he told her , and suddenly seized her in an embrace",20.561848,9.094891
0,0,1.4502402336802334e-06,iam,8641,the story of the prelude to the,-13.020028,-1.954401
1,1,0.9999704360961914,emuru,9070,"was a Static Mib , the middle-income-bracket equivalent",25.811777,-10.630031
1,1,0.9999980926513672,emuru,10283,he put back his professional,58.282852,-22.684284
0,0,0.004643948748707771,iam,9571,"mounting exasperation . "" Very well ! "" He",0.37875918,8.053218
0,0,2.1607572762150085e-06,iam,7894,They drag themselves around and can become,-36.553604,1.533536
1,1,0.9999943971633911,emuru,10359,"patronizing word , ' she replied . ' I despise",7.249226,-7.5167966
1,1,0.999998927116394,emuru,7733,Derush ; ( 4 ) Leaning-back represents Saud .,21.083786,5.161951
0,0,2.090451545200267e-07,iam,7804,table which was handy for the most improbable uses .,-17.616798,-10.040555
0,0,2.43613186512448e-07,iam,8514,specifically national . The art and,-29.127363,-6.2913013
1,1,0.950244128704071,emuru,8862,"with a book on the life of Marx ,",66.290344,-20.983166
0,0,4.441005074795612e-08,iam,7879,veritable surge of energy . Many a girl who,-9.644148,-4.71234
1,1,0.9999933242797852,emuru,8433,"and he knew how to do it , too : - When the",7.5430636,3.4500709
0,0,2.466445766913239e-05,iam,9405,had no place here .,-12.43582,1.74404
0,0,3.405282768653706e-05,iam,7941,Can we then frame some ' rules ' which may enable us to live life,-1.4471442,17.370634
0,0,3.4204814536309414e-09,iam,8104,"they migrate easterly to the Norwegian side , or westerly , until",-5.4326386,24.050858
0,0,3.974683249197142e-09,iam,7533,"he has not , until now , been able to exhibit exactly",-24.750444,-0.60762936
1,1,0.9994860887527466,emuru,9709,Buck would be wetter if he,5.825163,-22.734133
1,1,0.9999723434448242,emuru,8623,the longbows of yeomen could pierce the,29.910723,-1.0001785
0,0,2.799545200105058e-06,iam,9452,scanner could be adjusted to cover any,-10.695798,7.8897214
0,0,0.002949883695691824,iam,8363,It is a far enough cry from the primitive,-29.561783,-8.122653
1,1,0.9999935626983643,emuru,7905,made this century is the way in which illness,-4.8901525,34.07066
0,0,1.2880946997029241e-05,iam,10328,"up from that first ideal , and how",-25.933172,10.348428
0,0,1.2189187827971182e-06,iam,7748,without which Society cannot make progress . And we drink,-26.910582,4.850406
1,1,0.9993788003921509,emuru,8248,"of a railway will be worse than Ipecacuanha , """,1.8737184,-1.3478618
0,0,2.0331724499556003e-06,iam,10162,"she felt happier . Gay loved them for their warm sympathy ,",-17.74908,36.139423
0,0,0.0006921016029082239,iam,9475,"on the bridge over the Po , barely forty miles to port .",-6.8637114,13.347451
0,0,1.7466941244492773e-06,iam,9113,"by training , and suspected that the points he made",-41.115124,15.621165
1,1,0.9999933242797852,emuru,9061,"had contacts in political circles , a school-",23.718245,-1.6896015
1,1,0.9999700784683228,emuru,10323,"given her . ' I 'm sorry , darling . '",8.342091,-2.4330528
1,1,0.9999874830245972,emuru,8747,London was again in turmoil ; but this time,7.9276648,-12.124644
0,0,1.7275151975582048e-08,iam,8067,The Gemara continues with a saying of the,-33.325146,6.9493256
1,1,0.9999996423721313,emuru,9308,he suggested hopefully .,-2.226241,-13.810425
0,0,8.020785026019439e-05,iam,8201,man had been seen fleeing from Vauxhall station on,-27.512026,1.6924324
0,0,2.1427117644634563e-06,iam,9000,move about pretty freely without,-17.657845,-13.114431
1,1,0.9999794960021973,emuru,10009,"in London . Very strange his eyes looked . Mad ,",51.23141,-19.7813
0,0,5.735838203690946e-05,iam,9434,""" Good luck , Air Marshal , "" she said gently . "" I 'll",-2.5122263,16.705288
1,1,0.9999997615814209,emuru,8901,"I found myself deeply involved . At first , the main work was to help",17.780539,-5.1998024
1,1,0.996161937713623,emuru,10120,who doesn't care two jots for your feelings .,61.100864,-23.330677
1,1,0.9999994039535522,emuru,9618,""" For all your good opinion of yourself ,",10.341747,13.304702
1,1,0.9999977350234985,emuru,7528,"original was written on a roll , or codex , which fell into disorder or was",10.078224,-18.333504
0,0,2.521953206269245e-07,iam,9889,usual and in fact had applied all the usual specifics,-25.055859,-0.91442037
0,0,6.013614438415971e-06,iam,10175,"Sometimes they talked on the theme of "" when we get married "" ,",-24.593584,5.0219293
0,0,5.357147892937064e-05,iam,9686,shoot the craft in under the outer,-31.018414,10.71903
0,0,8.654783596284688e-05,iam,9014,foot to Dan's house . Dan came,7.7578945,7.6494446
0,0,2.879984890569176e-07,iam,8778,"At one and the same time , therefore , occur the beat",-45.007145,8.768481
1,1,0.9990481734275818,emuru,10338,"' Good heavens , darling , why on earth",6.9549913,13.352489
0,0,2.9808957151544746e-06,iam,10250,receive a sharp slap for his pains .,-21.97771,-4.366039
1,1,0.9997993111610413,emuru,8169,Let us consider first what would,-0.9230772,-11.92951
1,1,1.0,emuru,10335,no matter how one might want to,8.333971,11.840472
1,1,0.9999579191207886,emuru,9183,"any rate they remained with us , perhaps",42.825294,-20.331888
0,0,1.660692214500159e-05,iam,9793,"drop the rank - such a mouthful ! "" "" You 're",-25.3748,-8.632436
1,1,0.9996868371963501,emuru,8460,ethereal enjoyment to the grosser pleasures of the,15.839335,-8.756291
0,0,0.00018610524421092123,iam,10031,"taxi , and then found that in",-16.61351,-10.98459
0,0,0.0018789174500852823,iam,9840,"said John , "" but you can pay for my drinks",-5.388096,12.76729
1,1,0.9999971389770508,emuru,9505,""" I caught him just as he was going to the",23.304232,3.003276
1,1,0.9958997368812561,emuru,8636,without a large-scale and concentrated invasion .,23.716145,-7.1091805
1,1,0.9999986886978149,emuru,8524,typically French .,23.064255,6.916126
1,1,0.9996494054794312,emuru,7692,your heart and with all your soul and with all your might,57.17348,-20.086994
1,1,0.9999744892120361,emuru,7993,the washing on a Monday .,62.70726,-20.701696
0,0,5.98589213041123e-05,iam,8589,"sole , a baked leg of mutton with oyster & veal stuffing and a",-9.344563,6.473895
0,0,0.0013197504449635744,iam,10272,badly - at any price . I hope,-21.616594,23.280396
1,1,1.0,emuru,7755,brought out from under the burdens of Egypt ?,1.3233886,-18.163774
1,1,0.9998114705085754,emuru,9132,deeper layers in the human psyche which are,4.8251257,-17.206347
1,1,0.9999692440032959,emuru,8183,"field of disturbance , or bow wave . This suggests",16.703222,-11.683738
1,1,0.9993026256561279,emuru,7560,"original of the Gospel , whether written on a roll or codex ,",22.152615,-7.3909016
0,0,4.312637975090183e-05,iam,9449,turned the scale slowly to cover the,-26.674038,23.446278
1,1,0.9992743134498596,emuru,10366,"His digressions too , seemed to have no other",25.044987,-18.929647
0,0,1.0259110467814025e-06,iam,9380,think and plan and know . Those who know,-38.59079,9.090871
0,0,1.3895821211917792e-05,iam,9721,few moments later the yawl was upside,-24.678389,29.056091
1,1,0.9999997615814209,emuru,9041,the Avenue from its many tributary streets . It might have,47.513885,-20.21715
0,0,0.00013607615255750716,iam,7761,the throne . He was quite prepared to be,-39.27572,-0.3425689
0,0,1.7593611119082198e-05,iam,8842,"Conrad Noel , the eloquent leader of",-15.817592,16.840618
0,0,8.86453635757789e-05,iam,8102,spawning herring are always found .,-0.9519668,17.699602
1,1,0.9999672174453735,emuru,7778,himself immortal by becoming associated with,8.008797,1.0986911
1,1,0.9999973773956299,emuru,9230,"the title of "" First Woman to Enter Space . """,9.118375,7.50813
1,1,0.9999998807907104,emuru,9457,the tiny white figure of 8.5 against which the needle,43.03208,-22.858353
0,0,2.3218044589157216e-06,iam,8614,considerable skill at the siege of Limoges .,-9.61689,-1.3763896
0,0,1.592756416357588e-05,iam,9427,be waiting for you at the Hotel Roma at six this,-9.924095,19.856432
1,1,0.9999974966049194,emuru,10182,Little Phelpham .,38.73491,-19.784155
0,0,7.217322854558006e-05,iam,9242,"But nonplussed , the conductor was . A",-35.322308,5.5932574
0,0,0.008508389815688133,iam,8873,"co-operated , we made the little side chapel a place",-40.517,-0.85794455
1,1,0.5151382684707642,emuru,10123,"fine girl , intelligent , and pretty , and I had",66.42125,-18.380268
1,1,0.9999715089797974,emuru,8077,"the potentialities of the craft , and crochet was",21.250507,2.1499615
0,0,3.534484278588934e-07,iam,9804,he was on the verge of a new chapter in,-21.580217,-5.814355
1,1,0.9999996423721313,emuru,9897,his surviving submarines a good deal harder than,19.575476,6.6653266
1,1,0.9991387128829956,emuru,10034,off the plane with him were talking .,49.02478,-21.468704
0,0,0.0012631748104467988,iam,8274,"24 , 1905 , a Sunday , Sub-Inspector Peacock , of",8.698354,-9.187364
0,0,1.0996897259474281e-07,iam,8922,"currence , while ' General Adam was at Corfu the whole",-11.24383,5.574867
1,1,0.9999998807907104,emuru,7556,about one third of a page of Souter's print .,18.770012,9.995811
1,1,1.0,emuru,10200,"he shrugged diffidently , "" I like the work . One gets plenty",27.235947,-24.29419
0,0,3.66000392659771e-07,iam,9162,can you . Look over there . ' He pointed to the,-14.4627285,3.0082672
0,0,6.140144250821322e-06,iam,7990,it added immensely to the interest,-14.797864,20.753864
1,1,0.9972530007362366,emuru,9857,give me a ring at this number and I 'll,19.835299,-16.751453
1,1,0.9999654293060303,emuru,9279,""" Afternoon , Mr. Roberts , "" he called , polite ,",10.114841,6.762345
0,0,1.4917682165105361e-05,iam,7954,he was a little more systematic . To drift,-33.8654,28.347544
1,1,1.0,emuru,8453,By delicate application of odours and richly-distilled,5.24119,-0.66737837
0,0,7.663416909053922e-06,iam,8372,"tongues ; unreasonable surfeit , too , in the",-30.115423,-6.790949
1,1,0.9999873638153076,emuru,8382,"out of Italy into France , we are told ,",8.032539,-6.0714726
0,0,3.3338876619382063e-06,iam,9161,shadows beyond the river . ' Something moved . ',-26.968073,-2.4847553
0,0,0.00034395651891827583,iam,10357,miraculous recovery and Sandra would,-38.739986,5.622367
1,1,1.0,emuru,9106,"say a word about it , Lester wants his",33.038555,-8.68541
1,1,0.9999624490737915,emuru,9623,"man was , she thought impatiently ,",20.235853,-10.956257
0,0,0.00015400098345708102,iam,8251,proposed to build the Box Tunnel .,-13.101226,-13.218119
1,1,0.9996685981750488,emuru,9487,movements of the Bentley . It had passed,17.951368,-18.742395
1,1,0.9999988079071045,emuru,10014,"the fourteenth century . """,47.819748,-24.673918
1,1,0.999967098236084,emuru,9486,previous night . He worked out the distance,52.858482,-18.523224
0,0,5.868368475603347e-07,iam,8649,"war , there was a constant stirring of",-31.65972,-8.468576
0,0,3.006806537086959e-07,iam,7540,Gospel represents the work of generations of,-14.09714,2.1510808
0,0,1.0127073437615763e-05,iam,9431,sounded so charming and appeared to be so,-14.343423,14.359496
1,1,1.0,emuru,9648,rocks in an' out o' de water .,9.80821,-13.62695
0,0,7.859314791858196e-06,iam,9433,efficient .,-3.186165,10.431796
0,0,4.487154456001008e-06,iam,8906,in the winter of 1914 and 1915 the matter of War Pensions,-25.731228,7.6119714
1,1,0.9989235997200012,emuru,8243,them was one of the most dangerous jobs con-,22.646267,-13.708908
1,1,0.9999995231628418,emuru,10330,He looked nervous . It had been,54.24389,-24.12764
0,0,3.164503368680016e-06,iam,8610,on land . Gaunt was compelled to give up his search for,31.287735,-4.8054447
1,1,0.9999984502792358,emuru,8987,people - who are probably falling all over them-,59.233776,-17.651873
1,1,0.9999963045120239,emuru,9245,""" Where are we going ? "" he echoed Cadwallader .",6.026554,-2.9673774
0,0,7.21909714229696e-07,iam,10267,hospital .,-16.096735,17.82086
0,0,2.1745870526501676e-06,iam,8280,the Feathers Hotel to await identification .,-26.523014,15.594334
0,0,4.370321676105959e-06,iam,7557,manuscripts . A common size of column would hold,-31.436508,-4.9123044
1,1,0.9999779462814331,emuru,9175,would be inopportune ; and with the idea came,61.95721,-15.184631
1,1,0.9949677586555481,emuru,8221,"description , but the man was not traced .",49.297874,-14.915094
1,1,0.9999964237213135,emuru,7516,"has rung a couple of times , calls from",19.894482,7.6386003
0,0,1.2920833796670195e-05,iam,7925,"in one place , their lives were of one",-10.816982,13.968729
1,1,0.9999992847442627,emuru,7800,"by Calvinists and Puritans , and the sentiment was",23.781574,-25.787
1,1,0.9993185997009277,emuru,7897,and is in fact no differently regarded than,12.028034,-14.854155
0,0,1.2853708142301912e-07,iam,8030,known comment on the verse ; quoted by,-32.29238,13.736713
0,0,0.00010418510646559298,iam,8838,"the Church Socialist League , genuinely advocated",-7.47778,13.407052
0,0,0.004909863229840994,iam,9692,"reached the pier , the judge on legs",5.646921,-23.591576
1,1,0.9999221563339233,emuru,8769,ventricular content .,13.653121,17.67464
0,0,4.323254870541859e-06,iam,7810,but to a child they are very real . Not that I am suggesting,-1.2254896,18.437555
1,1,0.999995231628418,emuru,9452,scanner could be adjusted to cover any,21.034954,-14.681471
1,1,0.9999954700469971,emuru,9327,"Stared back did Price the Provisions , unwinking .",12.811542,-2.490535
1,1,0.9999982118606567,emuru,9723,"down , exposing its shallow keel .",59.913628,-24.24382
0,0,0.002063149819150567,iam,7771,minor except for the new section on the Sacraments,-2.1325555,14.912573
1,1,0.9999992847442627,emuru,7996,"- you must , for example , do your shopping on the morning of",6.4873033,-14.044944
1,1,0.9999998807907104,emuru,10187,"word shouted into her very soul a horn of warning , and",59.395256,-14.6539955
1,1,0.9999394416809082,emuru,9864,lying in pairs alongside the jetty at Fort Blockhouse .,-14.674959,-17.704844
1,1,0.9999977350234985,emuru,8595,"Wagner was a highly practical feeder . He ate very fast ,",58.29031,-15.639648
0,0,2.7436542495706817e-06,iam,8890,such a beautiful building with suitable fittings ; I made,-24.045172,16.121475
0,0,0.00010447183740325272,iam,8488,If that country had not been for so long a battlefield red,-21.429007,-3.3991551
1,1,0.9999974966049194,emuru,8444,to their aid .,23.008593,-2.8566716
1,1,0.999954104423523,emuru,9812,"bit of a humorist , aren't you ? "" said",62.77238,-17.132458
0,0,6.292929128903779e-07,iam,9815,"right ? "" "" Who told you ? "" "" Little bird .",-27.044127,-9.645866
0,0,0.00011162157898070291,iam,8656,ceptions of governmental duties must be,-12.045713,29.022669
0,0,9.874065654003061e-06,iam,10086,as Gay drew out a chair and sat,-38.628326,3.0363243
0,0,3.631008951288095e-07,iam,7914,far greater simplicity than their successors .,-18.898033,-13.974727
1,1,0.9999998807907104,emuru,9574,You made some sort of a protest to Graybury .,10.85557,-17.780657
1,1,1.0,emuru,10319,She went back to Philip . But,6.6621394,-21.494415
0,0,2.999208663823083e-05,iam,7733,Derush ; ( 4 ) Leaning-back represents Saud .,-40.09619,-4.7564373
1,1,0.9999890327453613,emuru,9232,the fact that the green earth was falling,30.265268,1.0213497
0,0,4.8162542952923104e-05,iam,9782,"Commander , "" he said . "" Now what about that",-24.449575,-13.433149
0,0,7.545849030066165e-07,iam,8493,Foodlore reflects much more of national temperament,-31.65229,0.7244927
0,0,0.00015379568503703922,iam,8096,"movements , although primarily",-28.72495,28.758595
1,1,0.9999889135360718,emuru,7785,just learning to read . James was followed by,36.34861,-27.112925
1,1,0.9999994039535522,emuru,8465,clarifying the functions of the brain . It,44.3175,-18.380428
1,1,0.9999991655349731,emuru,9382,are slaves to it . Only an outcast is free . Because,13.136435,0.5294132
1,1,0.9998828172683716,emuru,10364,purpose than the throwing of dust in his,40.778954,-22.17544
1,1,0.9998983144760132,emuru,9348,"When you come here , when you come to the True",14.330952,6.222523
0,0,2.2819479283953115e-07,iam,9811,""" You know a great deal about me , """,-17.675064,36.047455
1,1,0.9996708631515503,emuru,8587,on the table cloth to examine the marks on the back,23.305365,-20.235498
0,0,4.060433275299147e-05,iam,9167,"to other day , my lord . A being of whom",-16.528198,27.262997
1,1,0.9997522234916687,emuru,8108,miles farther south before they,26.48507,-15.100636
1,1,0.999901533126831,emuru,9300,his Eth . Morfydd thought of Dai . The,3.333078,-16.863918
1,1,0.9999943971633911,emuru,9662,with part of that howling northwest gale .,21.561247,-3.238757
0,0,6.445710369007429e-06,iam,9498,"To Beryl , at least , this was anti-climax with a",-15.210229,31.954302
0,0,2.8363074306980707e-05,iam,9454,"Plain of Lombardy ; to the right , Turin ; to the",-30.241076,17.827763
0,0,0.0015750890597701073,iam,8305,So the body of this small girl with the blue eyes and,-4.9688067,-2.819576
1,1,0.9996135830879211,emuru,9353,"Lily-yo said , doubtingly . The Captive with the",18.781225,-2.3092134
0,0,5.42529141966952e-06,iam,8175,"for an unknown period of time , until",-35.825523,-3.025388
1,1,0.9999924898147583,emuru,8576,been blind to the charms of turbot and,2.6334858,2.4097528
0,0,6.805772864026949e-05,iam,10276,words . ' I wonder you dared trust,-29.96041,28.29822
0,0,8.190207267944061e-08,iam,8014,"R. Joshua b. Levi . ) Finally , we note that",-32.574104,13.955301
0,0,1.2402683751133736e-06,iam,8006,"too , are necessary , but a careful examination",-38.860023,7.5883827
0,0,4.421966877998784e-05,iam,9658,Around that rounded rocky promontory where the,-16.049799,13.890162
0,0,4.035603353713668e-07,iam,9959,we figured would lead to the miners' camp .,-9.922786,33.73358
0,0,1.914490184162787e-07,iam,7998,sit down quietly and make a list of everything she has got to,-5.5003347,23.943848
0,0,0.0018865527817979455,iam,8445,confine the resources of the table to the gratification,-0.83489895,23.327456
1,1,0.9959263801574707,emuru,9666,"by trying to come home now , even if he did promise ?",4.627865,10.525735
1,1,0.9995131492614746,emuru,9027,gave the impression of having been thought out and,23.53961,-6.596224
1,1,0.9998225569725037,emuru,7799,"with James and Charles , the Puritans argued ,",2.316628,-0.83222395
1,1,0.9999997615814209,emuru,10138,He 's getting on well but is pretty helpless still with his,44.12799,-19.230574
1,1,0.999968409538269,emuru,7660,"the wish of the Lord , failing to serve the",17.073404,9.283073
0,0,6.713838047289755e-06,iam,9241,his ticket-punch nervously . Peered out of,-19.538816,17.529451
1,1,0.9986226558685303,emuru,8461,board . The gratification of the sense of smelling,3.1974623,-2.5051596
1,1,0.9999780654907227,emuru,9284,"Joy . At last he caught up Mr. Roberts ,",8.944352,-6.1608305
1,1,0.9999979734420776,emuru,8937,"made a will in Augusta's favour , she had",11.731149,-17.733059
0,0,3.784090722547262e-06,iam,7511,offering to drop by for a chat .,-9.187277,-3.6578488
1,1,0.9991022348403931,emuru,8359,admittance into an acquaintanceship far more,19.175056,-8.742736
1,1,0.9999998807907104,emuru,8856,elections . In the Sheffield Trades and Labour,20.91585,-19.909899
0,0,4.277943389752181e-06,iam,9394,"asked . ' What else ? Flor and Lily-yo , you arrive",-29.57539,17.9818
1,1,0.999607503414154,emuru,7917,that it taxes the mind . Two hundred,13.602275,-11.040062
0,0,0.00021087602362968028,iam,8822,"on West Street , where a successful Sunday",-3.2693224,17.458473
1,1,0.9999817609786987,emuru,10299,when you reach your parents',48.54438,-23.113928
0,0,1.108720226739024e-08,iam,7878,tiredness - such as when your wife mentions,-45.25437,2.818453
0,0,4.3891013774555176e-05,iam,7578,"the roll , a sheet could easily be glued on .",-4.9997478,15.640452
0,0,9.150157076476262e-09,iam,8729,"of Canterbury and York were to pay ten marks ,",-20.422762,-10.07746
0,0,2.0389595078995626e-07,iam,8837,"subjects , for being well acquainted",-13.125865,18.94086
1,1,0.9999948740005493,emuru,8641,the story of the prelude to the,13.653633,-2.5724444
0,0,3.873476089211181e-05,iam,10235,Nigel often had to think hard to sort,-34.099117,24.156548
1,1,0.9999524354934692,emuru,9194,far from our minds that at any moment we were,1.3751796,1.6273028
0,0,2.9943161280243658e-05,iam,8018,The sugya is built around the saying of,-6.5498796,18.631021
0,0,0.008619393222033978,iam,8854,work . The British Socialist Party endea-,-36.8761,-4.7292967
0,0,9.121792032829035e-08,iam,10243,""" You just gave it back to me . "" "" I",-27.508831,17.550135
0,0,1.4189886314852629e-06,iam,9968,shack and as we got near someone inside bawled,-12.868127,29.431217
1,1,0.9999973773956299,emuru,8313,"evening at about seven o'clock , telling her room-mate , Emma",20.13146,-2.2369545
1,1,0.9999958276748657,emuru,9750,than her usual cordiality and flashed a warning,11.427792,-12.9465885
1,1,0.9999717473983765,emuru,8281,"Was it a case of suicide , where some unhappy soul",25.209564,-22.455524
0,0,3.657743218354881e-05,iam,9042,"been a normal business-day bustle , except for two anomalies .",-15.713177,7.1436553
1,1,0.9999979734420776,emuru,9947,"into draws , circling a big mesa by a",6.3022733,-3.7409298
1,1,0.99982088804245,emuru,8217,for a man who had been seen leaving the train,2.8162935,3.5876048
0,0,0.008254701271653175,iam,9067,"furniture in the second year , "" she moaned . She",-27.34823,-5.360141
1,1,0.9999865293502808,emuru,9365,young . You may be able to have babies . Some of those,17.515165,8.888504
0,0,0.000104313156043645,iam,10058,sitting just inside having coffee .,-33.460926,25.690105
1,1,0.9999996423721313,emuru,7683,""" And then the Lord's wrath be kindled against you , and he",42.319134,-17.5589
0,0,6.81952428749355e-07,iam,9495,"own veranda , that he had taken the liberty of",-34.165546,11.108419
1,1,0.9998444318771362,emuru,9605,your knowledge of all the affairs of the,15.209164,-9.662928
0,0,0.010694866999983788,iam,8564,intellectual faculties . Bunyan's break-,-44.745304,13.07175
0,0,0.0002300265769008547,iam,7510,other chums sniffing the wind and,-7.7399178,-1.4935502
0,0,3.7774021620862186e-05,iam,9107,"That 's how he got the votes , that 's how",-27.338026,16.275928
1,1,0.9998040795326233,emuru,8340,borrowed straight from the prehistoric . How,27.635412,-8.847456
1,1,0.999988317489624,emuru,7476,such as a chair and a motor-car . The idea is to see what happens when,59.334183,-23.422712
0,0,1.1191499424967333e-06,iam,9340,"' But we - ' ' Stop your stupid talk , woman ! ' ' We are - '",-17.002253,10.734607
0,0,0.007969757542014122,iam,8342,Suffice to say that few of us stop to marvel at,-1.4170645,6.744909
1,1,0.997342050075531,emuru,10154,rather a sense of relief now that she,-24.187325,-13.520094
1,1,0.9999942779541016,emuru,7865,than when they went to bed . We may begin,8.567245,-11.524034
1,1,0.9999991655349731,emuru,8283,had walked deliberately into the blackness and,16.153961,-5.994658
1,1,0.9999998807907104,emuru,9615,I doubt it . He 's about as easy to push around,31.469393,-8.735199
1,1,0.9998167157173157,emuru,9519,earned gratuity to his native village at the,67.12086,-16.185383
1,1,1.0,emuru,10202,"suppose , to meet me for supper somewhere ? "" she had",7.6752768,15.85898
0,0,0.00015947384235914797,iam,9050,little sorry if we were not back for Christmas,-32.05365,21.657024
0,0,3.267845022492111e-05,iam,10135,"feeling self-conscious and awkward , sure that",-35.87039,7.9703836
1,1,0.9999831914901733,emuru,7961,the pressure on over-crowded trains .,45.98883,-20.900564
1,1,0.9999842643737793,emuru,8165,"be by actual contact , or by sight reaction to the disturbed",31.612581,-8.674791
0,0,0.001983637223020196,iam,7701,"bind them to have the vision and then "" And 1ye",-0.0338558,14.486084
1,1,0.9989080429077148,emuru,10093,felt wretched beyond words .,63.80829,-16.417805
0,0,1.3174086234357674e-05,iam,9929,"Dan ? "" "" Know what ? "" "" That he 's dead , """,-29.40177,13.914363
1,1,0.999997615814209,emuru,8261,sounds in a confined space combine to produce a,20.067316,6.1629167
1,1,0.9996010661125183,emuru,9932,leading to the ridge . I followed . From the,63.507084,-18.540737
0,0,0.001005092984996736,iam,9639,"And then she received a jolt . Old Hubert , standing",-30.737503,-2.467487
0,0,0.00025296234525740147,iam,7935,and to do so inevitably builds up tensions which,-5.0007644,15.468422
1,1,0.9999953508377075,emuru,9555,to say - and all you can do is to find,17.431274,2.0246515
0,0,8.369301212951541e-05,iam,7992,into a dull routine . I have great,-24.64348,27.224709
1,1,0.9955230951309204,emuru,9129,"to be diverted , however , with the single exception of one",22.26436,-11.128207
0,0,6.140691084510763e-07,iam,8112,other banks are most of them,-33.45927,12.404995
0,0,2.1408992356697354e-09,iam,8730,the Duke of Lancaster and the Archbishops,-20.958708,-10.21945
1,1,0.9999967813491821,emuru,9094,"duties and his wife , in the manner of middle-brow",12.736127,-11.823205
0,0,2.467589183652308e-05,iam,9616,an attempt to show my lady-love that I,-13.195612,-8.492334
1,1,0.9983735084533691,emuru,7693,"in the first part of the Shmah , we have first "" and",25.273417,-7.772457
1,1,0.9802344441413879,emuru,9282,He had seen no sign of an accident .,66.43823,-16.975601
0,0,3.473354865946021e-07,iam,8287,thrust in her mouth like a gag .,-21.393959,18.705671
1,1,0.9999988079071045,emuru,9746,man who was staring moodily into a gin,20.044493,2.252997
0,0,2.398510105194873e-06,iam,8307,"identify her as his sister , Mary Money , aged twenty-two .",-11.629438,-0.14860764
1,1,0.9997926354408264,emuru,7758,"James had grown up in Presbyterian Scotland ,",7.597523,-14.551172
0,0,1.0646697319316445e-06,iam,8316,"Hone , that she was going for a walk , but would not be",-42.522087,5.7592225
1,1,0.9997904896736145,emuru,8397,that amazing epoch of grossness and,25.786253,3.7747042
1,1,0.9999960660934448,emuru,10327,said instinctively : ' I told him,-1.5921842,-7.243669
1,1,0.9999221563339233,emuru,9170,"' Bottle-Foot , my lord . ' ' Bottle-Foot ? ' His lordship",0.004862763,-21.166744
1,1,0.9999998807907104,emuru,8791,"' And while the heart is slowly dying ,",32.41924,-16.190863
1,1,1.0,emuru,10360,the deceit . The lies . ',3.863825,-13.780582
1,1,0.9992737174034119,emuru,8845,"Christianity , common ground could be found .",46.49134,-20.511366
0,0,4.486410034587607e-06,iam,8794,ventricular one slowly and,-19.47582,16.75981
1,1,0.9999940395355225,emuru,7578,"the roll , a sheet could easily be glued on .",13.44055,-13.197588
0,0,2.8830160658799286e-07,iam,10115,"heart out over ? "" Doc nodded towards the door . "" You",-22.79183,18.369526
1,1,0.9999558925628662,emuru,7844,should pass from Him . Jesus shows us,23.198303,0.53676385
0,0,9.270438567909878e-07,iam,10204,""" Bless you ! I hope Luke is suitably grateful , darling . "" "" Oh , well , """,-36.387386,18.187605
0,0,1.1500420441734605e-05,iam,9875,through the open windows of the Captain's house . It,-37.803337,0.71807444
1,1,0.999993085861206,emuru,9478,"conference in Bruce Denton's office , been whisked",13.377598,-3.674818
0,0,9.854085874394514e-06,iam,10056,"can't find a table for two . """,-35.917618,29.065804
0,0,1.0273198540744488e-06,iam,7649,"shall come to pass , if 1ye shall 1hearken",-26.5345,13.665578
1,1,0.999983549118042,emuru,10001,Mr. Copthorne was on dry land in a church,61.11148,-19.480827
0,0,7.198612001957372e-05,iam,9055,Then he would go back to Plato for a final spell of,-24.616632,21.966267
0,0,2.603343818918802e-05,iam,8768,or in flagging warmer ones . At the time of its movement,-19.129148,-16.138947
1,1,0.9744631052017212,emuru,7808,"to face their fears , to see through them and come out on the",26.457808,-7.5141363
1,1,0.9999959468841553,emuru,9953,"rough country , sliding on shale , climbing down",26.2301,-20.32241
1,1,0.9999997615814209,emuru,8184,Then they stop swimming and are caught . In,18.55613,-12.255165
0,0,0.0005958319525234401,iam,8220,"defective , and , despite his claim to infamy ,",-26.054327,12.929393
1,1,0.9999790191650391,emuru,7581,Against these advantages the codex was fragile and,27.005178,-7.257777
1,1,0.9999992847442627,emuru,8127,the robin who gets back exactly may be,35.180508,-26.912718
0,0,1.0655124242475722e-05,iam,8121,"the drift , it probably has a survival value",-36.028748,25.995718
0,0,4.3380982788221445e-06,iam,10318,"where was happiness , or",-16.462875,20.936228
0,0,2.9891741633036872e-06,iam,9033,at home . Steve switched on Dan's,-31.64145,-2.4591923
0,0,0.00016664246504660696,iam,9647,"3"" He powerful anxious , poor Mistah Piers .",-37.874405,12.53085
0,0,9.891632544167805e-07,iam,7494,"C O believed him . Courtenay played the part with a gawky ,",-32.19076,3.96111
0,0,3.0419849281315692e-05,iam,9206,damn bus .,-35.428265,12.413187
1,1,0.9999836683273315,emuru,9290,"he found was Morfydd's mam , working",12.527638,6.274592
1,1,0.9999294281005859,emuru,7920,"In other ways , too , life for the ordinary",50.2242,-17.232111
0,0,6.433762678170751e-07,iam,8905,' Coulsdon and Purley Patriotic Fund ' in whose counsels and committees,-24.955664,7.90033
1,1,0.999993085861206,emuru,10336,Her eyes darkened in torment . ' Are,10.039515,-18.395176
1,1,0.9999997615814209,emuru,7762,"spoiled that . The Puritans had high hopes , for",28.935474,-6.7925134
1,1,0.999950647354126,emuru,9440,no permanent image .,8.139389,15.158453
0,0,5.361126795833115e-07,iam,10120,who doesn't care two jots for your feelings .,-34.50308,4.1040864
0,0,0.0032391687855124474,iam,7969,which it engenders . But I am not arguing,-32.0889,-6.7371883
1,1,0.9979396462440491,emuru,8174,it reaches them . They move away before,19.93616,-19.057034
1,1,0.9999867677688599,emuru,9446,ground immediately ahead .,22.448002,-0.77782935
0,0,0.00044530417653732,iam,9578,thoroughly enjoying Forrest's company in,-24.715324,26.563126
1,1,0.9999841451644897,emuru,10294,' I will leave you the necessary pre-,24.957232,-19.291212
1,1,0.9999891519546509,emuru,10337,touched him after the cold wind,-2.0540578,-8.549522
0,0,6.355684689651753e-08,iam,8361,programme of entertainment almost,-30.766666,0.24388163
0,0,4.262798756826669e-05,iam,9772,"yourself , "" she said with mock severity .",-30.134438,31.411144
1,1,0.9999479055404663,emuru,9488,him at the temporary bridge over the,51.80701,-22.83735
1,1,0.9999970197677612,emuru,9992,"be open . It was . He entered , and seated himself",11.056352,-3.726797
0,0,8.50589856327133e-07,iam,9357,"fleshless jaw said , ' The grub of the tigerfly thinks",-21.285973,9.262842
1,1,0.9999961853027344,emuru,8744,baronage with rarer luxuries than those,14.982357,6.743763
1,1,0.9999949932098389,emuru,8061,a familiar interpretation which had,18.14497,-6.952977
0,0,0.00042413960909470916,iam,8423,"length subside , He throws a bed of glowing",-5.9097843,4.953518
0,0,1.4101971828495152e-05,iam,8158,in the constancy of this great herring fishery .,-5.8209634,7.8493567
1,1,0.9999997615814209,emuru,9633,"toothless mouth stretched in a wide grin , told her",-1.8829914,-22.886982
1,1,0.9995129108428955,emuru,8205,Day by day the police followed up likely and even unlikely,44.206482,-21.61543
1,1,0.9999898672103882,emuru,7921,work . The only connexion is the,6.059813,-5.6753535
0,0,5.3670887609769125e-06,iam,8923,to Douglas Kinnaird saying that it was incorrect,-8.586729,10.570072
0,0,0.000391912879422307,iam,8417,"would , because Esau sold his birthright",-30.439781,-10.252503
0,0,3.595903399400413e-05,iam,7752,people . ( 1 ) I will bring you out from under the,-32.802517,3.9838452
0,0,0.00010517030750634149,iam,8635,"Brittany was compelled to attack via Calais ,",-2.544783,10.958275
0,0,5.5846037867013365e-05,iam,9179,"strange , the unwelcome , the almost",-7.317095,12.198609
1,1,0.9999849796295166,emuru,9847,disposed towards each other .,26.68709,-3.0962808
