true_label,pred_label,prob_fake,source,idx,text,tsne_x,tsne_y
0,0,0.007053598761558533,iam,7957,commerce may be kept going - though if ever,-3.9085865,7.4135957
0,0,0.0014148206682875752,iam,9341,"' Be silent , woman , and listen , ' Band Appa Bondi said .",-26.430067,18.99789
1,1,0.9999971389770508,emuru,8143,"Easterly winds , on the other hand ,",37.83941,-34.398838
1,1,0.9860627055168152,emuru,10368,"just dusty-grey but muddy , slimy even .",19.727375,15.909773
0,0,1.96381266803769e-09,iam,8651,needed taxation in order to supplement,-20.805332,36.158764
0,0,5.213323994723851e-09,iam,9756,glance at him . Evidently the other occupant,0.44700745,6.6991134
1,1,0.9986009001731873,emuru,7811,that children should be molly-coddled - they must be made,-4.476509,-8.087816
0,0,6.044842848496046e-07,iam,8369,The truth is that good food offers a,-2.0388274,20.778942
1,1,1.0,emuru,8669,was quite alien to mediaeval thought - its,13.168513,-6.429563
1,1,0.9858846068382263,emuru,10289,coronary . And in that second,42.186874,-42.028164
1,1,0.9999781847000122,emuru,10203,"Junior Medical Officer . "" You won't be free about nine , I",13.6075325,0.3181728
0,0,2.845790731953457e-06,iam,9447,make a direct comparison between the radar,-27.812544,11.201185
0,0,1.9535086721589323e-06,iam,7551,"bar , and there are cases where spacing is used as",-26.944979,4.1501265
0,0,3.309824751340784e-05,iam,9614,"with Sir John ? "" she enquired cuttingly .",-14.364634,3.931583
1,1,1.0,emuru,7499,"The film replaced "" What 's My Line ? "" and "" Be My",19.242739,-10.559453
0,0,2.5579955931220866e-08,iam,9523,ignorant child .,-35.978397,16.403807
0,0,3.3803178666858e-05,iam,9234,Morfyyd Owen was already qualifying for,-12.582368,3.3778517
0,0,2.2995997994712525e-07,iam,9777,"strangers - that 's right , John , isn't it ? "" "" My",-28.5316,34.212082
1,1,0.9999880790710449,emuru,7983,sympathy with the young wife,35.874294,-34.070614
1,1,0.9999996423721313,emuru,9077,not submerged beneath a deep natural atmosphere .,36.52877,-23.0034
0,0,3.1155067414800897e-09,iam,9300,his Eth . Morfydd thought of Dai . The,-24.70702,31.475378
1,1,0.9999998807907104,emuru,7761,the throne . He was quite prepared to be,7.3020387,-3.0606833
1,1,1.0,emuru,7794,mutual . But Laud was no Romanizer . One of his,23.104328,-15.341836
0,0,2.4871852133401262e-08,iam,7790,Prayer Book in 1637 . Significantly this made,-16.086147,3.2547154
0,0,2.9234919907139556e-07,iam,8366,"banquets of later days , when the table",-27.559841,8.110928
0,0,6.821100129172919e-08,iam,8816,"and Red Flag badge , thus presenting a much",-21.1979,34.237747
0,0,7.999840789807422e-08,iam,7574,information is contemporaneous with the New Testament .,-17.637804,19.116058
0,0,5.302577932297936e-09,iam,10043,laid his hand on hers . Gay smiled at him,-25.060673,-5.486162
1,1,1.0,emuru,8107,In this 200-fathom trench the herring do not touch the bottom .,24.974092,-19.06956
1,1,0.9999998807907104,emuru,9612,But Forrest might at least have tried . He 's,31.594408,-22.323122
0,0,0.001790312584489584,iam,8034,need for the text of the angel are quoted,-16.653875,9.537367
0,0,0.01938634179532528,iam,10194,liked during his off-duty periods,0.75677687,23.533731
1,1,1.0,emuru,9672,black eyes showing any emotion . With a,27.169374,-19.823843
0,1,0.903845489025116,iam,8862,"with a book on the life of Marx ,",42.675568,-39.618023
0,0,1.2592468179306593e-09,iam,7515,and who is now being pluckily convivial,-32.270138,2.1727803
1,1,0.9999953508377075,emuru,8517,"science of cookery , however , is",10.545326,6.5906124
1,1,0.9999973773956299,emuru,10282,"And as he spoke , the thought",43.408024,-36.53459
0,0,0.0010597450891509652,iam,7709,"are used on Passover , to depict the "" time of our freedom "" .",-18.548431,22.34592
1,1,0.9999994039535522,emuru,8766,"such as serpents , frogs , and the like .",4.467072,-16.60802
1,1,1.0,emuru,8279,"The Merstham Tunnel , on the London-to-",30.58108,0.53971946
0,0,1.7642136072026915e-06,iam,8078,revived with designs suitable for contemporary,-12.362585,-6.349124
0,0,0.008695184253156185,iam,9343,"rays , not seen or felt , which change our bodies .",14.107256,13.599318
1,1,0.9999998807907104,emuru,8476,"alive , dipped in treacle and swallowed",38.315205,-27.021303
1,1,0.9999583959579468,emuru,8332,would not do ; nothing an American would not,11.514359,-6.0142403
0,0,1.9066620779994992e-06,iam,9674,"Willie Kim was speechless , only his slant",-10.573285,17.035322
1,1,0.9995635151863098,emuru,9626,on the estate was a major error :,39.951828,-40.26765
1,1,1.0,emuru,10050,"would never be jealous again , would even take Larry's advice and",21.773815,-14.378215
0,0,3.2716081932449015e-07,iam,8344,ladies toying with these primitive morsels in the,-22.005245,0.48770595
1,1,1.0,emuru,7504,strike . It showed Britain today through the eyes,22.306414,-18.10893
0,0,2.4836640477587935e-06,iam,7915,to live a day at a time . Even those who,-34.36746,6.5330515
0,0,5.5026084737619385e-06,iam,7491,"him of his ugly battle-dress , to leave him for",-9.912605,18.343761
1,1,0.999998927116394,emuru,8707,officials had formerly made private bargains,14.636929,-21.322502
0,0,2.5929521143552847e-06,iam,8207,named Brown .,-17.208832,20.930239
1,1,0.9999998807907104,emuru,8204,"which to proceed , and the inquest was",42.853447,-32.015144
0,0,2.224909367853911e-09,iam,8653,taxation not merely for defence and,-31.927061,0.5900564
0,0,1.5377597151200462e-07,iam,10049,"moon was just rising over the rocks , then",-17.101976,17.641178
0,0,2.3869446863500343e-07,iam,9237,""" Where are we going , Mam ? "" inquired little",-12.26334,3.4011128
0,0,1.2689224604400806e-06,iam,8773,contraction of the ventricles . Going on in Chapter Three,-32.34949,7.204126
0,0,2.2009269741829485e-05,iam,9862,""" Ever been to Fleet Street ? "" asked Bawley .",-3.5821922,18.451145
1,1,0.997286319732666,emuru,7953,aimlessly along is more wearying than any-,-2.9520237,-2.0725448
0,0,1.846351551648695e-05,iam,9857,give me a ring at this number and I 'll,-18.807615,-2.525466
1,1,0.9999974966049194,emuru,8655,"crown lands , the fees of feudalism",18.372301,13.212168
0,0,4.916653779218905e-06,iam,8237,yet so strange were the circumstances that it was,-26.817507,9.935728
1,1,0.9999995231628418,emuru,8650,those in authority to find some simple,-5.058028,-18.115385
0,0,6.506281380325163e-08,iam,8248,"of a railway will be worse than Ipecacuanha , """,-29.335281,9.577542
1,1,0.9999997615814209,emuru,8634,"Calais , Cherbourg , Brest , Bordeaux and Bayonne ,",-2.7417605,-21.05598
0,0,0.021499978378415108,iam,9937,"unreadable as a rock . "" Let 's get over to the",-11.608304,-15.06294
1,1,1.0,emuru,8028,texts to support the thesis of R. Joshua b. Levi .,24.840536,-20.330458
1,1,0.9999079704284668,emuru,9221,precious than jewels . Though Mofydd Owen,39.220253,-40.489044
0,0,2.4617371252588782e-08,iam,8540,waxed enthusiastic about Bouilla-,-22.21454,28.6477
0,0,0.00011669834930216894,iam,9035,"Finally , being so obviously on their own ,",-13.884837,-11.151183
0,0,0.0001537080097477883,iam,9626,on the estate was a major error :,-6.143365,18.319517
1,1,0.9999990463256836,emuru,9307,On the back seat Stan Hayball embraced,9.333304,14.486792
1,1,0.9987969398498535,emuru,8822,"on West Street , where a successful Sunday",7.876047,-16.537943
1,1,1.0,emuru,8946,"over his head and yawned agape ,",13.518057,-16.715052
1,1,0.9999912977218628,emuru,7992,into a dull routine . I have great,37.265285,-26.788063
1,1,0.9999995231628418,emuru,8486,"it and dry it , in which form , dusted",43.62056,-36.78554
1,1,0.999946117401123,emuru,9636,"would be 3"" plenty , plenty sad "" not to be back",4.5848856,-8.892512
0,0,1.0627655910866451e-06,iam,9210,"reasonably . "" Start running punctual and where are you ? People get",6.0435724,20.851421
0,0,0.000694122223649174,iam,9787,""" Oh , the Press , "" said Seaweed . "" Down here on business , Mr.",-23.411417,18.344246
1,1,1.0,emuru,8066,' The Holy Spirit manifested itself in three places :,24.512436,-12.534273
0,0,0.17858025431632996,iam,9197,"trees and bushes , that stood well out over the lake .",-20.775148,21.989233
1,1,1.0,emuru,7542,written in Greek . A modern text of the,-4.009884,-18.449385
1,1,0.9999973773956299,emuru,10291,will contact your new doctor,7.1851377,11.540265
1,1,1.0,emuru,7971,"As it is , with so much of our life already",17.578037,-4.359734
0,0,8.303582580992952e-05,iam,7840,the way to face life . To see all the latent,-26.520622,19.977571
1,1,1.0,emuru,8701,"first , the Church , which wisely followed the lead",27.795301,-16.824373
0,0,0.0010819280287250876,iam,8122,be accidental . Yet there will always be some,-11.379579,25.323328
0,0,2.4285205654450692e-05,iam,9183,"any rate they remained with us , perhaps",-19.95058,11.181623
0,0,0.0006617608014494181,iam,10209,dancing with a blonde at eight-thirty that,-20.341805,14.118728
1,1,1.0,emuru,7654,"Then the whole earth will be His Altar . "" And it",20.004534,-21.398043
0,0,0.000441237585619092,iam,9196,"was impatient for it . This afternoon , then , we climbed",-12.388248,26.745592
0,0,1.7207103519822908e-09,iam,8466,"According to Pliny , and others , certain herbs",-23.090101,8.33864
0,0,9.2370028141886e-05,iam,7734,how to live and accept all the bitterness,-16.182066,29.034157
0,0,4.326214479988266e-07,iam,8396,delicacy - sought inspiration at last from,6.735425,28.562391
0,0,1.6406900726906315e-08,iam,8640,then the primary essential to the success,-26.172993,-6.739447
1,1,0.9999817609786987,emuru,9201,""" Good-bye , Dai , "" said Morfydd , smiling from the bottom step .",33.509457,-18.994299
0,0,0.00023880385560914874,iam,10192,Now Nigel had every right to go where he,-9.094752,29.489685
0,0,1.174445873886043e-09,iam,8988,"know . Now , because of prior hypnosis we have es-",-26.296343,-4.626324
0,0,0.05075172707438469,iam,8266,victim was a woman .,-12.397234,27.60171
0,0,1.1484263540140205e-09,iam,8959,apartment he garaged his car and then stood,-23.585108,0.3894957
0,0,4.586581496823783e-07,iam,9105,"as a statesman . """,-16.230198,7.7870526
0,0,6.850057161500445e-06,iam,8189,essential to catch round fish whose,-22.200024,26.659065
1,1,0.9999997615814209,emuru,9580,"from him to fondle Judy , who , sensing something",28.809816,-33.251175
1,1,0.998325765132904,emuru,8519,proportion as exists among her,31.4886,-30.828798
1,1,0.9999998807907104,emuru,8446,they broke fresh ground and called another sense,19.042927,-8.873543
1,1,1.0,emuru,7705,back .,28.850021,0.77023214
0,0,3.968193880155013e-07,iam,9238,""" Damned if I know , boy , "" said the driver .",-14.938823,11.306698
0,0,1.3997110954733216e-06,iam,7912,held a high and responsible office lived in,-34.166557,4.6013875
1,1,0.9999992847442627,emuru,10288,of Philip lying in the other,37.06896,-25.200623
1,1,0.9999958276748657,emuru,8128,But this southerly migration is not,30.664524,-28.61741
1,1,0.9999977350234985,emuru,8869,"This opened up a new interest , and we plunged",6.820414,-18.985443
1,1,1.0,emuru,8481,Among the natives of Northern Australia lizards,27.465807,-26.650148
0,0,1.8566080228765713e-08,iam,8458,fainting appetite and added a more exquisite and,-21.960407,23.687922
0,0,8.33418107504258e-06,iam,9621,""" You think you could have carried more weight",-12.264264,9.855188
1,1,0.9999850988388062,emuru,9199,heart that Morfydd was leaving him as surely as she was leaving Dinas .,39.026474,-33.459496
0,0,0.00015115288260858506,iam,9339,the Heavy World become changed . Some die . Most live,-19.857561,8.834922
0,0,2.303843116280291e-09,iam,9491,miles .,-22.75647,30.045256
1,1,0.9999518394470215,emuru,9902,"for a hold-up as any , "" he said , reining in",1.1772126,-8.747424
0,0,0.00032930023735389113,iam,9403,with their wings soon died away as the wonderful,-14.654298,-8.990093
0,0,0.0006353532080538571,iam,9087,One wondered if this greater awareness of the physical cosmos might,-11.805533,-7.4620285
0,0,5.176217382540926e-05,iam,10268,"They often had such a rendezvous , for",-3.6593406,6.5431657
1,1,1.0,emuru,9589,"You see , it was , apparently , through a mistake",20.971098,-19.655815
1,1,1.0,emuru,8554,"household . Thackeray , of course , waxed enthusiastic",29.145838,-3.4856102
1,1,1.0,emuru,9745,"famous Portsmouth hostelry , second only in historic",27.872108,-16.892344
0,0,8.622458699392155e-05,iam,9668,being flung against the huge boulders did the judge,0.84758574,27.54848
1,1,1.0,emuru,10345,then Philip was so certain that Nicholas,31.194334,-19.348442
0,0,0.0005555967218242586,iam,8238,hazardous business .,42.835056,-39.402027
1,1,0.9999980926513672,emuru,8758,The only concession made in view of the,18.465841,15.384997
1,1,0.9120029807090759,emuru,9906,But I reckon they 'll be too busy shooting at,42.456314,-41.185307
0,0,0.0006197707261890173,iam,9902,"for a hold-up as any , "" he said , reining in",4.322347,28.964914
0,0,1.0388170267106034e-05,iam,8173,"it , swimming at the same speed",-13.56953,4.342389
1,1,0.9999065399169922,emuru,9651,did not act as though he found it necessary,-2.6437957,-6.4247317
0,0,6.176299211801961e-05,iam,7798,led us to believe . Laud was enthusiastically hated,0.6571349,11.00082
1,1,0.9999972581863403,emuru,7806,a sense of reverence . The Prayer Book was to be respected,21.993366,-11.631471
1,1,0.9999996423721313,emuru,9926,down with a shotgun outside the Palace,18.295208,11.036833
0,0,2.3019300954274513e-07,iam,9152,"if you ask me . Might be jaguar , might be ...",-19.15176,27.25047
1,1,0.99996018409729,emuru,9603,Beryl tried to suppress the thought that this was,2.5010185,-8.417274
0,0,2.434305379495072e-08,iam,8567,and a bowl of milk .,-26.873291,-2.8925366
0,0,0.000142889199196361,iam,8008,the comment of Rami bar Rabh is quoted,3.8942668,25.175598
1,1,0.9992890357971191,emuru,8809,12 o'clock at night . At that time pastries and buns,-1.4221677,-11.696022
0,0,0.0008272778941318393,iam,10096,with the cigarette packet which lay on the table,-4.348769,-4.9970937
0,0,3.528764835891707e-08,iam,7544,text with absolute precision .,-24.927807,1.7753314
0,0,4.5220101441145744e-08,iam,8298,"Both her wrists bore the marks of severe bruising ,",-10.673538,31.60277
0,0,3.48677858710289e-05,iam,7952,we would find life considerably less exhausting,-4.0484815,1.7335645
0,0,0.0004641796404030174,iam,8229,"a verdict of "" wilful murder against some person or",-0.593479,-5.243892
1,1,0.9984825253486633,emuru,7933,"homes . It is easy , desperately easy , to lead",-15.328558,22.657398
1,1,0.9999985694885254,emuru,8986,"take charge , as it were , of the minds of the",40.912407,-33.16425
0,0,1.2228087143739685e-05,iam,9064,a Mocrat Senator with a seat on the,-15.482907,32.31304
0,0,7.465438045528572e-08,iam,10074,seeming to clutch her heart . Gavin was,-16.271229,21.177103
1,1,0.9918535351753235,emuru,9499,asking Jack - as a representative of the Vallin family -,-4.347459,-15.344385
1,1,1.0,emuru,7817,unnecessary its fears were .,26.214937,-15.199713
0,0,1.6431333278887905e-05,iam,9198,""" Good-bye , Morfydd . "" He sought to enfold her in his arms . But he was too late .",-9.202782,3.876918
0,0,1.5053579716095555e-08,iam,8692,means of that ' staple ' system which ensured that,-26.904745,-7.4551926
0,0,2.041617153736297e-05,iam,7571,The other form of book was the codex . In this the,1.7360771,31.573254
0,0,0.0002936456585302949,iam,7985,To have order does not mean getting,-7.8913097,6.9031444
1,1,0.9999966621398926,emuru,7500,British personalities . Among them - Professor,31.929121,-33.332108
1,1,0.9986599683761597,emuru,9997,"boy , then a young youth . He saw himself refusing",30.26537,-33.22126
0,0,6.997912714723498e-05,iam,9874,talkative lady Madeleine respected her husband's,-8.558879,25.748878
1,1,0.9999995231628418,emuru,9675,""" My God ! "" the judge cried out . "" The boy",12.0054,-11.649965
0,0,7.868378837372347e-09,iam,10143,broken arm .,-20.172865,33.15002
0,0,4.855948282056488e-05,iam,8504,"and of Goja : it is vivid , highly coloured , sometimes",-11.32743,34.91068
1,1,0.9999997615814209,emuru,7773,able to render an account of their faith according,12.715419,-20.830069
0,0,7.787021786498372e-06,iam,7896,"inability to deal with life , especially under",-3.5063512,3.1938064
0,0,1.882072137959767e-05,iam,9925,With something of a start I remembered the,-6.458478,29.673742
0,0,0.0016491470159962773,iam,7600,enlarged to become reservoirs or cisterns in,-6.9184303,2.7956085
0,0,2.2530699425260536e-05,iam,8808,dously hard work was if anything intensified . George used to,-15.777685,-9.941344
1,1,0.9999923706054688,emuru,9839,"Service matters . """,4.140474,-1.9652433
1,1,0.9999940395355225,emuru,8532,and aesthetic as well as physical . There is the same finesse,12.753645,-2.2360451
0,0,7.839773968898456e-11,iam,8479,peoples have a high opinion of the octopus,-28.5431,-1.4063381
1,1,0.9999998807907104,emuru,10008,"hunted eyes , as if the poor fellow had rocks in",26.857304,-12.797167
0,0,4.189168248558417e-05,iam,8241,"The next female fatality occurred eight years later ,",-16.935617,8.192292
0,0,1.3522571862267796e-07,iam,8429,"how to do it , too : - When the languid flames at",-23.66161,27.408266
1,1,0.9999998807907104,emuru,9252,"he cried . "" Never mind your immortal",22.938135,7.7493653
0,0,3.707164751176606e-06,iam,8255,"immersion in gloom , and the clash of reverberated",-25.504627,18.785189
1,1,1.0,emuru,7959,it becomes possible to work out a system,31.653793,-15.830764
1,1,0.9999938011169434,emuru,10285,room filled him with a re-,38.04874,-25.80071
0,0,2.4152310288627632e-05,iam,9778,printed at the head of most naval articles,-4.6531167,28.046017
1,1,1.0,emuru,7616,Such a Shamir possesses the real acid,23.999872,-20.942125
1,1,1.0,emuru,8052,whether the Heavenly Court concurred,22.122904,11.678073
1,1,0.9999988079071045,emuru,9736,"what he likes . Anyway , why pick on you to succeed",16.516289,-21.813448
0,0,4.0523216739529744e-05,iam,7715,"so are we deficient without spiritual knowledge , and to",-25.149359,11.138724
0,0,0.2935599982738495,iam,8673,"booty , a new group of Lords might oust",42.543488,-42.01543
0,0,5.0378635023662355e-06,iam,10197,"found they were off duty together , and",-15.976872,9.331189
1,1,1.0,emuru,10030,went quickly back to fetch them .,25.81407,-19.791664
1,1,1.0,emuru,10190,when she was not free ; this much they had,21.737282,-15.593267
1,1,0.7486017346382141,emuru,9825,"John flushed . "" I 'm not in need of charity . "" "" Come",7.063733,25.310497
0,0,1.4286007171904203e-05,iam,7917,that it taxes the mind . Two hundred,-4.8693748,8.733358
1,1,0.9998775720596313,emuru,10103,and no doubt he would come back soon and,1.4271224,0.95274055
0,0,3.974690798713709e-09,iam,9590,hardly have spoken with more contempt .,-29.660702,-3.7767916
0,0,4.2360065890534315e-06,iam,8370,"dishes , and for all the blossoming of the",-26.49285,14.887948
0,0,2.6492071469874645e-07,iam,9059,"salary raise , on the expectation of which they",-11.944756,22.729525
0,0,0.00017931533511728048,iam,8140,but quite apart from this wind effect,-6.4972377,1.5334109
0,0,2.1847956304554828e-05,iam,9347,"stubbornly , throwing himself down . But Lily-yo and",-18.353731,9.617493
0,0,0.00013998337090015411,iam,8341,the progress of civilisation which allows a dish,-21.182398,-12.597503
0,0,9.187795058096526e-08,iam,8192,"small , a matter of a foot or two . With round",-17.22914,16.934418
0,0,0.03699524328112602,iam,9408,"Motion there was , but motion without event - except",-8.128365,-14.276917
1,1,1.0,emuru,9878,"silences , for she knew they betokened a worry of",15.453628,-14.796813
1,1,0.9999982118606567,emuru,9253,very moment when we should be,27.041952,-12.799992
1,1,1.0,emuru,8020,already in the hands of the Redactors .,21.134546,13.3543215
1,1,1.0,emuru,8389,nowadays their simplified meals would seem quite,27.142223,-6.5642414
0,0,1.5055810536068748e-06,iam,8379,"generously enough in his own fashion ,",-17.750566,30.823334
1,1,1.0,emuru,9107,"That 's how he got the votes , that 's how",16.207157,-9.495643
1,1,0.9999759197235107,emuru,9306,"Megan Thomas sat tight-lipped , nursing",6.8295503,11.715127
1,1,0.9999998807907104,emuru,8072,One can remember with horror the pictures of the,17.552229,-13.734467
0,0,1.729160430841148e-06,iam,9013,a new and strange phenomenon .,-3.9753737,16.848217
0,0,1.6004791177692823e-05,iam,10180,"evening , "" If we get married , old girl , you 'll have to stop",1.7743292,32.47496
0,0,2.0541416233754717e-05,iam,7975,By this means they avoided each,-17.177134,-0.84369045
1,1,0.9999998807907104,emuru,8956,side to side .,35.05836,-9.960062
0,0,5.705354624296888e-07,iam,8364,meal-times of a simpler world to the,-19.81954,30.972412
1,1,1.0,emuru,9115,so sharply in international politics were as abstract,24.634113,-15.6683035
0,0,5.263413527245575e-07,iam,7950,the end of the day with far less strain if,-3.3417976,2.4994252
0,0,0.0020247050561010838,iam,7626,The action of the Shamir writes books and their,-24.207228,17.052956
1,1,0.9999998807907104,emuru,10075,the terrace thinking that perhaps Gavin,-0.44191614,-14.358839
0,0,4.157885268796235e-05,iam,9994,and forks and tidying up implements . It might,-7.5503263,34.700146
0,0,6.518238660646603e-05,iam,8016,R. Joshua b. Levi . The proof text for the,-4.6199203,25.563354
0,0,1.0683429536584299e-05,iam,7966,for this . I know how much of a drag it can be,-15.485897,23.889168
0,0,8.737958978599636e-08,iam,8254,gave others a feeling of danger . A medical journal,-9.464403,22.492193
1,1,0.999925971031189,emuru,7475,"playwright Arnold Wesker . "" Instead , Muggeridge's appointment",10.1359215,-23.262886
1,1,0.9999984502792358,emuru,8960,A superfluous precaution for there was no other car,29.113512,-26.362549
1,1,1.0,emuru,7915,to live a day at a time . Even those who,-0.8849011,-25.53133
0,0,2.6973260901286267e-05,iam,9274,regarded this possibility with,-1.9306738,13.694356
1,1,1.0,emuru,8018,The sugya is built around the saying of,22.64933,-19.372189
1,1,1.0,emuru,7676,"aside , and serve other gods , and worship them "" ,",24.950214,3.3335133
0,0,3.467530632406124e-06,iam,9371,well we can - think . This tribe of the True World,-11.249877,17.085617
1,1,1.0,emuru,8965,The set lighted-up but gave only a low,29.230352,0.46785802
0,0,6.341705739032477e-05,iam,10216,""" No , "" she told Phil Gubbins , a junior",-3.5635715,5.176351
0,0,8.119241101667285e-07,iam,9871,"any time - knock twice and ask for Bawley , what ? """,-21.627989,19.867199
0,0,2.387141103099566e-05,iam,8952,"transcendent event , the exalted desire of all",-12.187826,18.731459
1,1,0.999858021736145,emuru,9711,"inches . Maybe big one four feet ,",10.505162,10.862165
0,0,2.1004372285915451e-07,iam,8654,the private wealth of the monarchy,-33.164326,-0.19638084
0,0,5.98705724996762e-08,iam,9419,Alastair was a bachelor . All his life he had,-10.998646,5.982542
1,1,0.9991604089736938,emuru,9630,Their air of smiling somnolence showed them,8.070682,-0.86902857
0,0,8.166159204847645e-06,iam,7627,"diamond that incises the hardest rock , the hardest",-8.588866,34.9722
0,0,0.003368614474311471,iam,8197,the victim and inspecting at Waterloo the carriage,-4.610775,20.17543
0,0,1.0015500606641581e-07,iam,7528,"original was written on a roll , or codex , which fell into disorder or was",-8.257889,14.066021
0,0,2.3482225230964104e-07,iam,9549,""" And I 'm heartily sick of being constantly called",-9.954178,19.285887
1,1,1.0,emuru,9703,drag the boat ashore and turn,42.219303,-33.305553
1,1,0.9998136162757874,emuru,9332,"Mutinous dog , thought the Rev. Edwards , who hadn't",3.6216393,27.005928
1,1,0.9999960660934448,emuru,9361,babies may be born with wings . ' The Captive with,18.127228,12.20021
0,0,0.00015940908633638173,iam,8938,"Then , abruptly , he drew himself up",-15.786841,17.453672
0,0,0.0002324776869500056,iam,9574,You made some sort of a protest to Graybury .,-5.905447,9.401018
0,0,9.487076901848468e-09,iam,8477,"from eating it fresh , squash it , press",-26.776035,-2.037658
1,1,1.0,emuru,8309,"The girl , who was described as being "" always bright and",13.794372,-9.594932
0,0,7.209272325781058e-07,iam,8367,groaned under its load of complicated,-16.015495,19.54815
0,0,1.230550439323963e-09,iam,8722,attempt to apply a sliding scale to the,-25.53406,12.774595
1,1,0.9999997615814209,emuru,7801,"Forever associated with Charles is Archbishop Laud ,",23.391953,14.271343
1,1,0.9999991655349731,emuru,9210,"reasonably . "" Start running punctual and where are you ? People get",39.246513,-36.205654
0,0,1.0263533113175072e-05,iam,7956,out for forty years I find difficult to understand .,-3.6841443,7.1455646
1,1,0.9999969005584717,emuru,8034,need for the text of the angel are quoted,11.279766,-0.6665881
0,0,1.9863693978550145e-06,iam,10068,"then caught her breath , a cold hand",-18.890394,18.734846
1,1,0.9999998807907104,emuru,8479,peoples have a high opinion of the octopus,29.290838,-26.294188
0,0,2.3898951440060046e-06,iam,9607,between what a senior and a junior,-22.928514,-6.8060045
0,0,6.460130208552073e-09,iam,9007,ting how the Thetan machinations had been,-19.604269,0.8787131
0,0,0.0010808109072968364,iam,7504,strike . It showed Britain today through the eyes,-3.9981515,31.50567
0,0,9.625487074060857e-10,iam,10121,thought you were sensible too . Don't,-11.467423,27.136326
1,1,0.9999996423721313,emuru,10022,"led the way in . "" The stained glass",43.899017,-35.79558
1,1,1.0,emuru,9674,"Willie Kim was speechless , only his slant",22.179367,-6.6287694
0,0,9.877412230707705e-05,iam,10291,will contact your new doctor,-6.0925355,13.5177965
0,0,6.334650493045046e-08,iam,9781,"otherwise than take it . "" Pleased to meet you ,",-23.248129,18.645164
0,0,3.05530711841584e-08,iam,7782,"definite . It was at this time , too , that King James made",-30.4439,5.2557874
1,1,0.9999998807907104,emuru,8118,accidental . Being contranatant or against,31.236969,-21.339783
0,0,1.4463533261732664e-05,iam,8788,"thus synchronous with cardiac systole but ,",-31.111847,14.824521
1,1,0.9999998807907104,emuru,9563,to understand all the whys and,16.51682,-1.0177743
1,1,0.9999998807907104,emuru,8588,dish in which it was served . He turned # it over,40.943676,-32.06756
0,0,0.000335490214638412,iam,9995,His curious headgear fell off . Strange things,-33.15199,24.351461
0,0,5.6601042160764337e-05,iam,7601,orchards to the vital question of water,-5.2166533,2.4430807
0,0,2.0043364656885387e-06,iam,9946,colour drawing . Between us and that lay,-19.694283,11.827684
1,1,0.9992080330848694,emuru,9238,""" Damned if I know , boy , "" said the driver .",0.9301541,-3.123443
0,0,1.1239997377288091e-08,iam,9510,north of the island .,-17.3455,6.46112
0,0,1.381363927066559e-05,iam,9868,"Master bloody Munyard . "" THERE were six submarines ,",-31.381308,29.277596
0,0,6.935768033144996e-05,iam,9823,"why should you ? "" "" I see . "" John took the",-25.135712,8.263843
0,0,2.861503162421286e-05,iam,8196,"in which she had died , there was nothing on",-16.895962,27.386484
0,0,7.772066601319239e-05,iam,9298,"when he went to Morfydd's house , all",-1.8131067,12.480916
1,1,0.9999808073043823,emuru,8970,"Deadly stillness , deadly portent !",39.846035,-40.855865
0,0,7.016152494543348e-07,iam,7749,""" four cups "" to thank the Lord our God for the "" four",-16.490778,32.814762
0,0,2.7883595521416282e-06,iam,10342,of suspense . ' It will be interesting,-8.710747,2.6582618
0,0,2.6584223711267896e-09,iam,9687,end of the wharf . But by pressing,-27.456245,27.572752
0,0,7.968198042362928e-05,iam,9285,walking very dogged towards Llangrwl .,-3.2412133,13.416546
1,1,0.9999904632568359,emuru,9748,and tonic .,-4.989105,-4.858297
1,1,0.999884843826294,emuru,9046,"But not for long , for soon pedestrians and cars flocked upon",7.775967,-15.017622
1,1,1.0,emuru,9787,""" Oh , the Press , "" said Seaweed . "" Down here on business , Mr.",30.847258,-4.8996162
1,1,0.9585378170013428,emuru,8343,meat or fish burnt and roasted in the,-5.4708066,-17.16187
1,1,0.9999985694885254,emuru,7714,to learn . Education is always the most important task .,9.6012745,3.5409214
1,1,0.9999996423721313,emuru,8775,contraction of the heart and the apex beat occur in,12.987401,-6.9931407
1,1,0.9998672008514404,emuru,8046,original question and answer and this is quoted,12.648487,1.0266896
0,0,7.524876721731744e-09,iam,8524,typically French .,-24.342693,29.06211
1,1,1.0,emuru,9501,vengeance . She had expected to be met with violent,19.121374,-5.5406113
1,1,0.9999997615814209,emuru,10309,"fided in her , given some expla-",35.420494,-13.983163
0,0,5.9877365856664255e-06,iam,9291,But disappointment awaited him . A,-4.125404,23.683949
1,1,0.9999992847442627,emuru,8120,"that find it if enough are travelling , just as",7.4786134,8.717611
0,0,0.00037731550401076674,iam,10298,scription for the sedatives . You,-15.043965,-1.75948
1,1,0.9999998807907104,emuru,9625,to have been guests at yesterday's,23.298832,-19.02975
1,1,0.9999934434890747,emuru,8811,Soon they were good enough to sing at meetings .,14.456362,-16.87934
1,1,0.9999300241470337,emuru,8182,was actually just off the bottom and was,-5.534367,5.753962
0,0,0.0031223304104059935,iam,9342,and grow wings . Between the worlds are many strong,-33.808155,20.638512
0,0,8.300810705463846e-09,iam,8507,melody . The paprika and caraway perfume,-24.170937,28.809229
0,0,0.003133386606350541,iam,10310,nation . Now there was no-,-8.591434,6.6290307
0,0,0.0162681732326746,iam,7691,"the problem of life cannot be solved . "" Therefore shall 1ye lay",-21.234766,17.659859
0,0,2.1001578716095537e-06,iam,10036,the excitement of meeting,-12.872659,24.275196
0,0,3.7898471418884583e-06,iam,9213,""" Left here all right , "" said Ifor . "" Two-thirty-five , on the dot . "" "" It 's",-5.6804004,25.635424
0,0,6.917901191627607e-05,iam,7580,might be bulky . It is sometimes possible to tell,-21.059374,-10.808407
0,0,2.6124711439479142e-05,iam,8024,( This is probably to be understood as a well-,-6.474517,23.614738
0,0,6.465060486959828e-09,iam,9448,"left , Milan . The directional angle of the",-29.349186,-4.8494096
0,0,9.625899366483281e-08,iam,8984,selves in their zeal to get their orders and to carry,-20.792814,-1.2423733
0,0,0.0002686229126993567,iam,8174,it reaches them . They move away before,-17.454401,-0.94593126
0,0,0.0013413139386102557,iam,8999,they will promptly give us their hypnotic,-13.57298,-7.178541
0,0,3.6707496064991574e-07,iam,7737,"principle and this gives us "" a wink "" ( Remez )",-11.864239,20.418867
1,1,0.9999998807907104,emuru,10035,"pocket-book , with a sick feeling",33.929688,-14.67973
1,1,0.9988754391670227,emuru,9613,"pretty spineless ! """,-7.372386,-8.445329
0,0,1.0323257804145669e-08,iam,8473,A number of newly-born white mice served,-28.265676,-0.79145175
0,0,9.262255957764864e-07,iam,9832,""" Tell me who the little bird was . "" "" Can't",-18.640003,-0.9112409
1,1,0.9999988079071045,emuru,8865,"After the First World War , 1914 , I did not visit",15.268892,-14.6176815
0,0,9.659095923097993e-08,iam,8485,"and the Chinese . The Celestials , apart",-18.980532,-0.42055768
0,0,4.785100827575661e-05,iam,8600,"The same man went to see Carlyle , and , after mentioning",-22.86063,-1.8529482
1,1,0.9999998807907104,emuru,9044,"They followed him to a city bus stop on Carling Avenue , where",17.078175,-20.318464
0,0,2.9071902645227965e-06,iam,8775,contraction of the heart and the apex beat occur in,-27.605501,19.81965
0,0,2.628686161187943e-06,iam,8395,intelligent selection and comparative,-15.686637,34.048702
1,1,0.9999983310699463,emuru,10181,been standing in for Luke Parsons at his surgery in,38.795956,-32.996117
1,1,0.9999998807907104,emuru,9562,""" Oh , drop that nonsense , Piers !",23.919115,-19.967896
1,1,0.9999997615814209,emuru,8907,Chairman of the local War Pensions Committee . This,19.597914,-5.6241255
0,0,4.84127758682007e-06,iam,7738,represents Remez ; ( 3 ) Dipping-in represents,-17.635471,24.862934
0,0,6.564050636370666e-06,iam,9155,"feeling , like I always get when something",-11.417912,21.667395
1,1,0.9999977350234985,emuru,7853,"Toyohiko Kagawa . Loving Saviour , who experienced",34.671127,-17.79227
1,1,0.9999979734420776,emuru,9977,was never long on patience .,15.7733345,9.978082
1,1,0.9999998807907104,emuru,7856,we are with Thee .,30.521765,-7.3951
0,0,5.242816041572951e-05,iam,10069,hers in an intimate way .,-13.611809,30.225681
0,0,0.000628736917860806,iam,9057,"Heaven alone knew when , if ever , he would be",-5.8011336,-0.5229419
1,1,0.9999878406524658,emuru,8372,"tongues ; unreasonable surfeit , too , in the",12.013557,8.410235
0,0,1.3335428775462788e-05,iam,9146,carefully casual . ' The servants are all on,-6.9026732,-2.2717206
1,1,1.0,emuru,9173,"to watch Mr Septimus more closely , Mrs",19.535936,-20.005745
0,0,1.3549075674745836e-06,iam,8855,their candidate must go forward in the,-12.182772,6.9001083
0,0,1.3999293280164693e-08,iam,8217,for a man who had been seen leaving the train,-28.548769,3.2389233
0,0,1.8532087153744214e-07,iam,8206,a detailed account of his movements on the 11th . The dead,-21.130402,19.967396
1,1,0.9999407529830933,emuru,10371,"the result being somehow as ineffective , not",36.916,-27.983156
0,0,0.022288253530859947,iam,9382,are slaves to it . Only an outcast is free . Because,-27.169514,18.954033
1,1,1.0,emuru,10175,"Sometimes they talked on the theme of "" when we get married "" ,",18.857027,-17.725903
1,1,0.9999911785125732,emuru,8029,There is no reference to the Mishnah here,7.389251,-6.826846
0,0,1.6155996490851976e-05,iam,9353,"Lily-yo said , doubtingly . The Captive with the",-8.731303,31.708126
0,0,1.9100093595625367e-07,iam,8461,board . The gratification of the sense of smelling,-22.67346,28.640114
1,1,0.9999997615814209,emuru,7775,verily and indeed taken and received by the,14.408526,-2.512086
1,1,0.9999997615814209,emuru,7591,"cannot think of an author , Mark for example ,",30.580353,-17.033012
1,1,1.0,emuru,9943,"a vast stretch of hills , canyons , buttes and",27.9689,-7.322466
1,1,0.9993667006492615,emuru,9265,"is it ? "" "" Mutual recriminations will get",5.595511,13.147676
1,1,0.9999998807907104,emuru,9757,"gin ? "" He turned to Seaweed -",12.96974,8.539533
0,0,2.4323458802655296e-09,iam,8787,"ception , the more distal arteries pulsate",-28.10292,13.759321
1,1,0.9999984502792358,emuru,7468,She plays the possessive mother of a man whose hobby revolves,38.784344,-34.543194
0,0,2.049199032683191e-08,iam,7512,arrived two hours earlier by appointment,-28.40483,20.156622
0,0,1.671136971026499e-07,iam,8981,"them out . Just what these orders will be , we don't",-23.90951,-8.330847
0,0,2.2512880448744e-11,iam,8724,But this time there was a very interesting,-29.664787,2.9636922
1,1,0.9999203681945801,emuru,9731,""" So there you are , my dear . "" Peggy 's eyes filled",11.399804,-1.4197506
0,0,0.000599311082623899,iam,9572,"the matter because , very naturally , you were",-3.6010492,26.286701
1,1,1.0,emuru,8185,Cover in the fast-moving trawl is considered,22.79572,-8.028622
0,0,0.0002389206929365173,iam,10108,down to the beach . Gay closed her eyes for a,-5.6633964,24.420095
1,1,1.0,emuru,9988,were going on in his bewildered brain . When,15.033359,4.900294
1,1,0.9999982118606567,emuru,8282,"doctor , the woman , young , small , and rather plump ,",33.881947,-32.457367
1,1,0.9999996423721313,emuru,9921,After all it 's them we 're supposed to be,19.60923,10.530672
1,1,0.9999979734420776,emuru,8186,reaction to disturbance would be upwards .,11.33268,6.7907033
0,0,4.42686058477193e-07,iam,8117,The details are harder still to see .,-1.4613228,6.545629
1,1,0.9999998807907104,emuru,7495,Northern defiance . The cameras played continuously on his,20.081903,-17.367563
1,1,0.9997572302818298,emuru,9072,"evening , when he had been left to cook his own meal .",3.865113,-11.261918
1,1,0.9999998807907104,emuru,8311,long brown hair in a bun at the back of her head,6.2641983,-4.0661654
1,1,0.9999998807907104,emuru,8499,aromatics where the paprika insinuates its perfidious,22.222784,-10.504281
0,0,4.586652721627615e-06,iam,7861,only a disturbed tossing and turning,-14.777839,24.107054
1,1,0.9999998807907104,emuru,8954,upward and shook his head slowly from,19.04714,-10.321898
1,1,1.0,emuru,9095,we might get GO a bit better if he entered politics .,27.326286,-15.242523
1,1,1.0,emuru,9821,"he said . "" Expense account . You 're a married",20.001726,-17.161366
1,1,0.9339725375175476,emuru,9206,damn bus .,42.735622,-41.371605
1,1,1.0,emuru,7835,frightening possibilities and yet by facing,17.585361,-15.787088
0,0,8.379080099985003e-06,iam,8832,One of the students was young,-15.062191,-0.40416878
0,0,0.00010388551163487136,iam,8346,How many centuries later did the mercenary in,-12.712602,1.6739488
0,0,5.1652764341270085e-06,iam,9286,the bus . He passed The Traveller's,-2.439561,14.110067
0,0,2.879794458454654e-10,iam,10055,"Lilyan remonstrated . "" They want to be",-8.882728,11.229221
0,0,9.622209279358529e-12,iam,8734,Again the resentment was widespread and,-31.16683,26.468166
0,0,3.735553764272481e-05,iam,8002,matter on hand .,-8.660082,7.764547
1,1,0.9999997615814209,emuru,8746,those charged with the crime . It is clear,15.793889,11.5633
1,1,0.9888863563537598,emuru,7859,"we face life boldly , many of the shadows are",33.912174,-27.68431
1,1,0.9994176626205444,emuru,9712,"man at catch 'em than Injun , Judge .",-2.9748333,-14.09915
1,1,0.9997214674949646,emuru,7643,"language . The Shamir is the "" seventh "" and",2.869735,-15.846021
1,1,0.9999923706054688,emuru,8024,( This is probably to be understood as a well-,9.545007,-4.0538154
0,0,2.2094328144817155e-08,iam,8329,nothing the Chinese would not eat .,-28.245272,-5.0540032
0,0,0.00019416279974393547,iam,7484,essay on soldiering which stated that a fighting,5.165603,22.11848
0,0,7.503006216325048e-09,iam,8871,a village choral society and conduct it .,-23.125216,-6.5612392
0,0,4.087194156454643e-07,iam,8355,always been strong in mankind . The sharing of,-24.576708,-9.489455
1,1,0.9991021156311035,emuru,8166,aware of the moving footrope before,14.844491,-20.420757
1,1,0.9999462366104126,emuru,7890,a burden to their families and their friends .,1.2402942,-5.1014466
1,1,1.0,emuru,7480,"success last night in I T V's "" Private Potter , "" his",14.160704,-10.910936
0,0,5.0845624599560324e-08,iam,9561,"look as though it was only what you expected of me ,",-24.81545,-2.140068
1,1,0.9999994039535522,emuru,7529,showing that such changes are part of a,17.379921,-6.957657
0,0,4.735032632652292e-08,iam,8576,been blind to the charms of turbot and,-17.180374,20.86778
1,1,0.9957491159439087,emuru,10217,Nigel from the back . D.j. and all .,-1.19135,0.99872327
0,0,2.724391094943712e-07,iam,8323,would not eat .,-19.088945,33.755356
0,0,1.9902281565009616e-06,iam,8079,overcrowded and over-embellished drawing-rooms,-13.096254,-6.422072
0,0,0.0001403994974680245,iam,8125,are drifted back into the normal home,-4.784148,7.5705266
1,1,0.9999985694885254,emuru,8586,Dante Gabriel Rossetti had simple tastes in food . At one,35.16143,-31.886133
1,1,1.0,emuru,8503,Schnitzel as well as dishes and stews heightened with,26.90274,-9.292335
1,1,0.9999995231628418,emuru,8454,"perfumes , these refined voluptuaries aroused the",7.5966973,3.758633
0,0,5.420497473096475e-06,iam,9763,""" Make it a large one , darling . I know the naval",0.19026119,6.790005
0,0,7.203033192126895e-08,iam,8155,"is strongest at spring tides , when without",-20.434345,25.29713
1,1,0.999970555305481,emuru,8688,journeymen and small tradesmen of the,6.4626803,-5.8177342
0,0,0.00045872002374380827,iam,7482,"date . "" ACTOR Tom Courtenay was an outstanding",-18.960371,11.115769
1,1,0.9999998807907104,emuru,7756,"eating Matzos in Egypt and the "" Feast of Matzos """,24.162964,-13.348757
0,0,3.3794327336522656e-09,iam,8751,the suggestion that the rich should help,-28.764149,24.702839
1,1,1.0,emuru,9098,"plump hand towards her grand pianos , etc :",22.162365,-7.8556175
0,0,1.2326391924943891e-06,iam,8403,"Does one , however , know who first thought of boiling",5.7419677,25.906397
0,0,1.9115495852872755e-09,iam,9503,"coming back from Barbados so soon . "" Beryl",-30.480225,-0.0104580205
0,0,0.003625524463132024,iam,10012,been attending some kind of fancy dress do,-5.6659594,7.9779873
0,0,2.148849848060408e-11,iam,10128,married life going to be like ?,-24.451525,1.4658413
1,1,1.0,emuru,9899,thinking what a skill he had for reading,18.099207,-22.54542
0,0,3.27349241047159e-08,iam,8720,borders between private and public purse were,-25.703852,3.5461454
0,0,0.004604923073202372,iam,10142,I can for him so that she can get out to do her shopping .,9.270198,-17.28487
0,0,0.010797526687383652,iam,8165,"be by actual contact , or by sight reaction to the disturbed",-14.248886,14.736349
0,0,2.96969483315479e-05,iam,9982,"observed Dan , shifting about in his saddle . He",-20.71472,15.901333
0,0,0.00612947903573513,iam,7459,"I don't think he will storm the charts with this one , but it 's a good start .",-24.435421,16.732092
0,0,0.000376497016986832,iam,8172,that of flat fish on the bottom .,-10.397935,9.186487
1,1,0.9999942779541016,emuru,7866,"the mind . Very few people , under normal",9.047921,5.5188003
1,1,1.0,emuru,8031,by the Gemara in support of R. Joshua b.,20.31642,-14.658937
0,0,1.0218011993856635e-05,iam,7907,"months , even a Prime Minister could go to",-28.50232,21.42268
1,1,0.9999992847442627,emuru,8935,"hollow , and the news that Byron had left",36.700066,-35.832348
0,0,1.6219084955082508e-06,iam,7905,made this century is the way in which illness,-7.323117,8.795201
1,1,0.9965914487838745,emuru,8765,In Chapter Two he gauged the nature of the heart's movements,14.980185,-22.27929
1,1,0.9999997615814209,emuru,10342,of suspense . ' It will be interesting,28.116514,-15.206765
1,1,1.0,emuru,7880,"the washing-up - while others , if they",15.793118,-12.349082
1,1,0.9999986886978149,emuru,9538,on his taking her out in the jeep -,-0.08968442,-9.403242
1,1,1.0,emuru,8474,like a prairie oyster is considered a,32.553577,-11.405805
0,0,1.387747960990282e-08,iam,8512,"essentially French , and , irrespective of",-19.584927,23.125278
1,1,1.0,emuru,9130,neurosis and not in some eruption from those,20.367214,-19.48951
0,0,2.7580769668134053e-08,iam,8325,told us that there was nothing an En-,-28.993353,3.207392
1,1,0.9999977350234985,emuru,8591,"with Dickens says the menu was Whitstable oysters , a brown",39.87147,-33.835373
0,0,2.437771763652563e-05,iam,8351,than mere converse has always been there .,-12.651507,3.7778974
1,1,0.9999997615814209,emuru,7647,come across human Shamirs and they leave,18.373646,-20.350557
0,0,0.004008288495242596,iam,8771,"of the apex , the thickening of the heart walls , and",-26.996796,18.121073
0,0,1.5198776681657478e-09,iam,10022,"led the way in . "" The stained glass",-23.615139,0.54317266
0,0,6.49515925488231e-08,iam,9086,allies being more inferior than formerly to W.C.U. in the,-3.639416,3.8141167
1,1,0.9996955394744873,emuru,8106,echo-sounders . Bottom crowding comes when they cannot reach,12.376111,17.955961
0,0,0.00032517159706912935,iam,9733,sick . Just because he 's an Honourable he can do,1.776948,25.463926
1,1,0.9999955892562866,emuru,7862,which causes them to wake feeling worse,0.79984546,-14.4846735
0,0,3.779381696489281e-09,iam,9518,"Jack and Blanche were quick to sympathise , and to",-25.040014,-3.295475
1,1,1.0,emuru,10268,"They often had such a rendezvous , for",25.711103,7.5341735
0,0,4.4728362680324096e-10,iam,10037,Gavin and the girl who had got,-17.060734,4.6862197
0,0,1.6439963279601955e-10,iam,8736,far away from the capital in a town with,-31.800705,2.6876879
1,1,0.9892024397850037,emuru,9212,"supposed to leave at two-twenty . "" "" Who says so ? "" "" Your timetable . """,41.677795,-41.442654
0,0,4.509796269758226e-08,iam,8660,social services . A mediaeval oligarchy,-33.85527,22.724499
1,1,0.999998927116394,emuru,9820,man with a couple of kids . Can't go wasting,-1.5384144,-14.422262
1,1,1.0,emuru,8950,hands together between his knees and leaning,21.513557,-22.617378
1,1,0.99997878074646,emuru,7901,great deal of tiredness which comes from,-2.4348633,-2.358314
0,0,2.2980217181611806e-05,iam,8239,were many people who believed that to travel,-25.24521,8.110189
0,0,3.4548124858702067e-06,iam,8592,which he washed down with beer . A writer who had dinner,-19.485443,16.316961
1,1,0.9999998807907104,emuru,7966,for this . I know how much of a drag it can be,21.72261,-13.262566
1,1,0.9999973773956299,emuru,9422,faith which he was placing in her and,38.568123,-25.745096
1,1,0.9999513626098633,emuru,9792,"his glass . "" Fill it up , darling . Accuracy above",40.03023,-40.813087
0,0,0.00029258430004119873,iam,9255,"folded it , and glanced idly out of the",-10.290419,-6.0389595
1,1,1.0,emuru,9583,have had it in for Guy .,17.223425,-24.745382
1,1,1.0,emuru,7658,mind together we cannot solve the further,-2.307498,-20.850363
0,0,0.0033554367255419493,iam,9046,"But not for long , for soon pedestrians and cars flocked upon",9.488448,-16.789186
0,0,7.532630519335726e-09,iam,8843,"socialism . With such men , who had the",-25.588232,-0.7324159
0,0,0.0001197798119392246,iam,9360,as we are . Some may be born right . ',2.6242383,23.010551
0,0,3.236343388834939e-07,iam,8055,part of the verse .,2.518239,22.82473
0,0,1.9007964624506712e-07,iam,8511,possibly comparable alone to a gypsy,-15.743556,24.940876
1,1,0.9999998807907104,emuru,9023,Dan paced the floor . He seemed completely unaware,12.099556,-6.5992045
1,1,0.9999998807907104,emuru,8736,far away from the capital in a town with,27.297924,-1.7504916
1,1,0.9999997615814209,emuru,9793,"drop the rank - such a mouthful ! "" "" You 're",24.082005,-16.013561
0,0,1.5032602277642582e-05,iam,10313,"the word . Nicholas , Philip ...",-14.92725,2.7972236
1,1,1.0,emuru,8880,"church was , it had its own atmosphere , and for centuries",19.572584,-14.835058
1,1,0.9995843768119812,emuru,7507,Shelagh Delaney and Alan Sillitoe attacked,3.1339922,-4.5136604
0,0,8.94680997589603e-05,iam,8023,because the Mishnah deals with the,-13.739468,22.222626
0,0,0.00024403611314482987,iam,10170,""" There are all sorts of wonder-",-13.50471,20.3202
1,1,0.9999823570251465,emuru,8080,numerous other crocheted pieces . It was some years,-8.369465,-3.6950493
1,1,0.9999977350234985,emuru,9659,"triangular sail , and to the judge's frightened eyes , so",36.885986,-32.416973
0,0,7.972018465807196e-06,iam,9935,country that lay all round Gilburg Crossing .,-14.652717,18.018091
0,0,8.534274456906132e-06,iam,7922,"piece . Now a man may live twenty ,",-15.864876,-5.235811
1,1,0.9999949932098389,emuru,9836,"Regard this as a softening-up process , and",9.54396,-22.978373
1,1,0.9999997615814209,emuru,8977,overtone that sang in his ears with an,36.69808,-29.131413
1,1,0.9999990463256836,emuru,8580,of having his turbot removed first .,3.5745275,-13.8447
0,0,2.0375151507323608e-05,iam,9258,"Rev. Edwards . Now he put down his paper ,",-5.3469024,27.47597
1,1,1.0,emuru,9568,""" If you want my true opinion I 'll give it .",24.21539,-22.021624
0,0,8.145113383761782e-07,iam,7849,"dwells in my hand , Knows this",-13.367176,0.9013189
1,1,0.9999998807907104,emuru,7861,only a disturbed tossing and turning,25.861425,-6.32112
0,0,0.0001780204038368538,iam,7890,a burden to their families and their friends .,-2.9690363,9.612205
0,0,4.92694698550622e-06,iam,7507,Shelagh Delaney and Alan Sillitoe attacked,-17.378326,13.579527
1,1,0.9999983310699463,emuru,9737,dockyard and now that she 's ready for sea he goes,17.846897,12.836581
0,0,0.0034008584916591644,iam,10184,"with it was coupled a disembodied fragment of information ,",9.65047,-15.2368765
1,1,0.9999935626983643,emuru,8323,would not eat .,14.639413,0.7305602
1,1,1.0,emuru,10197,"found they were off duty together , and",4.935909,-16.670013
1,1,0.9973796606063843,emuru,8953,mankind through all ages ! The Kingdom of the,8.746372,-0.40668732
1,1,1.0,emuru,9250,"his head . "" God bless my immortal soul , """,26.752523,-9.628405
0,0,0.002637523924931884,iam,9941,The air was fresh and clear and you,2.2028823,26.059765
0,0,3.065897260512429e-07,iam,8913,life .,-20.592194,25.38189
0,0,7.311742956517264e-05,iam,8847,mined and obdurate in their attitude that,-26.639395,6.4252133
0,0,3.748099697986618e-05,iam,9593,"flamingoes our first morning on the island . """,-16.946512,-7.3818817
1,1,0.9999998807907104,emuru,7989,who does not always want to do,30.234037,-16.719439
0,0,7.835379847165314e-07,iam,9387,"come to you , Lily-yo , ' Band Appa Bondi added .",-26.891964,1.63867
1,1,1.0,emuru,8414,we hear of the fleshpots of Egypt,3.6364322,-16.207298
1,1,0.9999992847442627,emuru,7904,"physical illness . There is , nevertheless , a",25.403494,-25.212532
1,1,0.9996229410171509,emuru,8985,""" The Thetans , "" he said , "" are presumably here to",40.52091,-40.368744
0,0,3.0611580825734563e-08,iam,8823,the members . The B.S.P. also rented pleasant rooms,-15.661957,-0.38615024
1,1,0.9999997615814209,emuru,8832,One of the students was young,17.403372,-11.902466
0,0,1.6492146315272294e-08,iam,7527,"accidentally damaged . An editor , who was not the author , made what he",-23.66068,-4.0029263
1,1,0.9999997615814209,emuru,7899,"of the mind is no longer feared or shunned ,",26.80918,-15.029522
0,0,0.0017995652742683887,iam,7707,Charauses ( a kind of fruit mixture in likeness of the,-6.8996706,-16.775768
0,0,0.10309634357690811,iam,9344,"' We know much , ' repeated the Chief Captive . ' Some",-13.244828,16.840714
1,1,1.0,emuru,10226,"suddenly in an upsurging of relief , "" that stupid",7.684038,11.606574
1,1,0.9999978542327881,emuru,8249,sorts of horrible illnesses brought on by the,11.5044775,8.19518
0,0,1.0195429240411613e-05,iam,8431,except by roasting and boiling . When,-14.009221,29.18459
0,0,4.613245255313814e-05,iam,9402,new flesh and tendon strengthened . To sail up in the,-15.698175,12.793358
0,0,1.1900278096277361e-08,iam,7477,will be with Sir Roy Welensky the Premier of the Federation,-14.331208,6.456737
1,1,0.9999998807907104,emuru,9936,""" Fenton or Somers , "" he said . "" Or the Town",20.169838,11.362037
0,0,5.0855131661364794e-08,iam,8392,"of gorging the eye with magnitude ,",-16.738945,31.095268
0,0,5.457131464936538e-06,iam,9667,empty his lungs of stifling air and refill them,-32.00701,13.052158
1,1,0.9999979734420776,emuru,9397,We need such memories . So we ask you to go,15.48854,-27.3158
0,0,1.8963461009824378e-11,iam,8714,"It was , therefore , a complicated and not very",-28.24971,-9.935146
0,0,0.0036244289949536324,iam,9375,Captives rule the True World ? ' Lily-yo asked,-10.723885,-12.485563
1,1,0.9999997615814209,emuru,8920,"When he saw Trelawny's printed letter , Lord Sidney wrote",10.732478,-24.158094
1,1,0.9999995231628418,emuru,9527,it out with Piers when a reasonable,10.196916,15.218346
0,0,5.266413609206211e-06,iam,9483,He was able to trace the course of the river ; he,-15.861937,13.586961
1,1,1.0,emuru,9159,"imagine the Christian martyrs twisting and shrieking ,",15.710512,-9.665394
0,0,2.8853540356976737e-07,iam,7843,has something important to do with our,-26.542969,20.204596
1,1,0.9999935626983643,emuru,8948,"thrust out , arms dangling loosely .",34.636135,-30.680548
0,0,0.00010441873746458441,iam,7853,"Toyohiko Kagawa . Loving Saviour , who experienced",-3.0775027,7.7755775
0,0,2.216952452727128e-06,iam,9996,Walking out of the chapel later on . Continuing,-27.466808,-7.675204
0,0,0.004933453630656004,iam,7460,"CHRIS CHARLES , 39 , who lives in Stockton-on-Tees , is an accountant .",-31.068378,7.455593
1,1,1.0,emuru,9999,dly decadence and absorption in debase-,32.93362,-8.359797
1,1,0.9999911785125732,emuru,7765,remained . Other changes in the Book were equally,34.130684,-32.170856
0,0,3.742121407412924e-05,iam,9973,go and tell Nick Dowd we 've come to talk,-15.19834,32.439793
0,0,0.009896021336317062,iam,9269,Morfydd Owen was silent . But she,5.257593,14.739309
0,0,3.4920517464342993e-06,iam,8846,Just as the Labour Party had fought the,-15.281182,21.567696
0,0,7.80735565086843e-09,iam,8869,"This opened up a new interest , and we plunged",-25.207182,-4.8302407
0,0,1.2883132782803841e-08,iam,8483,definitely a delicacy while Mediterranean,-27.855877,29.241947
1,1,0.9993784427642822,emuru,9660,close to the rocks that it would be dashed,1.562411,-14.067038
0,0,0.006407059263437986,iam,7731,"more of the Torah and the Oral Tradition , our inheritance .",-15.468761,18.756126
0,0,0.00018459172861184925,iam,8179,that the wave might be transmitted by the,-3.5212495,2.1323824
0,0,2.0461819076444954e-05,iam,8868,Towards the end of my five and a half years',5.671403,27.600708
1,1,0.9999997615814209,emuru,9547,"to make the presentation , I run the damned",30.931667,-13.267889
0,0,4.0160381331588724e-07,iam,8534,The French have an inborn appreciation of good food and,-22.231667,22.22529
0,0,8.38109463074943e-06,iam,8848,There was no abatement in political,-8.396926,19.776318
0,0,1.7927553538910068e-11,iam,8738,most notorious third poll-tax was agreed,-24.536411,26.684595
0,0,3.695127452374436e-05,iam,9022,"decided upon . Inside they sat down unbidden , while",-21.281912,6.937986
0,0,0.000829747412353754,iam,7648,"diligently unto my commandments , which I command",-6.2780666,-1.2634423
0,0,2.134816412535656e-08,iam,9512,"had had a thoroughly good time , and it would take them",-25.021963,-2.8261063
1,1,0.9999994039535522,emuru,9465,miles from their destination .,-0.64850175,0.79802036
1,1,1.0,emuru,10024,"flights back . """,21.554476,-3.389036
0,0,0.002329877344891429,iam,8009,"( Actually , the Mishnah quotes two further proof",-2.2487996,20.571638
0,0,0.00020640298316720873,iam,8803,He was a socialist and believed in the right,-1.2231342,4.623978
1,1,1.0,emuru,8179,that the wave might be transmitted by the,2.9696846,-24.551498
1,1,0.9999997615814209,emuru,8708,There were two other sources of public revenue -,17.814941,-13.528591
0,0,5.077814613230203e-09,iam,10101,"dance , "" Doc's cheery voice came as a",-20.51903,4.925075
0,0,0.0002723835641518235,iam,8763,"from the dissection of living animals , showing how these move-",9.634548,-16.345736
1,1,0.9999990463256836,emuru,8619,"When all seemed to be going well , a sortie surprised",23.992413,-14.7372465
1,1,0.9998517036437988,emuru,7549,impossible to say .,7.9235573,-14.889018
0,0,8.391744764357778e-12,iam,8743,merchants who could tempt court and,-30.877777,1.72628
0,0,5.564275124925189e-05,iam,8849,"Council meeting on October 16 , 1912 , George",-17.160604,23.18617
1,1,0.9997722506523132,emuru,9657,"of a mile and a half , came the yawl under her full",35.47515,-27.433468
1,1,0.996322751045227,emuru,9254,"window . Looked again , eyes starting from",-5.3277483,-12.403144
1,1,1.0,emuru,7740,the literal meaning of Pesach which,26.822594,-8.684261
0,0,7.380650686172885e-07,iam,8565,bowl of milk .,-13.898746,22.285353
1,1,0.9999980926513672,emuru,9972,We didn't approach unchallenged . Just short,16.780172,10.198365
0,0,3.2722120977268787e-06,iam,10141,"it ran . "" Your cards are lovely . I rang up Miss Harland",-20.847307,10.660702
0,0,8.715666410807899e-09,iam,9531,them . But next morning she insisted,-26.365059,-5.2397547
0,0,4.5450462494045496e-05,iam,10005,"saw himself as a sulky , ugly , malformed , repressed",-3.24445,8.982284
1,1,1.0,emuru,10010,"He didn't know what to make of it , but it",28.944914,-2.7249887
0,0,2.7987874773316435e-07,iam,7650,"your soul . "" This may seem very good , but there",-20.366457,-3.6828866
0,0,0.00010644846042850986,iam,7495,Northern defiance . The cameras played continuously on his,-0.9964917,25.978062
1,1,1.0,emuru,8534,The French have an inborn appreciation of good food and,27.97125,-18.765865
0,0,1.7637498217482062e-07,iam,8505,"streaks of poetry , meat disguised under heavy and vehement",-20.160713,31.121582
1,1,1.0,emuru,7523,Fourth Gospel by explanations based on assumed textual dislocations . The,27.476751,-21.634655
1,1,1.0,emuru,10028,There were few passengers on the plane and Gavin was,26.653414,-0.73317575
0,0,6.4912327957245e-08,iam,9652,except in moderate compliance with his father's,-11.285659,1.607328
0,0,8.191442191218812e-08,iam,9131,GO ; but the reason probably lay in elementary,-11.128625,27.924229
1,1,0.9999830722808838,emuru,8022,"From the above it follows that here , once again ,",10.151363,-1.3593292
1,1,1.0,emuru,7571,The other form of book was the codex . In this the,20.053469,11.776306
0,0,0.002237281296402216,iam,9356,Where are your souls ? ' Lily-yo and Flor looked at,-6.555362,-16.752363
1,1,1.0,emuru,9456,at the speed recorder . It seemed almost incredible that,30.213179,1.0524273
0,0,0.0001857912284322083,iam,8853,"Liberals , they were going to fight the Labour",-17.328054,2.449382
1,1,1.0,emuru,8788,"thus synchronous with cardiac systole but ,",-1.0241096,-11.010808
1,1,0.9983488321304321,emuru,10056,"can't find a table for two . """,30.56292,-31.914091
0,0,9.23931656870991e-06,iam,8086,is always from the north ) .,-0.055562127,6.925708
0,0,6.204108558449661e-06,iam,8053,to the discussion but because it was,-8.540386,26.225143
1,1,0.9999998807907104,emuru,7934,the office or works wonder what they,28.716766,0.31443068
1,1,0.9999895095825195,emuru,9220,"some dreadful ravine , or beset by",13.189414,1.620719
0,0,9.261838386009913e-06,iam,9214,"the mask , now , Ifor did . "" Dai Pugh , "" he bellowed . "" Leap on your bicycle",-19.065563,27.853476
1,1,1.0,emuru,10085,that he had only met a few minutes before .,22.087395,11.200759
1,1,0.9999901056289673,emuru,10210,"hours . If they get in before eight-thirty , even",41.913006,-37.35899
0,0,1.6257974493782967e-05,iam,9768,the lounge or return to his bedroom .,1.2413683,7.1107974
1,1,0.9999990463256836,emuru,9174,Caine too and Mr Gilberto who would ...,30.878395,-25.20545
1,1,0.9999998807907104,emuru,7664,"gratify selfish aims , then each man will gather-in",19.995369,-11.511447
1,1,0.9999953508377075,emuru,8558,as well as the foods for which they have,8.381698,-3.381998
0,0,2.360849293836509e-06,iam,9662,with part of that howling northwest gale .,1.6145536,25.507719
1,1,0.9999992847442627,emuru,9065,"friend of hers having married Lester Peron ,",5.995879,-9.157198
0,0,5.082912593934452e-06,iam,10061,"alone . "" "" I 've booked a table at the",-8.625929,11.409356
0,0,4.785966067899494e-10,iam,9169,"afraid , with a hoof shaped like the heel",2.0441318,19.519775
0,0,1.8921557057183236e-05,iam,8253,"said , "" the deafening peal of thunder , the sudden",-9.926502,18.05582
0,0,6.952860985620646e-06,iam,9299,The conductor switched on the lights .,-14.195609,36.342686
0,0,2.4192576830728285e-08,iam,8535,things that are typically French .,-20.878317,30.3164
1,1,0.9999998807907104,emuru,9548,"to account for my manners , "" he retorted .",16.929993,8.6554165
0,0,5.658343482650707e-08,iam,8962,abroad ; and no pedestrian to cross his path nor to wait,-25.523205,-5.063442
1,1,0.9207957983016968,emuru,8699,When the King and his Council required additio-,-6.379545,-8.4270315
0,0,2.5636329610279063e-06,iam,8970,"Deadly stillness , deadly portent !",-15.368822,20.697754
0,0,0.0070189968682825565,iam,10225,"mouth , an act of devotion he didn't over-indulge .",2.0940127,27.838661
1,1,0.9999505281448364,emuru,8807,were sold at 32 pieces for one shilling .,11.610123,-17.42049
1,1,1.0,emuru,9739,bombs during the last war . Having deposited his,29.747087,-17.54637
0,0,1.633966894587502e-05,iam,8001,thing at a time . A list or a plan enables us to,-2.6970742,9.632519
1,1,0.9999949932098389,emuru,8256,darkness .,19.020454,1.126178
1,1,0.9998805522918701,emuru,10149,to the man she had spent so much time,2.6546495,-12.404993
0,0,0.00020753413264174014,iam,9573,"sake show a glimmer of reason , "" was his",2.6474729,27.06382
0,0,0.0020045959390699863,iam,9934,"Marshal , "" I added . His face was fixed ,",-0.32910746,-16.12244
1,1,0.9999822378158569,emuru,9420,obvious that she did not fail to appreciate the,-7.8387794,-10.611253
0,0,7.759851541777607e-06,iam,7933,"homes . It is easy , desperately easy , to lead",-15.30837,24.383472
0,0,0.0013810371747240424,iam,10283,he put back his professional,-6.203601,12.661816
1,1,1.0,emuru,8065,on the saying of R. Joshua b. Levi which,30.83072,-0.9081561
1,1,1.0,emuru,9108,to him as those a lawyer makes in a court,-0.8571914,-25.696728
1,1,0.9999963045120239,emuru,8525,The French have an inborn appreciation,6.7048044,-5.240701
1,1,0.9999996423721313,emuru,9495,"own veranda , that he had taken the liberty of",18.814388,12.237642
1,1,1.0,emuru,7944,write out all the necessary jobs waiting to,29.336777,-14.935442
1,1,0.9999978542327881,emuru,7608,with all his might and studies the,39.687126,-36.10027
1,1,1.0,emuru,9145,"whose presence I could almost smell ,",20.841885,-9.375938
1,1,1.0,emuru,8810,"mix 100 stone of bread in 12 hours , and Kate served in the",20.675735,7.3266363
1,1,0.9999998807907104,emuru,8059,become so well known that it was,20.003735,1.5001351
1,1,0.9999998807907104,emuru,8803,He was a socialist and believed in the right,18.499794,-12.629936
0,0,3.2930988709267695e-06,iam,10360,the deceit . The lies . ',-25.593353,29.100868
1,1,0.9999977350234985,emuru,9363,' You see . You needed them no more . You are still,14.132888,11.500622
0,0,3.3239777508242696e-07,iam,9831,"nothing to tell me , yet . But we 'll be meeting",-16.815784,10.440068
0,0,8.696603437385875e-09,iam,9583,have had it in for Guy .,-6.41281,25.836864
0,0,8.938766882238269e-07,iam,10253,"enquired , combing his thick , tawny hair . "" To bring",-8.391321,20.613392
0,0,2.7454436946072747e-08,iam,7679,"that your heart be not deceived , and 1ye turn",-10.596748,21.321697
1,1,0.9999998807907104,emuru,7821,the harvest of which may still be being,18.359192,4.0873904
0,0,2.4414976707021196e-09,iam,9624,"and warm sympathy , as she explained",-25.091103,-3.7640314
0,0,1.505200515339311e-07,iam,9809,trifle too comfortable and humdrum .,-8.402297,17.456427
1,1,0.9996627569198608,emuru,10286,"icy politeness , such withdrawn",37.8924,-33.710224
1,1,1.0,emuru,7930,a ' double ' life without ever deliberately,21.684841,-7.8742766
1,1,1.0,emuru,8027,actual practice of greeting by the divine,18.835821,-18.852276
0,0,0.00025088616530410945,iam,7519,the Synoptics can be reasonably solved by paying due regard to the time and,-8.280861,-1.0366101
1,1,0.9999641180038452,emuru,9102,we came through to 4makrodeb status and,-0.07667239,-15.942429
1,1,0.9999996423721313,emuru,9371,well we can - think . This tribe of the True World,18.734634,6.872858
0,0,2.8715779754051596e-10,iam,7926,pipeline of the railway on which they,-21.2531,-2.4972017
0,0,2.935286715910479e-07,iam,8497,"fire , aerian creams , ingenious pastries and a",-20.524584,31.256317
0,0,7.551113412773702e-06,iam,9780,nature - I assumed that you both knew who I,-8.414383,32.150394
0,0,6.394623778760433e-05,iam,8036,The question and answer with regard to the,-6.3201613,18.288761
1,1,1.0,emuru,8341,the progress of civilisation which allows a dish,27.064507,-21.871172
1,1,0.9999998807907104,emuru,7685,"yourself , under such conditions the goods are your gods .",21.806124,-17.33021
0,0,4.693313894676976e-05,iam,9904,"morrow as likely as not . "" I paused . "" Miss",3.1909153,24.927439
0,0,0.0013172088656574488,iam,9962,opened out into a wide shallow draw .,-0.031071572,30.511011
0,0,1.626943344490428e-06,iam,7924,travel day by day .,-16.11813,0.89023864
1,1,1.0,emuru,9763,""" Make it a large one , darling . I know the naval",30.18057,-17.006365
0,0,0.0018292154418304563,iam,9109,But privately he turned out to be as friendly as,-10.4913845,15.390437
0,0,0.00011680123134283349,iam,8068,"Palestinian teacher , R. Eleazar ( 3rd Cent. ) :",-4.530762,29.981321
0,0,2.991034125443548e-05,iam,9908,""" Yes , "" he said . "" I know . "" "" No harm must come",-13.9831085,29.777504
0,0,2.7439895688985416e-07,iam,10158,""" That is a pretty dress , "" Lilyan commented , obviously sensing",-21.833632,2.1815562
0,0,3.3022327983189825e-08,iam,8582,without going through the formality of having his turbot,6.3609385,20.34631
1,1,0.9999998807907104,emuru,10225,"mouth , an act of devotion he didn't over-indulge .",18.530233,-19.279247
0,0,2.1405985251021775e-07,iam,9648,rocks in an' out o' de water .,-18.781858,26.616953
0,0,4.742688361147884e-06,iam,9093,"country lawyer , and we were very small 4microdebs , weren't we ,",-1.5551995,9.219079
1,1,0.999962568283081,emuru,8007,elsewhere .,14.280293,12.493101
1,1,0.9999967813491821,emuru,8951,""" They have come ! "" he said reverently , gripping his",38.590866,-31.050053
0,0,3.907102197331369e-09,iam,9872,a substantial breakfast . Although usually a very,-30.73234,28.681372
0,0,7.189193274825811e-05,iam,8754,Trebling the rate was arrived at by a simple,-20.829216,-8.352151
1,1,0.9999997615814209,emuru,8618,comparing the failure of a subsidized duke,16.314308,-20.781723
0,0,0.004829907324165106,iam,9577,"idyllic surroundings . "" "" How dare you say",37.75687,-40.289635
1,1,0.9999980926513672,emuru,9642,We all know how Balicou Island dangerous,37.27758,-29.587011
0,0,0.0004679469857364893,iam,8226,"Perhaps the news of their search got around ,",-32.2123,16.0129
0,0,8.371092917514034e-06,iam,7699,"ne through the mill , we need not teach them",-22.15481,-9.233287
0,0,0.007105505093932152,iam,8107,In this 200-fathom trench the herring do not touch the bottom .,-14.063272,-10.992443
1,1,0.9999997615814209,emuru,8975,almost painful sharpness . He reversed and,11.330388,-16.92368
0,0,3.005376072451327e-07,iam,9741,"empty , save for the lady known by all habitue",-8.1102915,23.669807
0,0,2.0917340776138715e-11,iam,7838,"lives and that the nearer we get to Him ,",-29.885263,20.278763
1,1,1.0,emuru,7734,how to live and accept all the bitterness,25.838207,-8.654784
1,1,0.9999995231628418,emuru,8301,no letters or papers found on her to assist identi,17.850807,-5.454592
1,1,1.0,emuru,8262,"The first was that of Mr Gold , in the famous",3.6898181,-3.1595025
0,0,2.1351426937599172e-07,iam,7947,"be done and then work quietly through them ,",-4.3550224,8.987613
0,0,1.1357856237736996e-05,iam,9771,"What are you waiting for , darling ? The officer is",-1.254197,8.454964
1,1,1.0,emuru,9013,a new and strange phenomenon .,19.97536,12.083632
0,0,0.18724238872528076,iam,8993,There can be little doubt that if the,-12.266784,-3.4604766
1,1,0.9999964237213135,emuru,10126,"Gay , and don't even contemplate throwing",11.556765,-14.529508
0,0,3.10256946249865e-05,iam,7974,started day one again and so on .,-16.551104,2.1898963
0,0,7.539389343946823e-07,iam,9091,"wives , romanced about him in his absence . "" Lester was a",-3.648799,3.878752
1,1,1.0,emuru,7951,"if she made a list , followed a routine of work",29.515652,-15.362536
0,0,6.09551825618837e-05,iam,9893,must continue as before . During this period the Captain,-7.4801674,20.399347
1,1,0.9999829530715942,emuru,7826,of twelve or thirteen under the,0.4448749,2.8364334
1,1,0.9999998807907104,emuru,9305,"Rev. Edwards , standing at the front ,",22.023817,12.922427
0,0,2.1556900264840806e-06,iam,8552,"saffron , Soles , onions , garlic , roach and dace .",-18.90236,20.07411
0,0,1.924280823573099e-08,iam,8662,Social service as a function of government,-33.291176,-0.41932696
1,1,1.0,emuru,10025,"taxi . "" Just a moment , darling , "" Gavin pressed her",25.399525,-17.377928
1,1,0.9999812841415405,emuru,9772,"yourself , "" she said with mock severity .",15.066269,4.2498155
0,0,7.668739272048697e-06,iam,8020,already in the hands of the Redactors .,-5.286915,23.039825
1,1,1.0,emuru,8528,"writers , music composers and other",23.319218,-7.3787107
0,0,2.2841624147673656e-09,iam,8706,"at ' colloquies of merchants ' , and whose",-28.243956,-9.993272
0,0,0.001389012672007084,iam,9388,Flor - this other man creature is plainly useless -,-13.772382,15.829412
0,0,1.54338458679959e-10,iam,10129,glad to be able to occupy herself .,-23.13461,8.225611
1,1,0.9999996423721313,emuru,8569,it # impaired the intellectual faculties . Bunyan's,34.69435,-24.622293
1,1,0.9999839067459106,emuru,10027,"hand and smiled . "" I want to check up on the",14.122014,-0.11000316
0,0,6.211996605998138e-07,iam,8777,"and of the artery-like vein , and expulsion of the",-32.858524,7.276934
1,1,1.0,emuru,8574,in food . At one dinner he is said to have,18.361216,-5.440331
0,0,0.012327783741056919,iam,7463,""" My September Love , "" the big David Whitfield hit of 1956 .",-9.412286,27.42949
1,1,1.0,emuru,8544,"could outdo ; Green herbs , red peppers ,",27.865839,0.07261224
0,0,2.6235058570023284e-08,iam,8216,"a dark moustache , and wearing a frockcoat",-27.658405,5.316084
1,1,0.9999723434448242,emuru,9005,"some weakness , and find a way of fighting",39.164284,-28.0518
1,1,0.9999992847442627,emuru,8407,his birthright to him for a mess of pottage - and,4.618029,-7.3705473
1,1,0.9999996423721313,emuru,7487,affairs . The Wesker interview will be seen at a later,15.516856,-23.493855
1,1,0.9999996423721313,emuru,8344,ladies toying with these primitive morsels in the,-0.84548604,-9.221196
0,0,4.33368396723921e-10,iam,8633,of the French war was a navy in unquestioned,-24.5342,-7.556094
1,1,0.9999998807907104,emuru,7807,Or when he found cock-fighting going on in church ?,33.17651,-18.998047
0,0,0.00027160378522239625,iam,8089,"helped and hindered by water flow ,",-2.706624,7.566544
1,1,0.9999992847442627,emuru,8905,' Coulsdon and Purley Patriotic Fund ' in whose counsels and committees,5.911245,-9.2899475
1,1,0.9978098273277283,emuru,10082,decided to go back and join Lilyan and,9.736961,18.612013
0,0,0.0007803043117746711,iam,10080,"Gay stood irresolute for a moment , half",-9.654566,22.311495
0,0,4.962157973409376e-08,iam,10213,very evening ?,-22.282206,-8.412635
0,0,0.0004634442157112062,iam,8812,"evening , when George went to speak at Malin Bridge ,",-4.1839643,-6.2973576
1,1,0.9999939203262329,emuru,9590,hardly have spoken with more contempt .,38.152534,-28.760494
0,0,1.2226287759986576e-09,iam,8324,dance ; nothing the German would,-20.540388,29.24949
1,1,0.9999722242355347,emuru,7679,"that your heart be not deceived , and 1ye turn",7.697778,5.990556
1,1,1.0,emuru,7497,"scene , ranging from pubs , the Eton wall game ,",23.750046,-12.7222
1,1,1.0,emuru,8428,"Anyhow , Homer does not seem to have known any",14.418221,-5.7522902
0,0,1.182026991841667e-07,iam,10097,ging a smile .,-11.643326,-15.0243025
1,1,0.9999974966049194,emuru,9887,though in peace time these happenings are few and,16.288849,-16.18928
0,0,0.00010009835386881605,iam,10256,"what you 'd get , "" she flashed at him , and",-10.7086525,23.663517
1,1,1.0,emuru,9345,things we will tell you . All who make the journey from,16.70613,-9.866667
1,1,1.0,emuru,8691,"None of these classes , except the yeomen , paid or",18.009893,-12.3208275
0,0,0.00027386914007365704,iam,10368,"just dusty-grey but muddy , slimy even .",-19.425749,5.150325
0,0,1.392887138962351e-08,iam,8282,"doctor , the woman , young , small , and rather plump ,",-19.827044,-1.5651877
0,0,2.5400771846761927e-05,iam,7800,"by Calvinists and Puritans , and the sentiment was",-6.2812853,-0.04006369
1,1,0.9999980926513672,emuru,8886,"warming up by constant prayer and worship , and we",-4.0378904,-12.803358
0,0,0.00019184243865311146,iam,8111,shoals that gather at the Knoll or,-6.3561735,2.2541728
1,1,0.9992706179618835,emuru,7814,"that their fears are groundless , indeed to us they appear laughable ,",16.494238,-25.610159
0,0,0.0030983961187303066,iam,9426,so much confidence in her . Once again,-7.409899,5.2298455
0,0,7.5417001426103525e-06,iam,7616,Such a Shamir possesses the real acid,-10.585681,-4.3550754
1,1,0.9999998807907104,emuru,10083,"Larry's advice flashed through her mind ,",9.406488,4.486184
0,0,0.000852846191264689,iam,8066,' The Holy Spirit manifested itself in three places :,-15.36076,12.189353
1,1,0.9999997615814209,emuru,8539,baisse and sang - This Bouillabaisse,0.47157472,-22.788452
0,0,1.7961665434995666e-05,iam,9136,"had to get to pay off their college bills , were naturally",-18.857119,7.9621277
1,1,0.9999028444290161,emuru,8709,excess of the rate for native merchants .,-0.14634065,-1.2536186
1,1,1.0,emuru,7822,"into themselves , so that they become",15.558939,-11.50782
1,1,0.9999998807907104,emuru,8530,the gusto which they derive from gastronomy is intellectual,22.761017,-10.339819
1,1,0.9999988079071045,emuru,8023,because the Mishnah deals with the,20.78898,13.470458
1,1,0.9999997615814209,emuru,8649,"war , there was a constant stirring of",26.151413,-2.7307339
0,0,0.005413242150098085,iam,7706,And the tsitsits had a message sealed inside the knots,-10.469795,-4.5415196
1,1,0.9999730587005615,emuru,7772,to the Catechism following ' were added . But Confirmation,40.517616,-38.569706
0,0,2.0161673219831755e-08,iam,8234,have been very thankful that the science of,-14.468347,8.320539
0,0,1.165579521789084e-09,iam,8527,There is the same finesse about their,-24.214176,35.45195
0,0,0.0013726915931329131,iam,9569,""" As your employee it 's not my business",-6.8522024,-16.505138
0,0,1.5021691979200114e-06,iam,8354,"persisted down the ages , the motive that preserved",-32.450405,30.056671
1,1,1.0,emuru,8882,for prayer and quiet . In time we received similar,-0.92993444,-10.807366
0,0,1.7445136446525566e-09,iam,8725,scale of payments was fixed for the,-25.20711,25.72771
0,0,2.9128611345186073e-07,iam,9479,"thought he could recognise the route of N12 ,",-18.361496,-2.5018125
1,1,1.0,emuru,8777,"and of the artery-like vein , and expulsion of the",19.626524,-4.139663
1,1,1.0,emuru,9116,which had grown up during the Moon's,20.862253,5.7946544
1,1,0.9994425177574158,emuru,9233,away at a rate of knots .,-3.8092737,-13.160631
0,0,5.5505806813016534e-05,iam,7940,necessary weariness . ( a ) Order makes for a decrease in tiredness .,-11.759084,-9.879228
0,0,0.0010702803265303373,iam,7976,Monday was day six and Tuesday,-15.392472,-5.238396
1,1,0.9999996423721313,emuru,7673,seeking self .,4.1397495,13.876288
1,1,0.9999997615814209,emuru,9845,we give him the publicity . ' The Honourable,15.403883,-19.090355
1,1,0.9999462366104126,emuru,9721,few moments later the yawl was upside,38.299385,-24.369976
1,1,0.9999926090240479,emuru,9449,turned the scale slowly to cover the,3.0934966,-0.9007708
0,0,0.0003903784672729671,iam,10230,""" What about it , my sweet ? "" "" Well , "" she laughed",-22.326,17.12433
1,1,0.9999996423721313,emuru,8890,such a beautiful building with suitable fittings ; I made,21.794254,-16.715986
1,1,1.0,emuru,8555,in France as is tea drinking among ourselves and it is,21.101227,-9.611569
1,1,1.0,emuru,9203,Dinas Motor Omnibus Co. to ask what had happened to their,19.928417,-24.159298
0,0,0.002970656845718622,iam,10305,felt that part of her was leaving,-5.2556205,13.181175
0,0,2.284012589370832e-05,iam,7795,"the Jesuit , Fisher . But anyone who was friendly",5.9201164,22.87428
1,1,1.0,emuru,8192,"small , a matter of a foot or two . With round",29.008606,-1.6084803
1,1,0.9999998807907104,emuru,9990,outbuilding where the grave digger kept his spades,19.355276,15.06222
1,1,0.999754011631012,emuru,7530,how this enlargement was effected nor has he,14.327754,13.522831
1,1,0.9989672899246216,emuru,8296,forthcoming about any carriage with an open,-7.1537952,-5.122552
0,0,2.153684363292996e-06,iam,9201,""" Good-bye , Dai , "" said Morfydd , smiling from the bottom step .",-19.982502,26.46688
1,1,0.9999715089797974,emuru,8908,task involved a very great deal of detailed work for,0.8422462,-12.269346
1,1,0.9992951154708862,emuru,7696,"they may be as frontlets between your eyes . "" First to",10.538312,-16.265911
1,1,0.9999935626983643,emuru,9014,foot to Dan's house . Dan came,10.839144,-1.8175355
0,0,3.6627486110774043e-07,iam,8557,"food , believing that it impaired the",-22.63446,28.667326
0,0,2.6776962158692186e-07,iam,9474,along which he had motored so desperately little,5.2531137,27.090559
0,0,2.4541912353015505e-05,iam,9425,she checked back her instructions . It was,-5.7712393,-12.115424
1,1,0.999998927116394,emuru,8093,the Fladen Ground ( where again most big,12.013851,-21.822268
1,1,1.0,emuru,9510,north of the island .,33.46537,-33.43854
1,1,1.0,emuru,9573,"sake show a glimmer of reason , "" was his",22.078007,-18.402979
1,1,0.9958102703094482,emuru,8482,of it in almost any provision shop .,41.789528,-41.130783
0,0,0.0031696248333901167,iam,10205,"I 've got to see 'em . If I am free , though ,",-29.224646,15.967359
1,1,1.0,emuru,9068,"know , I had to send back our bedroom",27.566853,0.61790395
1,1,0.999996542930603,emuru,7789,became the foster mother of some of the most,13.545663,-0.64282846
1,1,1.0,emuru,7719,the salt-water at the Seder-Table represents the Covenant of the Torah,28.213297,-11.223598
1,1,1.0,emuru,7631,"Lord , as the waters cover the sea . "" ( Hab. 2 , 14 . )",14.370464,-13.472978
1,1,1.0,emuru,9482,of the journey back to the place where every,22.303349,-3.6516347
0,0,0.008111539296805859,iam,7596,A natural transition from gardens and,-11.413504,4.232752
1,1,1.0,emuru,7870,The mind tires first and conveys the impression,10.896471,-13.872386
0,0,0.004406272899359465,iam,8840,"with them , particularly those who , like the Rev.",-31.389389,31.525234
1,1,0.9998016953468323,emuru,9764,inside a submarine casing to defuse a Jerry,10.635638,-14.651593
1,1,1.0,emuru,8785,of blood from the wound . Arterial diastole is,21.725746,-13.910944
0,0,0.0008947516907937825,iam,10134,to get out her compact and saw Grace's,11.712397,2.6931179
1,1,0.9999994039535522,emuru,7910,sleep in blissful ignorance of what might,18.410946,4.2338862
0,0,9.198818588629365e-05,iam,9991,of the church where there was a small open,-10.947084,8.345624
1,1,1.0,emuru,7936,need to be handled correctly .,19.311186,-2.2829509
0,0,0.0018324553966522217,iam,9078,sphere of the sun . A matter which on Earth would hardly,-8.553105,-7.31938
0,0,6.426926847780123e-05,iam,8031,by the Gemara in support of R. Joshua b.,-5.9092054,14.435842
1,1,0.9999969005584717,emuru,10228,""" 5Ye-es ? "" he lowered his eyes and kissed her on the",40.89214,-29.657146
0,0,7.237129580062174e-07,iam,9984,Mr. Copthorne knew a way round by the side,-17.966587,33.43816
1,1,1.0,emuru,7469,round a doll's house .,28.518953,-8.538186
0,0,3.74529562918724e-09,iam,8795,"said so . Being a craftsman and a skilled man ,",-28.17832,-9.850059
0,0,8.543802687199786e-05,iam,9043,"walked , or drove , or waited as a person possessed of",-7.4807453,25.140104
1,1,0.9998084902763367,emuru,10240,to have an open quarrel,18.023586,15.036442
1,1,1.0,emuru,9276,"earth , and it seemed to her that she",22.757751,4.9591875
1,1,1.0,emuru,9109,But privately he turned out to be as friendly as,-1.9835416,-21.469378
1,1,0.9998847246170044,emuru,9915,and have a look at the mining camp .,-0.38033095,30.74274
1,1,0.9999990463256836,emuru,7727,"meek : "" But the meek shall inherit the earth ; and shall",17.432495,-9.591355
0,0,0.00012254422472324222,iam,9346,tigerfly is not a tigerfly until it changes . So humans,-12.575024,13.23731
1,1,0.9999555349349976,emuru,8961,loses its beat in death .,38.36117,-27.864723
1,1,0.9999997615814209,emuru,9189,"mood . Even the Indian servants relaxed , knowing ,",38.79288,-30.88166
1,1,0.9998914003372192,emuru,8635,"Brittany was compelled to attack via Calais ,",13.636535,-18.425375
1,1,0.9995405673980713,emuru,8245,Some thought that the result would be all,7.4121428,5.7126837
0,0,3.3969200785577414e-09,iam,9128,step . He looked as if nothing Moke and his,-36.16755,16.375782
0,0,4.019520019937772e-06,iam,8755,"arithmetic which argued that , as the first",2.8699238,23.784292
1,1,0.9999641180038452,emuru,10204,""" Bless you ! I hope Luke is suitably grateful , darling . "" "" Oh , well , """,10.745596,-15.252165
1,1,1.0,emuru,8849,"Council meeting on October 16 , 1912 , George",6.974329,-14.617348
1,1,0.9999994039535522,emuru,8220,"defective , and , despite his claim to infamy ,",7.239436,-11.106875
0,0,6.6744046307576355e-06,iam,9839,"Service matters . """,-33.8996,20.735846
0,0,0.0019698096439242363,iam,9719,With four doing the job and the waves,-6.5931234,23.802162
0,0,1.064049648391574e-08,iam,9689,"everything , when he wants to . """,-10.0297365,10.672844
0,0,0.0014430327573791146,iam,10347,origin of her recent illness . His notes,-3.0206301,22.830275
0,0,2.10215148399584e-05,iam,7993,the washing on a Monday .,-13.610785,-0.0019478167
1,1,1.0,emuru,9381,command the knives of others . ' ' No hurt will,31.406792,-2.105737
0,0,1.277446681768879e-08,iam,10023,and her luggage had disappeared and they were alone,-26.116854,22.170044
0,0,5.887228204937145e-11,iam,8739,by a Parliament which met at Northampton .,-24.414747,26.61489
1,1,0.9999730587005615,emuru,8858,"Alf Barton , who in 1911 was presented",0.4177233,-8.087046
0,0,2.003772806347115e-06,iam,8900,"became very urgent , and I was asked to be Chairman",0.47437823,21.190855
0,0,0.0009320168755948544,iam,9015,nor sound of flying saucers . So they,-3.0317929,29.894773
1,1,1.0,emuru,8423,"length subside , He throws a bed of glowing",23.270979,-8.188828
0,0,1.6713132936274633e-05,iam,8784,"the ventricles , there is often forcible expulsion",-11.6782875,19.919897
1,1,1.0,emuru,8037,answer or that our sugya is quoting from,20.870163,-19.20398
1,1,0.9999996423721313,emuru,9007,ting how the Thetan machinations had been,40.47599,-33.601433
0,0,1.6915834066821844e-08,iam,9766,"came to the rescue . "" You haven't introduced",-22.254784,26.384626
0,0,2.405446139164269e-06,iam,8116,and fishing gear leads to an overall,-7.401289,12.908469
0,0,7.655232820980018e-07,iam,8954,upward and shook his head slowly from,-27.576988,14.275531
1,1,0.9999922513961792,emuru,9961,over a fairly wide area working singly or,14.527583,-27.01881
1,1,0.9999972581863403,emuru,7553,it is now used to mark a paragraph ending . Frequently,14.007253,-14.81659
0,0,3.7176266687311e-06,iam,7724,Tradition .,-16.683254,-2.6606252
0,0,8.808397979009897e-06,iam,9047,"as arranged , but he consoled himself by",-8.072913,-0.8175876
0,0,7.325016326831246e-07,iam,8039,quoting a well-known question and,-23.874207,-5.8572106
0,0,0.021262113004922867,iam,9134,"Stepping out in their white shorts , they looked glad enough",-8.257558,-8.216189
1,1,0.9999970197677612,emuru,9103,Sentence Database,29.303732,2.1287415
0,0,5.780238097941037e-06,iam,8065,on the saying of R. Joshua b. Levi which,-11.457787,13.025987
1,1,1.0,emuru,9002,on her part ; but he thought it a good idea,40.099895,-33.369728
1,1,0.9998980760574341,emuru,10305,felt that part of her was leaving,29.080557,-33.181828
0,0,1.4759397117813933e-06,iam,8446,they broke fresh ground and called another sense,-18.92326,23.750433
0,0,1.0004567229771055e-05,iam,9910,men who 'll be after that coach I 'm interested,-8.252193,32.48795
1,1,0.9999998807907104,emuru,8913,life .,30.836077,-8.627503
1,1,1.0,emuru,8682,The people - Langland's ' folk ' and Gaunt's,26.7983,-10.325405
0,0,4.9221148401557e-07,iam,9745,"famous Portsmouth hostelry , second only in historic",-8.654776,1.2493336
1,1,0.9999995231628418,emuru,9413,"his own life , but Geoffrey's as well , to a strange girl",40.190914,-32.867252
1,1,0.9999997615814209,emuru,9293,"few lone stars , and the distant earth",4.016125,2.9544327
0,0,6.217192549229367e-06,iam,8903,co-operation especially with the other Christian communities .,-19.391573,14.41917
0,0,1.0477973773959093e-05,iam,8901,"I found myself deeply involved . At first , the main work was to help",-30.622793,14.510376
0,0,9.847772162174806e-06,iam,8973,flying saucer was tilting and dipping over,4.632059,21.184332
0,0,5.288497959554661e-06,iam,8596,but all the Chelsea philosopher did in return was to,-18.11037,2.550421
1,1,1.0,emuru,7695,"shall teach them to your children . "" And as we have go-",18.074379,-20.716558
0,0,7.756766535749193e-06,iam,9121,which might in time become social fact,-18.38147,22.738153
1,1,0.9999265670776367,emuru,8815,they would be there to begin the meeting .,40.10555,-39.41255
1,1,0.9999834299087524,emuru,8571,"had a great contempt for animal food , believing that",39.446136,-34.19865
1,1,1.0,emuru,7543,which is most likely to have been the original,28.04131,-3.3632598
1,1,0.9999814033508301,emuru,10013,""" You 're very early about , sir , "" he said , trying to",0.59506553,-22.133839
1,1,1.0,emuru,10131,"letter . She drew it out and opened it ,",15.0765915,-17.604254
1,1,0.999427318572998,emuru,9591,"dares to stand up to him . """,12.924242,2.61761
1,1,0.9999815225601196,emuru,9100,"at the same time a door banged - "" but don't",5.5824795,-14.276534
1,1,1.0,emuru,9271,looked down at the fast-disappearing,27.565247,-9.310838
1,1,1.0,emuru,8550,"The "" pot-au-feu "" is as much a national institution",24.506111,0.12939689
1,1,0.9998997449874878,emuru,10341,"her word . There was enough evidence ,",12.528035,0.93472654
1,1,0.9999997615814209,emuru,9039,"First , it was Sunday morning ; and , second , everyone",39.96989,-30.84476
1,1,1.0,emuru,9738,months ashore while Pericles was refitting in the,12.251368,17.875387
0,0,3.402388415452151e-07,iam,7539,THE Fourth Gospel was almost certainly,-24.411234,19.365505
1,1,0.999962568283081,emuru,7544,text with absolute precision .,0.51457417,-4.7985115
1,1,1.0,emuru,9942,could see far over west and north for many,21.180485,-18.250978
1,1,0.9999998807907104,emuru,8633,of the French war was a navy in unquestioned,21.33018,-21.563757
1,1,1.0,emuru,10076,"Doc , while she wanted to do no more than",15.757866,-7.1209493
1,1,0.9998350143432617,emuru,8720,borders between private and public purse were,5.879714,2.136588
1,1,0.999998927116394,emuru,8754,Trebling the rate was arrived at by a simple,18.351532,16.15209
1,1,1.0,emuru,8405,"make water hot by dropping a red-hot poker into it ,",28.486725,-2.2277238
1,1,0.9999998807907104,emuru,7726,11 ) . That gives us freedom from want .,31.302227,-24.902754
0,0,1.122846371437447e-09,iam,8536,"The "" pot-au-feu "" is as much a national",-30.131481,11.611134
1,1,0.9999998807907104,emuru,8326,Italian would not sing ; no music,34.987873,-10.200591
0,0,2.5686497338028857e-06,iam,8245,Some thought that the result would be all,-11.862958,25.702946
0,0,2.6143420761570724e-10,iam,8623,the longbows of yeomen could pierce the,-24.884027,-7.8803425
0,0,1.3036653001563536e-07,iam,7870,The mind tires first and conveys the impression,-7.715149,0.5081611
1,1,0.9999977350234985,emuru,9075,"Sally made a mistake about me , "" he said one",0.5995904,-19.085499
0,0,5.016811701352708e-05,iam,9251,"Immersed in the Dinas Advertiser , was the",-5.7928476,29.362885
1,1,0.9500864744186401,emuru,9514,express their disgust at Sir John's abominable treatment,42.344574,-41.58611
0,0,9.556146807199184e-08,iam,8335,"many centuries ago , in some cave or hilly",-32.686703,30.152992
1,1,1.0,emuru,8895,to put beautiful things into a beautiful church,23.781166,0.91452086
1,1,0.9999996423721313,emuru,8911,"Indeed , for the next seventeen years , during my time at",35.901882,-25.329977
0,0,1.6920124835451134e-05,iam,10081,"loved her , was already flirting with a girl",-6.5294952,29.29004
0,0,3.341627348163456e-07,iam,8182,was actually just off the bottom and was,-4.296053,8.357342
0,0,8.284479918074794e-06,iam,10322,what they were saying . Sandra,-19.325232,10.386491
1,1,0.9999270439147949,emuru,9717,You look . Little one more as fifteen,7.226793,-1.171796
1,1,1.0,emuru,9890,must present an unruffled appearance and carry on as,25.484581,-17.297285
1,1,0.9999955892562866,emuru,10270,"if one walked slowly , between road and",36.221825,-30.71108
1,1,0.9993749260902405,emuru,8876,had been a House of Prayer . I could not but feel the,39.67413,-40.207245
0,0,6.6971312939756444e-09,iam,8764,"the heart becomes generally constricted , its walls thicken ,",-14.437672,11.196373
1,1,0.9999947547912598,emuru,8085,the herring must continue to migrate over,38.62659,-27.33848
0,0,0.0036673310678452253,iam,9182,Mr Septimus reserved and certainly very,-19.372267,10.873846
1,1,0.999990701675415,emuru,8176,"sea-bed , though the footrope in this case",35.94244,-13.3837385
0,0,2.4121169190038927e-05,iam,8191,but more films are needed to prove this .,-14.261388,23.53189
0,0,1.6178312023384933e-08,iam,9070,"was a Static Mib , the middle-income-bracket equivalent",-17.747843,-3.511369
1,1,0.9999998807907104,emuru,7541,scholars who have compared the many manu-,16.980625,-12.622216
1,1,1.0,emuru,9698,""" Willie , "" the judge said huskily ,",32.491722,-17.017618
1,1,0.9999687671661377,emuru,8435,from lifted urns .,3.8160155,-2.3590908
0,0,6.026029897299168e-09,iam,8285,into the path of some train ? This hardly seemed,-18.324965,-1.8255861
0,0,3.7696005165344104e-05,iam,7755,brought out from under the burdens of Egypt ?,-12.612668,12.922116
1,1,1.0,emuru,9028,Heather and Steve tried to make themselves,27.89344,-6.6406655
0,0,2.4323288016603328e-05,iam,9294,The beleaguered passengers peered out of,-4.017622,23.536488
1,1,1.0,emuru,8792,"three auricular beats , produce a single",27.883554,-9.988639
0,0,3.5058153002864856e-07,iam,7631,"Lord , as the waters cover the sea . "" ( Hab. 2 , 14 . )",-18.811281,21.6647
0,0,4.2800795085895516e-07,iam,9505,""" I caught him just as he was going to the",-9.197793,24.49671
0,0,6.072993841144125e-08,iam,9319,"pool and ration our supplies of food , if any . """,-27.673208,2.1066556
1,1,0.9999998807907104,emuru,9347,"stubbornly , throwing himself down . But Lily-yo and",22.563631,-10.125244
0,0,3.990419827459846e-06,iam,8101,gravelly soil of these many roughs where the spring-,-20.790638,4.9047647
0,0,4.975110277882777e-05,iam,7587,"over the binding , or the whole codex rebound .",-13.144704,-6.37071
1,1,0.9998767375946045,emuru,7599,supply . The pools are probably natural springs,35.279793,-29.64781
1,1,0.9999983310699463,emuru,10000,baptism according to the sect his parents belonged to .,38.592648,-29.439148
0,0,3.624315958461466e-09,iam,7553,it is now used to mark a paragraph ending . Frequently,-27.88249,1.3528244
0,0,1.9979655917268246e-05,iam,7955,I am more than conscious of this . How anybody,-13.185189,-6.080182
1,1,0.8485310077667236,emuru,9824,"companion . "" You want me to talk , is that it ? """,6.5148177,23.579817
0,0,3.569326963770436e-06,iam,9051,"back on Moon again , and able to do",-8.1821,2.5796642
0,0,0.0002673851267900318,iam,7822,"into themselves , so that they become",-28.212923,18.999102
1,1,1.0,emuru,9743,baggage and unpacked his overnight-bag he,28.756334,-18.084578
0,0,2.471506013534963e-05,iam,7864,"To others , the long hours of the night bring",-16.685778,23.58243
0,0,0.0036780182272195816,iam,9369,"itself and declared , ' To be a good shape is not all",-13.449184,16.479225
0,0,4.445946188980088e-08,iam,8384,"Epicures and gourmands , sated by the unending",-28.466887,10.073103
0,0,0.0008988338522613049,iam,7986,"It was a little complicated to work ,",-6.891807,1.2901676
1,1,0.994425892829895,emuru,10278,masterfully . ' You wanted it so,4.218996,9.238356
1,1,0.9999982118606567,emuru,10316,Love . She revolted against,36.70106,-27.163204
1,1,0.9999988079071045,emuru,10325,talking to Nicholas and wondering,33.547756,-17.65387
0,0,6.665552554352416e-09,iam,7764,"but those hopes were dashed . True , a new Prayer",-27.224142,-4.6829796
1,1,0.9999065399169922,emuru,8115,though somewhat dim picture .,-4.4482718,-1.6473709
1,1,0.9999959468841553,emuru,8512,"essentially French , and , irrespective of",7.5518513,3.7592216
1,1,1.0,emuru,9147,"' Something 's up , ' said Lord Undertone ,",22.201694,-20.8738
1,1,0.9999995231628418,emuru,10259,then regarded the ring which he retrieved,11.486279,-9.485572
1,1,0.9999713897705078,emuru,9716,"huh ? """,3.1213784,0.17586331
1,1,1.0,emuru,9795,know how you newspaper people value that commodity ! -,21.918205,-21.760923
0,0,3.744084824575111e-05,iam,8918,throughout . He had no sooner heard from Count Gamba,-9.147906,17.038788
0,0,1.0569861430553829e-08,iam,7568,"was generally a single-sided form of book , and it was not",-27.965591,1.1540523
0,0,8.574230741942301e-05,iam,9327,"Stared back did Price the Provisions , unwinking .",-5.4995494,32.286884
1,1,1.0,emuru,8941,his toes . He stretched his arms,22.00785,-11.7121525
0,0,0.0005144172464497387,iam,10210,"hours . If they get in before eight-thirty , even",-21.121965,12.2096405
0,0,0.00046404844033531845,iam,8123,fish at a certain spawning ground may,-3.3618047,7.620349
1,1,0.9999170303344727,emuru,8998,"I haven't a clue ; but , who knows ,",0.94311553,-22.003252
1,1,1.0,emuru,8496,than is customarily imagined as well as entering human,23.435108,-11.356007
0,0,4.4289933498475875e-07,iam,9220,"some dreadful ravine , or beset by",-7.171699,16.152151
0,0,3.291601160526625e-06,iam,7569,"overwhelmed Herculaneum and Pompeii in A.D. 79 , his",1.2343256,25.494032
1,1,0.9999980926513672,emuru,8187,would seem to be even more essential ;,15.537684,-0.82657045
1,1,0.9999996423721313,emuru,9895,if nothing unusual has happened . Harry Turton had,13.458289,-12.334291
1,1,0.9999994039535522,emuru,9006,not have been entirely an objective suggestion,41.3076,-35.76201
1,1,0.9996839761734009,emuru,10002,"canery and corruption , the growth of the dea-",40.568752,-40.005226
1,1,0.9999747276306152,emuru,10260,which had followed her slim young figure,-2.6674852,-2.470582
1,1,0.9999505281448364,emuru,8789,one can sometimes see it - so to speak,20.192232,8.302111
0,0,6.485798803623766e-05,iam,10259,then regarded the ring which he retrieved,-4.5301228,1.3045944
1,1,0.9999759197235107,emuru,8239,were many people who believed that to travel,5.591164,-11.494708
0,0,4.907229111950073e-08,iam,9547,"to make the presentation , I run the damned",-22.559992,29.800669
0,0,6.830652932166004e-09,iam,10084,Gavin although he had told her that he,-24.256325,30.506418
0,0,1.0282245057169348e-05,iam,8236,solution emerged . There has always been something,-26.282103,9.654918
0,0,0.0009180151391774416,iam,8593,placing his food in his mouth and gulping it down as,-13.7606,-3.4615705
0,0,3.275853543982521e-08,iam,8135,and Suffolk beaches .,-14.77031,1.4313107
0,0,8.723054634174332e-08,iam,9324,a great basket .,-30.097858,25.682407
0,0,3.614567978260652e-09,iam,9275,"fortitude , it now filled her with",-17.45536,34.37243
0,0,0.0032662178855389357,iam,7750,burdens of Egypt : How was it that Israel was,6.412554,23.514906
0,0,5.568373671849258e-05,iam,8177,indeed passing over some fish .,-6.5818315,13.678941
0,0,3.7351819059949776e-07,iam,8882,for prayer and quiet . In time we received similar,-11.332667,32.3815
0,0,6.970680601625645e-07,iam,9066,Board .,-18.926504,20.190752
0,0,1.8087817807099782e-05,iam,9187,"for such protection as our presence , or Mrs",-15.137652,20.232561
0,0,1.0987124369421508e-05,iam,7732,( This is the PARDUS . ) Matzo represents,-15.670706,28.157885
1,1,0.9617246985435486,emuru,9907,"in , Johnny . "" "" I know . But if lead starts",38.186897,-40.31287
0,0,1.565952345572441e-07,iam,7486,first big T V part . The play was a brilliantly-written,-19.260305,25.213787
0,0,6.23609812464565e-05,iam,9943,"a vast stretch of hills , canyons , buttes and",4.8846583,24.46237
0,0,1.1787453331635334e-05,iam,8482,of it in almost any provision shop .,5.3306537,25.430695
0,0,0.060605354607105255,iam,9615,I doubt it . He 's about as easy to push around,-19.06464,5.2159467
0,0,5.3669251265375806e-09,iam,10152,her .,-11.337489,29.517277
0,0,2.1559498009082745e-07,iam,9784,one in return and he was lonely .,-23.725441,5.897172
1,1,0.9999996423721313,emuru,8529,"her writers , music composers and other exponents of",9.342316,5.008153
0,0,5.825350399391027e-06,iam,9332,"Mutinous dog , thought the Rev. Edwards , who hadn't",-6.1199346,32.5615
1,1,0.9996850490570068,emuru,9692,"reached the pier , the judge on legs",39.16177,-39.34183
0,0,1.6300959941872861e-06,iam,8347,gleam and glitter of our latter-day restaurants .,-28.858019,-6.3733277
1,1,1.0,emuru,10055,"Lilyan remonstrated . "" They want to be",1.527286,0.6949695
0,0,1.9790620342519105e-07,iam,9277,""" But Eth and me wanted to be",-3.501273,24.324804
1,1,0.999997615814209,emuru,9611,"able destination . "" "" There 's a difference",1.9780554,-9.838547
0,0,8.45816066430416e-06,iam,9032,turned the tuning knob through all the,5.349288,21.743185
0,0,4.766309569248506e-09,iam,8259,"momentary shudder , or idea of destruction , a thrill",-21.978897,23.595922
1,1,0.999998927116394,emuru,8547,prepared at least once a week in every bourgeois,9.472964,2.9828775
0,0,3.3193764465977438e-06,iam,8331,say ; nothing an Italian would not sing ; no,1.571781,8.698848
1,1,1.0,emuru,10011,"his head , so the verger described afterwards .",29.266193,-19.582397
1,1,1.0,emuru,9202,"She was already up the bus steps , and the bus was away . And Morfydd Owen",13.206036,-23.11262
1,1,1.0,emuru,7563,reference .,21.429346,13.594624
1,1,0.9999996423721313,emuru,9813,"ssing . You 're in submarines , aren't you ? """,17.356565,9.409614
1,1,1.0,emuru,7816,"situation is frightening , and then to face",12.631342,-8.486317
1,1,0.9997745156288147,emuru,10358,' You can't forgive him for this -,4.5291443,10.266772
0,0,1.3424531175587617e-07,iam,8494,one of its most classic features to the Turkish rule under,-1.5677128,31.383047
0,0,0.003255851101130247,iam,9729,"said ; "" but I 'd better stop thinking that now .",-4.3182354,-13.850386
0,0,8.611564794591686e-07,iam,9453,particular area within its range . Geoffrey,-28.128674,12.211184
0,0,9.921799346557236e-07,iam,8591,"with Dickens says the menu was Whitstable oysters , a brown",-28.161503,-5.2220154
1,1,0.9999990463256836,emuru,8119,So the arrival of any particular shoal,36.548954,-26.79861
1,1,1.0,emuru,10080,"Gay stood irresolute for a moment , half",31.799728,-19.084145
0,0,3.62108949047979e-05,iam,9677,"quick shift of tiller , and at the same time",-10.502161,16.081314
1,1,0.9999998807907104,emuru,9507,said the first thing that came into her head .,18.734219,12.716452
0,0,0.0005856445641256869,iam,9942,could see far over west and north for many,4.139709,-5.2464294
1,1,1.0,emuru,10141,"it ran . "" Your cards are lovely . I rang up Miss Harland",22.945127,-22.769688
1,1,1.0,emuru,9893,must continue as before . During this period the Captain,17.135046,-4.0460896
1,1,1.0,emuru,8193,"find safety on the bottom , this cover",30.899042,-7.18742
1,1,1.0,emuru,9733,sick . Just because he 's an Honourable he can do,23.48582,-23.274881
0,0,9.589004912413657e-05,iam,10345,then Philip was so certain that Nicholas,-12.512049,17.905552
0,0,8.145669562509283e-05,iam,8817,they were able to obtain some respectable,-4.124326,11.78327
1,1,0.9999996423721313,emuru,10215,"NUF 121 . "" "" He probably loaned his car",33.553223,-17.715828
1,1,0.9990363121032715,emuru,9460,was resting could really mean hundreds of knots .,41.386204,-40.297462
0,0,2.1198890465257136e-07,iam,10188,seen in Farlingham on an occasion he had sworn he had,-18.306953,-6.5712237
0,0,1.2393917489528228e-11,iam,8750,"John de Kyrkby , a Londoner , was one of",-30.852892,25.916992
0,0,2.9722434646828333e-06,iam,8983,caped Thetan subjugation . This time . But we no,-21.37136,2.1993864
1,1,0.9999997615814209,emuru,8437,Above the coals the smoking fragment,31.779251,-26.908781
0,0,3.2684002171379234e-09,iam,8476,"alive , dipped in treacle and swallowed",-28.289328,-1.8237989
0,0,1.8028578779194504e-05,iam,7963,A lot of it is inevitable so that industry and,-9.739524,8.982989
1,1,0.9999815225601196,emuru,8967,"... this is BBC calling ... """,8.448505,-14.455439
0,0,0.00046062018373049796,iam,7717,cure our mental incapacity we should be willing,-25.58235,14.723891
0,0,3.405136885703541e-05,iam,8891,"the architect , himself a fine artist . It is quite possible",-26.89018,5.0246053
1,1,1.0,emuru,8378,"those days , as ever , ate sparingly , but",17.07754,-25.251234
0,0,1.1181961781403515e-05,iam,9725,"and then we 'll all get hold and heave . "" A",-4.854925,10.062874
0,0,3.7991185308783315e-06,iam,8332,would not do ; nothing an American would not,-31.243837,-3.985031
0,0,7.258714049385162e-06,iam,7461,Become a success with a disc and hey presto ! You 're a star ... . Rolly sings with,-22.524326,15.321848
0,0,1.5973496374499518e-06,iam,7531,The one real weakness of the Commentator's,-9.825602,25.415699
0,0,2.664932935658726e-06,iam,9101,"got all these lovely things "" - she waved a",-13.752181,8.058172
0,0,0.44826892018318176,iam,7669,selfish and think only of one's personal advantage to,-1.5275172,-15.26255
1,1,1.0,emuru,10071,corner talking animatedly to Simone .,10.37885,18.415075
1,1,0.999314546585083,emuru,9995,His curious headgear fell off . Strange things,-8.096432,-11.308992
1,1,0.9999964237213135,emuru,9998,"on , his leaping mind flashed pictures of chi-",-2.1190774,1.162409
0,0,3.6048138696287424e-08,iam,9184,we were all invaded by a most tranquil,-22.957958,5.2881517
1,1,0.9999961853027344,emuru,9679,"corner of the pier by inches , and",43.93389,-37.270844
1,1,0.9999995231628418,emuru,7781,a Bible translation - the Authorized Version,-3.7346559,-18.195215
0,0,1.1579127203731332e-05,iam,9977,was never long on patience .,-1.4419417,30.838373
1,1,0.9999608993530273,emuru,8152,"Herring fishermen call this "" the outset "" . It",4.1729145,-14.35281
0,0,1.2888511946584913e-06,iam,9956,"four or five mile valley , sandy-floored . It",-15.120763,17.318409
0,0,6.21071762907377e-08,iam,10241,"joking , Nigel . "" "" You shouldn't joke",-4.1469607,16.521624
0,0,0.00019659142708405852,iam,10355,"can you ? ' ' Forgive is an unctuous ,",-23.278765,-5.218898
0,0,7.871512330837049e-10,iam,9243,depth in this particular instance . Fingered,-15.869252,3.7435403
1,1,1.0,emuru,9408,"Motion there was , but motion without event - except",20.141445,9.571267
1,1,0.9997504353523254,emuru,9560,"and his pals down . """,37.630924,-31.197197
0,0,3.1668292876929627e-07,iam,8910,and a series of excellent Honorary Secretaries . Our,-16.375486,7.698553
1,1,0.9998188614845276,emuru,8800,"George won many prizes , and though some people",5.4309416,0.42207652
0,0,2.0839514036197215e-05,iam,7563,reference .,-0.24141358,26.419868
1,1,1.0,emuru,9079,penetrate beyond the minds of astronomers was of general,26.574673,-20.867582
0,0,0.0013425402576103806,iam,8090,great fisheries that depend on them :,-6.3590913,2.3006806
1,1,0.9999994039535522,emuru,10090,"Simone on to the floor . "" It doesn't mean",2.7919204,13.3193865
0,0,1.5030160511741997e-06,iam,9785,He held out his hand and John could not do,-10.954672,25.885965
0,0,3.680405702422007e-10,iam,8629,"battle was no substitute for a sound policy ,",-26.153221,-6.321739
1,1,1.0,emuru,8216,"a dark moustache , and wearing a frockcoat",20.574917,-14.9155855
1,1,0.9999988079071045,emuru,9525,For the time being Beryl was content to let,12.771944,-19.169434
1,1,1.0,emuru,8335,"many centuries ago , in some cave or hilly",24.94958,-23.03337
1,1,0.9999972581863403,emuru,9417,which must necessarily be subordinated to his,-4.397451,-1.9707665
0,0,0.00013848657545167953,iam,7591,"cannot think of an author , Mark for example ,",-8.455858,3.393828
1,1,0.9998375177383423,emuru,7592,sheet glued on might have to be gummed on,-2.973796,-8.720689
1,1,0.9999996423721313,emuru,8373,himself go ; and it was from his simpler,14.215802,10.776333
0,0,0.00036523258313536644,iam,10006,was Mr. Copthorne all right . Perhaps he had,-6.3355393,7.32849
0,0,0.00017117038078140467,iam,7643,"language . The Shamir is the "" seventh "" and",-22.367994,11.61544
0,0,9.331876208307222e-05,iam,9896,suitable for such occasions .,-28.733572,6.497424
1,1,1.0,emuru,10134,to get out her compact and saw Grace's,15.37949,5.014091
1,1,0.9998555183410645,emuru,7830,later chapter there are some situations,10.645446,-11.757014
0,0,1.133563046096242e-06,iam,8286,He sent word straight away to near-by Merstham,5.0290008,22.344223
0,0,0.001190750626847148,iam,7953,aimlessly along is more wearying than any-,-1.1644946,5.0120506
1,1,0.999903678894043,emuru,7991,notice in the entrance saying which,-4.2837434,-2.9056358
0,0,0.00318091525696218,iam,9203,Dinas Motor Omnibus Co. to ask what had happened to their,-6.730689,20.022243
0,0,5.314143436407903e-07,iam,7973,knowing exactly what the subject,-22.874876,-8.035894
0,0,1.2213158697704785e-05,iam,10183,She couldn't remember what they had been talking about or,-10.394686,-1.8173264
1,1,0.9999986886978149,emuru,10318,"where was happiness , or",31.632998,-12.8225
1,1,0.9999172687530518,emuru,8440,known any way of cooking meat,0.43562403,-7.98139
0,0,3.4022693853330566e-06,iam,8895,to put beautiful things into a beautiful church,-17.055286,30.892302
0,0,0.0003247319837100804,iam,9235,"But even his imagination , luckily for him ,",-5.206584,-0.75747997
0,0,0.0001606879523023963,iam,8986,"take charge , as it were , of the minds of the",-20.349785,-3.6031306
0,0,5.9397883887868375e-05,iam,9664,""" That boy ! That damned fool boy ! What does he mean",-14.440912,27.33417
1,1,0.9998480081558228,emuru,10152,her .,4.683302,6.0769286
0,0,3.827268812983675e-08,iam,10125,yourself away on a chap like that . You 're a,-11.309819,30.072805
0,0,2.669320565473754e-06,iam,7837,In Gethsemane He prayed that the cup,-27.884398,21.406303
1,1,0.9999837875366211,emuru,9993,a man was drowning and towards his last,8.328306,-5.5928664
1,1,0.9999991655349731,emuru,8238,hazardous business .,20.758757,7.1811585
1,1,0.9999988079071045,emuru,8336,hold forth from a spear the welcome gobbet of,10.919134,-19.246946
1,1,1.0,emuru,8507,melody . The paprika and caraway perfume,25.28616,1.1468832
0,0,0.002141518285498023,iam,9137,"these young ones , on parade for jobs which they",-7.8573465,-5.2032237
0,0,1.6175278894081657e-09,iam,8779,less because their pulse is nothing other,-23.859343,13.723694
1,1,1.0,emuru,8501,celebrate the victory against the Turks in 1683 . Spanish,24.216322,-10.729553
1,1,0.9999973773956299,emuru,9526,opportunity presented itself . He must,12.89322,-12.028962
0,0,3.366336898125155e-07,iam,7793,first public acts was a hard-hitting battle with,-9.022279,24.21713
1,1,0.9999998807907104,emuru,7776,( which was never actually authorized ! ) .,8.3539095,14.16897
1,1,0.9997362494468689,emuru,8017,reading of the Book of Esther is quoted,2.8155305,-1.8890879
1,1,1.0,emuru,9545,"like an ineffective imbecile . """,29.670967,-7.5957055
1,1,1.0,emuru,8879,"chilliness of the new church , beautiful as it was and is .",26.111502,-7.8493404
1,1,0.9999985694885254,emuru,8099,a deep-water channel to the Dogger where,34.444004,-14.7707815
1,1,0.9999996423721313,emuru,9958,We turned north into it and after about four,31.428864,-5.602119
1,1,0.9999986886978149,emuru,8582,without going through the formality of having his turbot,34.241173,-20.480366
0,0,3.907264272129396e-06,iam,8368,unlimited in its variety and its presen-,-23.90086,19.518694
1,1,0.9999998807907104,emuru,7552,the opinion that in the original of the Fourth Gospel,20.764576,-7.2564206
1,1,1.0,emuru,8506,"Quixotic and withal it has a sombre ardour , with",21.737976,-4.477772
0,0,7.191997428890318e-05,iam,8163,"sand ; or even in the case of flat fish , by vibrations",-24.41868,11.690837
0,0,0.00016091394354589283,iam,10251,"me up for tea , of course . I just thought . "" "" I 'll see , """,-32.144455,17.634663
0,0,2.9249549697851762e-05,iam,7979,week being the same with a pupil,-17.736837,-6.065139
1,1,0.8750725388526917,emuru,8581,turned it over on the table cloth to,43.525505,-40.25361
0,0,0.00012317112123128027,iam,9119,and counteract the obsession with economics,-27.73524,21.736603
0,0,9.194767335429788e-05,iam,8246,"by it will be so heartily sick , what with the",-18.239794,26.880648
1,1,0.9999873638153076,emuru,8989,Thetans discover our mental independence,9.71439,-6.1904507
0,0,1.3913437157953013e-07,iam,9588,on Guy's part that we missed seeing the,-23.043896,4.5169477
1,1,0.9999998807907104,emuru,8614,considerable skill at the siege of Limoges .,-2.049139,-20.25432
1,1,0.9999908208847046,emuru,7506,to make the strongest criticisms . He said,6.1033354,-12.104325
0,0,1.596189349584165e-07,iam,8548,about Bouillabaisse and sang - This Bouillabaisse a,-19.881203,20.966227
1,1,1.0,emuru,8310,remained a mystery until later the following day .,15.635607,-12.114232
1,1,0.9999995231628418,emuru,9549,""" And I 'm heartily sick of being constantly called",9.5283165,-11.657639
0,0,1.6209147361223586e-05,iam,8136,longshore fishings . The surface,-17.181313,0.5830512
0,0,1.4785045095777605e-05,iam,9901,He rode down to where I was waiting . I was,-8.510642,21.121153
0,0,1.181210684819689e-08,iam,8319,rican would not say ; nothing an,-28.837275,30.059963
0,0,8.734857033232402e-07,iam,8166,aware of the moving footrope before,-17.51657,0.6630309
1,1,0.9999994039535522,emuru,10208,replied readily . So how could Nigel have,39.52612,-31.488976
0,0,0.0015088696964085102,iam,7760,Book was issued in 1604 but the Puritans,-6.1224036,8.00676
1,1,0.9999996423721313,emuru,10037,Gavin and the girl who had got,38.01396,-24.210722
0,0,4.97707651447854e-06,iam,8397,that amazing epoch of grossness and,-15.524967,30.561539
0,0,1.40994993458321e-10,iam,7558,columns . This is the invariable practice of ancient,-30.53769,1.0525453
1,1,1.0,emuru,7774,This indicated how ephemeral in the Church had,22.646652,4.6735168
0,0,7.202182314358652e-05,iam,8170,The evidence suggest that the fish are,-15.823184,2.4449856
1,1,0.9999969005584717,emuru,10205,"I 've got to see 'em . If I am free , though ,",38.60375,-37.288383
1,1,0.9999988079071045,emuru,8983,caped Thetan subjugation . This time . But we no,17.028965,-18.756758
1,1,1.0,emuru,7836,"finally defeat us . More than that , that God",21.828016,3.890963
1,1,0.9999995231628418,emuru,9535,"conversation that evening , for when",-3.278173,-20.926071
0,0,1.730901567498222e-05,iam,9338,enjoyed himself so much since reading Treasure,0.492532,23.578783
0,0,1.3300552382133901e-05,iam,8411,"Does one , however , know who first thought",-16.118217,30.090513
0,0,1.0807051694428083e-05,iam,10261,with some bitterness .,-13.046583,22.146383
1,1,1.0,emuru,7619,a man is the Shamir that guards him-,11.376337,-19.648745
1,1,0.99998939037323,emuru,7652,serve Him with all your heart and with all,34.36996,-27.957878
0,0,2.7261629398367404e-08,iam,9769,Seaweed sensed his embarrassment and,-23.838984,4.0693083
0,0,8.389423555854592e-08,iam,8572,A fascinating study also opens up in the dietary,-21.213787,-3.6278236
1,1,0.9999995231628418,emuru,8922,"currence , while ' General Adam was at Corfu the whole",12.083287,-23.98667
1,1,0.9999531507492065,emuru,9561,"look as though it was only what you expected of me ,",40.839176,-42.40386
0,0,1.6225459376073559e-06,iam,9841,"contact , is our Robbie ; he gives us the gen and",-22.269924,12.449144
1,1,0.9999996423721313,emuru,8293,occurred before her death was ensured by some,4.65039,-13.793119
1,1,0.9999957084655762,emuru,9329,""" Intended for Plas Newydd , this lot is . Paid for ,",11.373934,0.66873974
1,1,0.9999983310699463,emuru,8630,obvious morals for those who are judges long,11.659839,-4.0425596
1,1,0.9999804496765137,emuru,8959,apartment he garaged his car and then stood,38.086708,-32.51119
0,0,1.1276006262050942e-06,iam,8204,"which to proceed , and the inquest was",-27.510849,9.973147
1,1,1.0,emuru,10097,ging a smile .,22.599882,-24.314463
1,1,0.9999995231628418,emuru,7690,"up these my words in your heart and in your soul . "" The text",7.4796653,-15.935487
1,1,0.9999774694442749,emuru,9414,than a couple of telephone calls he was,30.30925,-27.346594
1,1,0.9999998807907104,emuru,7838,"lives and that the nearer we get to Him ,",17.28382,-15.618964
1,1,0.9999971389770508,emuru,9773,was . I 'm Ian Bawley . Does that mean anything,16.250542,-27.985285
0,0,0.009039510041475296,iam,9983,""" Oh , "" said the unseen guard . He blew a",2.1317472,30.508993
1,1,1.0,emuru,8999,they will promptly give us their hypnotic,24.497162,-3.8487132
1,1,0.9974340796470642,emuru,8162,through or along the bottom . ) But given such a bow,9.460313,-18.3842
0,0,3.838667180389166e-05,iam,7967,hardly like to add further to the dullness,-16.853558,-1.803026
0,0,0.0004372896219138056,iam,9972,We didn't approach unchallenged . Just short,4.4831862,26.08052
1,1,0.9999997615814209,emuru,9576,I 'll give you credit for that . But you didn't press,33.636105,-13.86046
1,1,0.9999963045120239,emuru,8930,her practically all his money caused it to,39.127357,-33.62188
0,0,3.2751913181527925e-08,iam,9656,against them with the lift of the next wave .,-19.95074,0.3849926
1,1,1.0,emuru,10132,was behaving since they had seen them,26.415777,11.664199
1,1,0.9999734163284302,emuru,9628,made her send a complacent glance,8.43262,-3.6082456
0,0,5.743232759414241e-05,iam,7899,"of the mind is no longer feared or shunned ,",-4.3579698,5.021869
1,1,0.9999996423721313,emuru,8042,the longer sugya which deals with all,17.844263,10.622297
0,0,8.70430376380682e-05,iam,7656,"summons of destiny , to solve the economic",-33.126465,16.1746
1,1,0.9996225833892822,emuru,7546,paragraphos markings were omitted . C. H. Roberts is of,1.776341,15.634345
1,1,0.9998993873596191,emuru,8656,ceptions of governmental duties must be,5.0569706,-11.498865
1,1,0.9784442782402039,emuru,9656,against them with the lift of the next wave .,41.964993,-39.828415
0,0,4.178096332907444e-06,iam,8496,than is customarily imagined as well as entering human,-9.193158,34.529396
0,0,2.1899459170526825e-05,iam,7911,"the village , it was not difficult for anybody",-34.417545,5.666743
0,0,3.760272306863044e-07,iam,7630,"crushing our soul "" ( see Hab. 2 , 10-11 ) . And it is",-20.989622,2.8582685
1,1,1.0,emuru,8075,has even stepped into the field of high fashion .,17.25592,-13.961023
1,1,1.0,emuru,8936,Captain Byron that he had been left,33.344517,-7.570321
0,0,8.27360272523947e-05,iam,9335,"list , pushed his glasses up on his nose , and",-10.037245,32.56738
0,0,0.00035782039049081504,iam,7659,"Jochai ( Tanis 6a ) "" if Israel does not fulfil",-3.5574996,-10.016101
1,1,0.9999979734420776,emuru,9423,It was a novel experience . Alastair was,24.805603,11.704577
1,1,0.9685816764831543,emuru,9198,""" Good-bye , Morfydd . "" He sought to enfold her in his arms . But he was too late .",42.47132,-41.102093
1,1,1.0,emuru,7964,ago to hear of a school who tried a six-,17.436583,-3.9512362
0,0,6.522193143609911e-05,iam,8141,"often start off the "" local "" herring ;",-1.8920636,6.0203743
1,1,0.9999934434890747,emuru,10218,"Young Gubbins shrugged . "" I didn't see his",30.412209,-27.509716
1,1,0.9999896287918091,emuru,8596,but all the Chelsea philosopher did in return was to,38.237576,-31.375977
0,0,0.00011049500608351082,iam,9484,Tartaro at a few minutes past ten on the,-20.041021,-6.9819984
1,1,1.0,emuru,9951,""" The mine-workings lie north of the town , """,24.760815,-1.2023807
0,0,0.0010566768469288945,iam,9907,"in , Johnny . "" "" I know . But if lead starts",-7.981051,27.561432
0,0,1.054157337421202e-06,iam,8169,Let us consider first what would,-15.141376,1.5881305
0,0,0.00011759781773434952,iam,9195,"a promontory , a mass of clean rock crowned with",-13.35802,26.733517
0,0,6.926119385752827e-05,iam,7997,"I would not want to either , but if she wants to get through",-24.910973,11.627869
1,1,0.9999978542327881,emuru,7526,present state of the Gospel is the result of an accident-prone history . The,19.366842,-16.597446
1,1,0.9999992847442627,emuru,9280,"Llangrwl , and his dear Morfydd quietly",5.733259,1.9367065
1,1,1.0,emuru,9439,"capped summit of Mont Blanc , seven miles",30.959187,-13.297043
0,0,3.2669569918652996e-05,iam,9487,movements of the Bentley . It had passed,-13.403037,0.30173618
0,0,6.699934601783752e-05,iam,8010,of that passage makes it clear that these are,-2.4529588,28.815914
0,0,3.0442011134113045e-09,iam,7739,that is hurled against us . The Salt-water,-24.81065,25.690022
0,0,1.0876015039684717e-05,iam,8893,a rule that all gifts should be submitted for approval to,-27.202112,6.1430726
0,0,2.015884547290625e-06,iam,8345,"evening meal . Later came the thrifty peasant ,",-24.951345,-9.61554
0,0,0.0008450416498817503,iam,10099,"lifeline and Gay got up quickly , mana-",-1.1260611,-5.264268
0,0,2.5572796857886715e-06,iam,10231,looked distinguished when he frowned ; boyishly,-21.250763,12.35749
0,0,9.507632967142854e-06,iam,9350,Flor were listening .,-25.965788,5.9876814
1,1,1.0,emuru,10113,"weakly , "" you don't know Gavin . "" "" I 've only met him",23.218699,-21.538979
1,1,0.998561680316925,emuru,8297,which might relate .,1.544694,-14.078782
1,1,1.0,emuru,10248,"he told her , and suddenly seized her in an embrace",25.360731,-7.27126
0,0,4.067302938892681e-09,iam,8641,the story of the prelude to the,-31.82676,3.300413
1,1,0.9999966621398926,emuru,9070,"was a Static Mib , the middle-income-bracket equivalent",12.960956,-13.816259
1,1,0.9999563694000244,emuru,10283,he put back his professional,36.010773,-33.8032
0,0,0.0002273886784678325,iam,9571,"mounting exasperation . "" Very well ! "" He",-23.506388,-4.6283937
0,0,0.0003611244901549071,iam,7894,They drag themselves around and can become,-9.798157,17.24926
1,1,0.9997374415397644,emuru,10359,"patronizing word , ' she replied . ' I despise",5.5877256,12.171599
1,1,0.9999988079071045,emuru,7733,Derush ; ( 4 ) Leaning-back represents Saud .,26.170553,-2.8777084
0,0,3.13489145753465e-09,iam,7804,table which was handy for the most improbable uses .,-27.709925,28.992102
0,0,5.0807237528260885e-08,iam,8514,specifically national . The art and,-17.429459,28.55794
1,1,0.9975426197052002,emuru,8862,"with a book on the life of Marx ,",43.833775,-39.445396
0,0,1.77931980260837e-07,iam,7879,veritable surge of energy . Many a girl who,-34.367897,5.5401483
1,1,0.9999804496765137,emuru,8433,"and he knew how to do it , too : - When the",5.6622543,4.0752788
0,0,1.2374800917314133e-06,iam,9405,had no place here .,-20.446758,8.730026
0,0,0.00034163554664701223,iam,7941,Can we then frame some ' rules ' which may enable us to live life,-18.05835,-10.574875
0,0,2.668193019417231e-06,iam,8104,"they migrate easterly to the Norwegian side , or westerly , until",-10.5085945,-9.359421
0,0,6.181889666834195e-09,iam,7533,"he has not , until now , been able to exhibit exactly",-23.443624,22.84181
1,1,0.9999927282333374,emuru,9709,Buck would be wetter if he,29.64925,-31.897419
1,1,1.0,emuru,8623,the longbows of yeomen could pierce the,19.4958,-17.686323
0,0,7.86321852075389e-09,iam,9452,scanner could be adjusted to cover any,-21.849283,0.086128026
0,0,0.00034937262535095215,iam,8363,It is a far enough cry from the primitive,-16.429327,29.788069
1,1,0.9999997615814209,emuru,7905,made this century is the way in which illness,-2.6912255,-0.10934246
0,0,0.00010715852113207802,iam,10328,"up from that first ideal , and how",-2.8278837,19.154709
0,0,8.035454470700643e-07,iam,7748,without which Society cannot make progress . And we drink,-23.165628,17.36735
1,1,0.9999973773956299,emuru,8248,"of a railway will be worse than Ipecacuanha , """,9.048822,-3.500298
0,0,0.00024544389452785254,iam,10162,"she felt happier . Gay loved them for their warm sympathy ,",-8.618539,37.315266
0,0,0.004921800922602415,iam,9475,"on the bridge over the Po , barely forty miles to port .",-21.869013,-5.1071854
0,0,8.332633569807513e-07,iam,9113,"by training , and suspected that the points he made",-13.118846,24.586933
1,1,0.9999998807907104,emuru,9061,"had contacts in political circles , a school-",24.719728,-8.857102
1,1,1.0,emuru,10323,"given her . ' I 'm sorry , darling . '",23.080027,-17.43046
1,1,1.0,emuru,8747,London was again in turmoil ; but this time,-0.9489826,-19.25545
0,0,2.4427172320429236e-05,iam,8067,The Gemara continues with a saying of the,-6.0904255,23.978016
1,1,0.9999998807907104,emuru,9308,he suggested hopefully .,4.0367975,2.8770754
0,0,1.4624275763708283e-06,iam,8201,man had been seen fleeing from Vauxhall station on,-4.9600515,20.385056
0,0,2.036317958697964e-08,iam,9000,move about pretty freely without,-33.228794,25.830505
1,1,0.9999997615814209,emuru,10009,"in London . Very strange his eyes looked . Mad ,",40.793556,-29.797523
0,0,6.880643195472658e-05,iam,9434,""" Good luck , Air Marshal , "" she said gently . "" I 'll",-18.613213,-9.596557
1,1,1.0,emuru,8901,"I found myself deeply involved . At first , the main work was to help",1.171448,-16.98731
1,1,0.9999985694885254,emuru,10120,who doesn't care two jots for your feelings .,29.968586,-33.047707
1,1,1.0,emuru,9618,""" For all your good opinion of yourself ,",30.193638,-19.994204
1,1,1.0,emuru,7528,"original was written on a roll , or codex , which fell into disorder or was",25.155993,-13.045226
0,0,2.53188915166902e-07,iam,9889,usual and in fact had applied all the usual specifics,-22.635223,22.744759
0,0,0.002933230483904481,iam,10175,"Sometimes they talked on the theme of "" when we get married "" ,",-20.872559,15.524977
0,0,4.293540769140236e-05,iam,9686,shoot the craft in under the outer,-13.418551,32.889362
0,0,4.243225504296788e-08,iam,9014,foot to Dan's house . Dan came,0.5958845,25.259886
0,0,4.787304078490706e-06,iam,8778,"At one and the same time , therefore , occur the beat",-10.977466,28.849575
1,1,0.9998169541358948,emuru,10338,"' Good heavens , darling , why on earth",8.794951,14.308714
0,0,2.8226265769148995e-08,iam,10250,receive a sharp slap for his pains .,-19.871216,30.46307
1,1,0.9993516802787781,emuru,8169,Let us consider first what would,-5.5291038,7.1728196
1,1,1.0,emuru,10335,no matter how one might want to,20.348892,13.875909
1,1,0.9999412298202515,emuru,9183,"any rate they remained with us , perhaps",17.514313,-18.474787
0,0,9.15482723939931e-06,iam,9793,"drop the rank - such a mouthful ! "" "" You 're",-16.823307,32.749493
1,1,0.9999456405639648,emuru,8460,ethereal enjoyment to the grosser pleasures of the,4.593419,-7.627038
0,0,1.247428649264748e-08,iam,10031,"taxi , and then found that in",-28.56115,30.015306
0,0,2.0388330085552298e-05,iam,9840,"said John , "" but you can pay for my drinks",-21.788927,-6.9474816
1,1,1.0,emuru,9505,""" I caught him just as he was going to the",24.603943,-3.3591127
1,1,0.9992689490318298,emuru,8636,without a large-scale and concentrated invasion .,13.785963,-14.921215
1,1,1.0,emuru,8524,typically French .,26.45598,-4.613086
1,1,0.9999994039535522,emuru,7692,your heart and with all your soul and with all your might,41.650562,-32.33083
1,1,0.9999531507492065,emuru,7993,the washing on a Monday .,42.59345,-38.200104
0,0,1.7384037676038133e-07,iam,8589,"sole , a baked leg of mutton with oyster & veal stuffing and a",-23.763647,-0.49845704
0,0,0.0001425008667865768,iam,10272,badly - at any price . I hope,-10.372091,0.52080524
1,1,0.9999943971633911,emuru,7755,brought out from under the burdens of Egypt ?,-2.630958,-17.190752
1,1,0.99988853931427,emuru,9132,deeper layers in the human psyche which are,-2.7284608,-8.179614
1,1,1.0,emuru,8183,"field of disturbance , or bow wave . This suggests",30.097458,-13.666133
1,1,0.9999984502792358,emuru,7560,"original of the Gospel , whether written on a roll or codex ,",13.929243,-12.390921
0,0,0.0009014189126901329,iam,9449,turned the scale slowly to cover the,-5.767509,-2.7905648
1,1,0.9999995231628418,emuru,10366,"His digressions too , seemed to have no other",16.157555,-17.273445
0,0,5.933668217039667e-05,iam,9380,think and plan and know . Those who know,-6.6009626,30.139257
0,0,0.0018149007810279727,iam,9721,few moments later the yawl was upside,-5.4499507,2.2722137
1,1,0.9999785423278809,emuru,9041,the Avenue from its many tributary streets . It might have,34.428364,-28.308502
0,0,6.167159881442785e-05,iam,7761,the throne . He was quite prepared to be,-11.951134,21.782331
0,0,0.0003106771328020841,iam,8842,"Conrad Noel , the eloquent leader of",-15.685586,1.6538322
0,0,5.828503708471544e-05,iam,8102,spawning herring are always found .,-17.715736,-11.073287
1,1,0.9998049139976501,emuru,7778,himself immortal by becoming associated with,5.355345,14.3457985
1,1,1.0,emuru,9230,"the title of "" First Woman to Enter Space . """,23.48346,11.502908
1,1,1.0,emuru,9457,the tiny white figure of 8.5 against which the needle,25.479807,-21.230312
0,0,1.2677053851106734e-09,iam,8614,considerable skill at the siege of Limoges .,-32.37412,0.4639067
0,0,2.7900014174520038e-05,iam,9427,be waiting for you at the Hotel Roma at six this,-14.230318,-3.4809206
1,1,0.9988603591918945,emuru,10182,Little Phelpham .,3.5546565,-17.464321
0,0,0.0002666657092049718,iam,9242,"But nonplussed , the conductor was . A",-7.2527204,26.524782
0,0,0.0004268270859029144,iam,8873,"co-operated , we made the little side chapel a place",-13.297326,18.952833
1,1,0.933174192905426,emuru,10123,"fine girl , intelligent , and pretty , and I had",42.75858,-41.300953
1,1,1.0,emuru,8077,"the potentialities of the craft , and crochet was",27.453365,-11.530589
0,0,2.1274253469982796e-09,iam,9804,he was on the verge of a new chapter in,-22.711193,31.77792
1,1,1.0,emuru,9897,his surviving submarines a good deal harder than,24.265896,-2.1793203
1,1,0.9998462200164795,emuru,10034,off the plane with him were talking .,-1.4075714,0.9598295
0,0,6.256908363866387e-06,iam,8274,"24 , 1905 , a Sunday , Sub-Inspector Peacock , of",-21.692354,-10.929816
0,0,8.877042989574591e-10,iam,8922,"currence , while ' General Adam was at Corfu the whole",-23.496084,1.427248
1,1,0.9999998807907104,emuru,7556,about one third of a page of Souter's print .,26.779776,2.3638625
1,1,1.0,emuru,10200,"he shrugged diffidently , "" I like the work . One gets plenty",14.184051,-26.626078
0,0,1.8288588421455643e-09,iam,9162,can you . Look over there . ' He pointed to the,-28.851406,6.8934827
0,0,1.3736447726842016e-05,iam,7990,it added immensely to the interest,-12.608694,0.21279815
1,1,0.998737633228302,emuru,9857,give me a ring at this number and I 'll,2.2536066,-15.399834
1,1,0.9999992847442627,emuru,9279,""" Afternoon , Mr. Roberts , "" he called , polite ,",25.119942,9.612572
0,0,1.1883017577929422e-05,iam,7954,he was a little more systematic . To drift,-5.179238,6.9206257
1,1,1.0,emuru,8453,By delicate application of odours and richly-distilled,9.387284,5.7965894
0,0,0.00011414163600420579,iam,8372,"tongues ; unreasonable surfeit , too , in the",-15.7349205,28.243141
1,1,0.9999772310256958,emuru,8382,"out of Italy into France , we are told ,",14.879271,-4.0749507
0,0,1.994031606500357e-08,iam,9161,shadows beyond the river . ' Something moved . ',-20.401522,27.551441
0,0,0.0012664649402722716,iam,10357,miraculous recovery and Sandra would,-1.6056597,17.97791
1,1,1.0,emuru,9106,"say a word about it , Lester wants his",25.530405,-24.129337
1,1,0.9999988079071045,emuru,9623,"man was , she thought impatiently ,",27.880096,-15.450609
0,0,2.9591143757556893e-08,iam,8251,proposed to build the Box Tunnel .,-23.017393,9.139402
1,1,0.9993869066238403,emuru,9487,movements of the Bentley . It had passed,14.412945,5.9716463
1,1,1.0,emuru,10014,"the fourteenth century . """,36.117535,-26.314716
1,1,0.9999990463256836,emuru,9486,previous night . He worked out the distance,38.545074,-29.792208
0,0,1.8522386824315618e-07,iam,8649,"war , there was a constant stirring of",-16.916391,26.053604
0,0,8.588617106397578e-07,iam,7540,Gospel represents the work of generations of,-29.276997,6.003418
0,0,1.5757287030737643e-07,iam,9431,sounded so charming and appeared to be so,-18.076323,1.7360098
1,1,1.0,emuru,9648,rocks in an' out o' de water .,24.568266,-10.606912
0,0,2.2552368861283867e-08,iam,9433,efficient .,-25.986853,-7.3448286
0,0,1.8552525943960063e-05,iam,8906,in the winter of 1914 and 1915 the matter of War Pensions,-22.52057,14.982107
1,1,0.9999995231628418,emuru,8243,them was one of the most dangerous jobs con-,15.764732,-23.58568
1,1,0.9999997615814209,emuru,10330,He looked nervous . It had been,37.27377,-21.630486
0,0,9.601315575924474e-11,iam,8610,on land . Gaunt was compelled to give up his search for,-31.27321,-0.7252868
1,1,0.9999998807907104,emuru,8987,people - who are probably falling all over them-,39.04087,-32.56682
1,1,1.0,emuru,9245,""" Where are we going ? "" he echoed Cadwallader .",23.659082,0.9923527
0,0,7.8179762663666e-10,iam,10267,hospital .,-14.407637,1.7666526
0,0,7.5573088906821795e-06,iam,8280,the Feathers Hotel to await identification .,-31.102697,15.0250845
0,0,6.118804094512598e-07,iam,7557,manuscripts . A common size of column would hold,-18.322004,24.252436
1,1,0.9999995231628418,emuru,9175,would be inopportune ; and with the idea came,41.47849,-32.997387
1,1,0.9999918937683105,emuru,8221,"description , but the man was not traced .",31.56377,-25.274004
1,1,1.0,emuru,7516,"has rung a couple of times , calls from",26.527733,-0.8520856
0,0,3.377959103545436e-07,iam,7925,"in one place , their lives were of one",-20.311598,-2.0254755
1,1,0.9999998807907104,emuru,7800,"by Calvinists and Puritans , and the sentiment was",23.789326,-16.89708
1,1,0.9980416297912598,emuru,7897,and is in fact no differently regarded than,-2.5756578,-0.2828517
0,0,1.5293024262064137e-05,iam,8030,known comment on the verse ; quoted by,-7.5195193,31.761229
0,0,9.038261850946583e-06,iam,8838,"the Church Socialist League , genuinely advocated",-22.06752,-4.4580407
0,0,0.00025381252635270357,iam,9692,"reached the pier , the judge on legs",-19.616276,-4.614667
1,1,0.9999980926513672,emuru,8769,ventricular content .,7.520421,6.388324
0,0,0.002762822899967432,iam,7810,but to a child they are very real . Not that I am suggesting,8.821628,-18.1362
1,1,1.0,emuru,9452,scanner could be adjusted to cover any,11.0203085,-9.458698
1,1,1.0,emuru,9327,"Stared back did Price the Provisions , unwinking .",15.413135,-8.170127
1,1,0.999974250793457,emuru,9723,"down , exposing its shallow keel .",39.12347,-23.784277
0,0,3.209503347534337e-06,iam,7771,minor except for the new section on the Sacraments,-21.810497,-8.422561
1,1,1.0,emuru,7996,"- you must , for example , do your shopping on the morning of",8.5937605,-9.498798
1,1,0.9999979734420776,emuru,10187,"word shouted into her very soul a horn of warning , and",39.155987,-36.657433
1,1,0.9999998807907104,emuru,9864,lying in pairs alongside the jetty at Fort Blockhouse .,14.369723,-20.058823
1,1,0.9999710321426392,emuru,8595,"Wagner was a highly practical feeder . He ate very fast ,",37.51649,-31.532776
0,0,1.2174491530458909e-06,iam,8890,such a beautiful building with suitable fittings ; I made,-28.270138,13.187078
0,0,6.348466740746517e-06,iam,8488,If that country had not been for so long a battlefield red,-20.12542,31.678907
1,1,1.0,emuru,8444,to their aid .,26.200586,-17.826097
1,1,0.9999366998672485,emuru,9812,"bit of a humorist , aren't you ? "" said",40.82518,-39.48602
0,0,0.00010706782632041723,iam,9815,"right ? "" "" Who told you ? "" "" Little bird .",-15.317929,33.285027
0,0,2.98555132758338e-05,iam,8656,ceptions of governmental duties must be,5.4522,25.986595
0,0,0.00047387374797835946,iam,10086,as Gay drew out a chair and sat,-11.236748,24.517338
0,0,6.756383186257153e-08,iam,7914,far greater simplicity than their successors .,-32.815224,24.798607
1,1,1.0,emuru,9574,You made some sort of a protest to Graybury .,34.93078,-12.607728
1,1,1.0,emuru,10319,She went back to Philip . But,35.511414,-13.631607
0,0,0.0007903851801529527,iam,7733,Derush ; ( 4 ) Leaning-back represents Saud .,-11.788786,19.862541
1,1,1.0,emuru,9232,the fact that the green earth was falling,30.273636,-19.939728
0,0,1.5803337873876444e-06,iam,9782,"Commander , "" he said . "" Now what about that",-20.439167,34.92656
0,0,8.885637726052664e-06,iam,8493,Foodlore reflects much more of national temperament,-16.514654,15.755348
0,0,0.001290172222070396,iam,8096,"movements , although primarily",-1.2662603,6.107924
1,1,0.9999970197677612,emuru,7785,just learning to read . James was followed by,15.872962,-27.62205
1,1,1.0,emuru,8465,clarifying the functions of the brain . It,18.862217,-21.45535
1,1,1.0,emuru,9382,are slaves to it . Only an outcast is free . Because,21.10772,5.4133997
1,1,0.9999722242355347,emuru,10364,purpose than the throwing of dust in his,-2.7469625,-2.786899
1,1,1.0,emuru,9348,"When you come here , when you come to the True",23.097471,5.2198353
0,0,3.502533445498557e-07,iam,9811,""" You know a great deal about me , """,-8.692597,36.68268
1,1,0.9998219609260559,emuru,8587,on the table cloth to examine the marks on the back,12.208131,-24.643118
0,0,1.563941805216018e-05,iam,9167,"to other day , my lord . A being of whom",0.823105,22.025179
1,1,0.9999998807907104,emuru,8108,miles farther south before they,18.616652,-6.788473
1,1,0.9999709129333496,emuru,9300,his Eth . Morfydd thought of Dai . The,-4.797733,-17.25773
1,1,0.9999998807907104,emuru,9662,with part of that howling northwest gale .,22.347115,7.538208
0,0,0.00021870678756386042,iam,9498,"To Beryl , at least , this was anti-climax with a",-0.71273494,30.667809
0,0,0.0008477887022309005,iam,9454,"Plain of Lombardy ; to the right , Turin ; to the",-5.9184313,-14.8213825
0,0,0.0002964795858133584,iam,8305,So the body of this small girl with the blue eyes and,-31.481277,7.3164115
1,1,0.9999819993972778,emuru,9353,"Lily-yo said , doubtingly . The Captive with the",19.275173,0.7848753
0,0,5.183366738492623e-06,iam,8175,"for an unknown period of time , until",-14.594674,19.447285
1,1,0.9999922513961792,emuru,8576,been blind to the charms of turbot and,10.787458,8.471521
0,0,8.311505371239036e-05,iam,10276,words . ' I wonder you dared trust,-1.8122593,6.983365
0,0,1.4166483197186608e-05,iam,8014,"R. Joshua b. Levi . ) Finally , we note that",-7.281104,31.518599
0,0,7.4570439210219774e-06,iam,8006,"too , are necessary , but a careful examination",-6.306879,28.33664
0,0,0.004901324864476919,iam,9658,Around that rounded rocky promontory where the,-17.965982,2.9377575
0,0,8.89169950823998e-06,iam,9959,we figured would lead to the miners' camp .,-1.5932875,26.009575
0,0,5.4289168474497274e-05,iam,7998,sit down quietly and make a list of everything she has got to,-10.311407,-9.284266
0,0,6.434100328078785e-07,iam,8445,confine the resources of the table to the gratification,-16.113953,-3.266974
1,1,0.9999792575836182,emuru,9666,"by trying to come home now , even if he did promise ?",15.994218,14.558367
1,1,0.9989047050476074,emuru,9027,gave the impression of having been thought out and,6.414306,-12.905985
1,1,0.9998903274536133,emuru,7799,"with James and Charles , the Puritans argued ,",8.775547,-2.8286655
1,1,1.0,emuru,10138,He 's getting on well but is pretty helpless still with his,19.458878,-21.726835
1,1,0.9999995231628418,emuru,7660,"the wish of the Lord , failing to serve the",21.392496,-1.0289657
0,0,3.644723278739548e-07,iam,9241,his ticket-punch nervously . Peered out of,-14.236306,5.4093676
1,1,0.9999985694885254,emuru,8461,board . The gratification of the sense of smelling,7.0746713,-3.572253
1,1,0.9998212456703186,emuru,9284,"Joy . At last he caught up Mr. Roberts ,",4.573577,9.662638
1,1,1.0,emuru,8937,"made a will in Augusta's favour , she had",33.319626,-12.904048
0,0,1.273862615391863e-08,iam,7511,offering to drop by for a chat .,-34.08294,4.341696
1,1,0.9999990463256836,emuru,8359,admittance into an acquaintanceship far more,9.155904,-10.491597
1,1,0.9999997615814209,emuru,8856,elections . In the Sheffield Trades and Labour,12.407552,-13.290908
0,0,0.013569244183599949,iam,9394,"asked . ' What else ? Flor and Lily-yo , you arrive",-4.9132495,-13.9989395
1,1,0.996277391910553,emuru,7917,that it taxes the mind . Two hundred,0.8123214,1.8026327
0,0,0.01832112856209278,iam,8822,"on West Street , where a successful Sunday",-17.791012,-9.048037
1,1,0.9999959468841553,emuru,10299,when you reach your parents',7.247617,9.863583
0,0,2.6644137562925607e-08,iam,7878,tiredness - such as when your wife mentions,-29.207619,20.407677
0,0,1.3773891396340332e-06,iam,7578,"the roll , a sheet could easily be glued on .",-18.33927,-6.4765487
0,0,4.1163750186257175e-10,iam,8729,"of Canterbury and York were to pay ten marks ,",-28.790129,24.880537
0,0,2.4085994709821534e-07,iam,8837,"subjects , for being well acquainted",-14.591472,-0.58432525
1,1,0.9999985694885254,emuru,8641,the story of the prelude to the,15.764892,11.764115
0,0,6.881509034428746e-05,iam,10235,Nigel often had to think hard to sort,-3.838601,10.519604
1,1,0.9999918937683105,emuru,9194,far from our minds that at any moment we were,10.135252,-4.2328534
0,0,0.002216688357293606,iam,8018,The sugya is built around the saying of,-10.052866,-6.3215837
0,0,0.02294876240193844,iam,8854,work . The British Socialist Party endea-,-13.984132,20.500963
0,0,3.2332940463675186e-05,iam,10243,""" You just gave it back to me . "" "" I",-32.11456,13.315611
0,0,8.075664482021239e-06,iam,9968,shack and as we got near someone inside bawled,4.194732,26.368797
1,1,1.0,emuru,8313,"evening at about seven o'clock , telling her room-mate , Emma",23.569613,-6.785155
1,1,0.9999134540557861,emuru,9750,than her usual cordiality and flashed a warning,-2.7740986,-3.606506
1,1,0.999998927116394,emuru,8281,"Was it a case of suicide , where some unhappy soul",10.407826,-3.226835
0,0,6.053767265257193e-07,iam,9042,"been a normal business-day bustle , except for two anomalies .",-21.434649,6.9953523
1,1,0.9999995231628418,emuru,9947,"into draws , circling a big mesa by a",8.278019,0.9347789
1,1,0.9987642765045166,emuru,8217,for a man who had been seen leaving the train,11.088493,8.953665
0,0,0.00021488670608960092,iam,9067,"furniture in the second year , "" she moaned . She",-14.103269,36.372917
1,1,1.0,emuru,9365,young . You may be able to have babies . Some of those,21.36512,-1.2260618
0,0,0.00024061532167252153,iam,10058,sitting just inside having coffee .,-2.7378485,9.582441
1,1,1.0,emuru,7683,""" And then the Lord's wrath be kindled against you , and he",20.5037,-21.65706
0,0,4.860465196543373e-05,iam,9495,"own veranda , that he had taken the liberty of",-6.3389945,33.29386
1,1,0.9999997615814209,emuru,9605,your knowledge of all the affairs of the,26.123978,-13.260308
0,0,1.5985009667929262e-05,iam,8564,intellectual faculties . Bunyan's break-,-24.244476,35.530983
0,0,1.092535057978239e-06,iam,7510,other chums sniffing the wind and,-33.72978,-0.73814636
0,0,0.0006919143488630652,iam,9107,"That 's how he got the votes , that 's how",-32.215393,15.130046
1,1,0.9999502897262573,emuru,8340,borrowed straight from the prehistoric . How,11.128316,-20.337181
1,1,0.999992847442627,emuru,7476,such as a chair and a motor-car . The idea is to see what happens when,2.0498424,-9.950762
0,0,2.8058024327037856e-05,iam,9340,"' But we - ' ' Stop your stupid talk , woman ! ' ' We are - '",-19.16419,8.282021
0,0,4.586338400258683e-05,iam,8342,Suffice to say that few of us stop to marvel at,-28.772812,-6.6567197
1,1,0.9999450445175171,emuru,10154,rather a sense of relief now that she,-0.8882519,-26.580677
1,1,0.9999998807907104,emuru,7865,than when they went to bed . We may begin,21.905342,-4.2586703
1,1,0.9999982118606567,emuru,8283,had walked deliberately into the blackness and,5.026291,-13.115622
1,1,1.0,emuru,9615,I doubt it . He 's about as easy to push around,27.065287,-22.371513
1,1,0.9999299049377441,emuru,9519,earned gratuity to his native village at the,40.16628,-37.6728
1,1,0.9999997615814209,emuru,10202,"suppose , to meet me for supper somewhere ? "" she had",23.865273,14.614615
0,0,0.012208173982799053,iam,9050,little sorry if we were not back for Christmas,-7.77918,6.484798
0,0,0.0002901841071434319,iam,10135,"feeling self-conscious and awkward , sure that",-3.483359,23.136568
1,1,0.9999576807022095,emuru,7961,the pressure on over-crowded trains .,37.370243,-27.921873
1,1,0.9998379945755005,emuru,8165,"be by actual contact , or by sight reaction to the disturbed",6.3733034,-21.944242
0,0,1.8059321860164346e-07,iam,7701,"bind them to have the vision and then "" And 1ye",-21.755095,-9.891349
1,1,0.9996007084846497,emuru,10093,felt wretched beyond words .,41.626785,-39.1675
0,0,0.0003228413115721196,iam,9929,"Dan ? "" "" Know what ? "" "" That he 's dead , """,-32.047787,17.195364
1,1,1.0,emuru,8261,sounds in a confined space combine to produce a,26.721046,-2.1789527
1,1,0.9990335702896118,emuru,9932,leading to the ridge . I followed . From the,40.90946,-40.060486
0,0,0.0005907689337618649,iam,9639,"And then she received a jolt . Old Hubert , standing",-15.833875,26.75108
0,0,4.9107588893093634e-06,iam,7935,and to do so inevitably builds up tensions which,-18.547436,-6.224487
1,1,1.0,emuru,9555,to say - and all you can do is to find,30.195591,-10.44047
0,0,0.0010801345342770219,iam,7992,into a dull routine . I have great,-7.375056,1.8322479
1,1,0.999997615814209,emuru,9129,"to be diverted , however , with the single exception of one",10.779134,-22.783863
0,0,1.418549072695896e-05,iam,8112,other banks are most of them,-7.5479116,32.92469
0,0,9.292150382478326e-11,iam,8730,the Duke of Lancaster and the Archbishops,-28.870079,25.540403
1,1,0.9999984502792358,emuru,9094,"duties and his wife , in the manner of middle-brow",-1.6235815,-2.0603182
0,0,2.7116527689940995e-08,iam,9616,an attempt to show my lady-love that I,-19.972662,4.9654236
1,1,0.9997679591178894,emuru,7693,"in the first part of the Shmah , we have first "" and",10.786184,-16.007368
1,1,0.9965083003044128,emuru,9282,He had seen no sign of an accident .,41.479122,-42.535027
0,0,2.6475552772353694e-07,iam,8287,thrust in her mouth like a gag .,-12.485474,6.236417
1,1,0.9999998807907104,emuru,9746,man who was staring moodily into a gin,28.630005,-11.286827
0,0,3.000133697028673e-09,iam,8307,"identify her as his sister , Mary Money , aged twenty-two .",-30.767813,1.7935185
1,1,1.0,emuru,7758,"James had grown up in Presbyterian Scotland ,",10.2072735,-8.623071
0,0,6.928845550646656e-07,iam,8316,"Hone , that she was going for a walk , but would not be",-25.285688,20.51077
1,1,0.9999997615814209,emuru,8397,that amazing epoch of grossness and,23.611673,-8.646141
1,1,0.999998927116394,emuru,10327,said instinctively : ' I told him,27.3998,11.186148
1,1,0.9999996423721313,emuru,9170,"' Bottle-Foot , my lord . ' ' Bottle-Foot ? ' His lordship",-4.7531576,-12.797041
1,1,1.0,emuru,8791,"' And while the heart is slowly dying ,",26.858904,-19.796904
1,1,1.0,emuru,10360,the deceit . The lies . ',36.570164,-13.315898
1,1,0.9999366998672485,emuru,8845,"Christianity , common ground could be found .",33.492546,-27.566988
0,0,6.47954365717851e-08,iam,8794,ventricular one slowly and,-15.110981,5.675098
1,1,0.9999986886978149,emuru,7578,"the roll , a sheet could easily be glued on .",10.358229,-12.509027
0,0,1.5872528820182197e-06,iam,10115,"heart out over ? "" Doc nodded towards the door . "" You",-12.840191,6.071246
1,1,0.9999915361404419,emuru,7844,should pass from Him . Jesus shows us,12.770361,-8.074996
0,0,1.0694276170397643e-05,iam,10204,""" Bless you ! I hope Luke is suitably grateful , darling . "" "" Oh , well , """,-1.3435533,10.770732
0,0,0.00031584349926561117,iam,9875,through the open windows of the Captain's house . It,-10.671867,19.95871
1,1,0.999998927116394,emuru,9478,"conference in Bruce Denton's office , been whisked",12.808747,-0.7041206
0,0,5.595035545979954e-08,iam,10056,"can't find a table for two . """,-7.74228,9.181849
0,0,1.4134850061964244e-05,iam,7649,"shall come to pass , if 1ye shall 1hearken",-29.279728,15.623188
1,1,0.9999946355819702,emuru,10001,Mr. Copthorne was on dry land in a church,37.364014,-33.54016
0,0,0.009678550064563751,iam,9055,Then he would go back to Plato for a final spell of,-4.057625,-6.6798606
0,0,1.6027912863592064e-07,iam,8768,or in flagging warmer ones . At the time of its movement,-33.91301,22.78147
1,1,0.999854326248169,emuru,7808,"to face their fears , to see through them and come out on the",12.132082,-19.487165
1,1,0.999998927116394,emuru,9953,"rough country , sliding on shale , climbing down",10.13407,-2.1781695
1,1,1.0,emuru,8184,Then they stop swimming and are caught . In,29.228596,-15.104984
0,0,0.0009012458031065762,iam,8220,"defective , and , despite his claim to infamy ,",-28.330608,15.472649
1,1,1.0,emuru,7581,Against these advantages the codex was fragile and,17.982948,-14.240529
1,1,1.0,emuru,8127,the robin who gets back exactly may be,30.839075,-31.915766
0,0,7.981351473063114e-07,iam,8121,"the drift , it probably has a survival value",-5.6692796,10.615574
0,0,3.5597706300904974e-05,iam,10318,"where was happiness , or",-13.590156,2.7097301
0,0,6.329602797450207e-08,iam,9033,at home . Steve switched on Dan's,-15.151472,26.226068
0,0,2.46122158387152e-06,iam,9647,"3"" He powerful anxious , poor Mistah Piers .",-2.078566,15.082627
0,0,8.481561962980777e-06,iam,7494,"C O believed him . Courtenay played the part with a gawky ,",-7.2810874,22.23262
0,0,3.169605804487219e-07,iam,9206,damn bus .,-8.920838,35.728695
1,1,0.9999978542327881,emuru,9290,"he found was Morfydd's mam , working",24.832054,11.391209
1,1,0.9999997615814209,emuru,7920,"In other ways , too , life for the ordinary",25.027714,-21.422565
0,0,4.766300480696373e-05,iam,8905,' Coulsdon and Purley Patriotic Fund ' in whose counsels and committees,-20.010664,14.617969
1,1,0.9999887943267822,emuru,10336,Her eyes darkened in torment . ' Are,-2.617664,-6.224335
1,1,1.0,emuru,7762,"spoiled that . The Puritans had high hopes , for",26.302551,-18.167826
1,1,1.0,emuru,9440,no permanent image .,14.608773,2.938991
0,0,0.00011599464050959796,iam,10120,who doesn't care two jots for your feelings .,-7.878884,25.278515
0,0,0.00011629443179117516,iam,7969,which it engenders . But I am not arguing,-17.099304,24.386671
1,1,0.9983695149421692,emuru,8174,it reaches them . They move away before,-7.0506268,-5.136504
1,1,0.9999998807907104,emuru,9446,ground immediately ahead .,20.312128,-11.605008
0,0,0.00012684294779319316,iam,9578,thoroughly enjoying Forrest's company in,-7.1923876,1.1346775
1,1,0.9999567270278931,emuru,10294,' I will leave you the necessary pre-,-7.8250184,-10.171714
1,1,0.9999982118606567,emuru,10337,touched him after the cold wind,1.938155,4.247509
0,0,3.581984344691591e-07,iam,8361,programme of entertainment almost,-17.12959,15.998412
0,0,3.264589167883969e-07,iam,9772,"yourself , "" she said with mock severity .",1.1214595,7.060791
1,1,0.9999974966049194,emuru,9488,him at the temporary bridge over the,10.941627,-24.184742
1,1,1.0,emuru,9992,"be open . It was . He entered , and seated himself",20.908525,-9.521317
0,0,0.00015818593965377659,iam,9357,"fleshless jaw said , ' The grub of the tigerfly thinks",-14.585018,14.403375
1,1,0.9999996423721313,emuru,8744,baronage with rarer luxuries than those,18.839796,6.807384
1,1,1.0,emuru,8061,a familiar interpretation which had,23.904068,-12.530914
0,0,2.6782290274418585e-10,iam,8423,"length subside , He throws a bed of glowing",-29.536728,-1.0795125
0,0,2.8326354595265e-09,iam,8158,in the constancy of this great herring fishery .,-26.65105,-3.7758908
1,1,1.0,emuru,9633,"toothless mouth stretched in a wide grin , told her",19.251335,17.11497
1,1,0.9990724325180054,emuru,8205,Day by day the police followed up likely and even unlikely,13.463362,-16.31329
1,1,0.9999996423721313,emuru,7921,work . The only connexion is the,30.4562,-6.0363417
0,0,5.757905228165328e-07,iam,8923,to Douglas Kinnaird saying that it was incorrect,-22.979836,-2.0329628
0,0,5.2870083891320974e-05,iam,8417,"would , because Esau sold his birthright",-13.950728,30.702019
0,0,0.0021537768188863993,iam,7752,people . ( 1 ) I will bring you out from under the,-6.84222,21.888195
0,0,1.4376833945561884e-08,iam,8635,"Brittany was compelled to attack via Calais ,",-25.331535,-7.5681634
0,0,1.0751378454187943e-07,iam,9179,"strange , the unwelcome , the almost",-21.13056,-5.431859
1,1,0.9999998807907104,emuru,9847,disposed towards each other .,17.136095,-7.8627853
